"baseMean","log2FoldChange","lfcSE","stat","pvalue","padj","gene_id","gene_name","gene_type"
31080.6916713096,-3.91447673387269,0.152196447761933,-25.7198955129082,7.00307105477924e-146,1.37018586722283e-141,"ENSG00000105974.13","CAV1","protein_coding"
6022.0926945079,-4.43198105824875,0.174018320987226,-25.4684738543942,4.40755255493004e-143,5.74906463423225e-139,"ENSG00000182010.11","RTKN2","protein_coding"
1848.41479556744,-3.13842850222989,0.128930686538203,-24.3419823976501,7.04923545786063e-131,4.59739387835907e-127,"ENSG00000135604.10","STX11","protein_coding"
144.254141668545,-4.05957815153135,0.168908490000637,-24.0341865084226,1.22171290637702e-127,6.82954967706277e-124,"ENSG00000234281.5","LANCL1-AS1","lncRNA"
1294.90394472572,-4.91486933697022,0.20461412295919,-24.0201862212145,1.71124656353166e-127,8.37034865969467e-124,"ENSG00000150625.16","GPM6A","protein_coding"
83.0191387437304,-4.92273926120996,0.209003953156639,-23.5533308670032,1.16047655902358e-122,5.04562313679464e-119,"ENSG00000102104.9","RS1","protein_coding"
47958.2999201414,-5.65034720964642,0.244726243180194,-23.0884401125956,6.04975002052237e-118,2.36732768053061e-114,"ENSG00000204305.14","AGER","protein_coding"
83.1650250401124,-5.15184039164476,0.226208227061412,-22.7747702131369,8.15672817238759e-115,2.90164481921544e-111,"ENSG00000261863.1","LINC01996","lncRNA"
52.705044436342,-5.55863227628464,0.257371948887629,-21.5976616733457,1.88940290062769e-103,5.28101606460443e-100,"ENSG00000224215.1","AL606469.1","lncRNA"
30082.3985897723,-2.74463381216584,0.127900880523893,-21.459068936223,3.75752708465133e-102,9.1897370218432e-99,"ENSG00000213853.10","EMP2","protein_coding"
14778.5693590549,-3.41232876711372,0.159458160536831,-21.399524211403,1.34978350752045e-101,3.10696343722252e-98,"ENSG00000107742.13","SPOCK2","protein_coding"
7769.67932109531,-3.46289750878655,0.162835672297342,-21.2662094240825,2.33396338201697e-100,5.07390672787255e-97,"ENSG00000022267.19","FHL1","protein_coding"
134.649368414598,-2.77759628785384,0.131280409299364,-21.1577363498309,2.3419922524741e-99,4.58222494157821e-96,"ENSG00000235387.5","SPAAR","protein_coding"
117.851981283661,-4.04096020921638,0.191774306211136,-21.0714369878488,1.45449867243308e-98,2.71028512147518e-95,"ENSG00000102683.8","SGCG","protein_coding"
927.306477943155,-3.91885099739907,0.187904977027737,-20.8554933423642,1.35889636742823e-96,2.41704426153791e-93,"ENSG00000159307.19","SCUBE1","protein_coding"
2189.38448987049,-2.48711353464875,0.119422875122945,-20.8261066574412,2.51059188290231e-96,4.16796472738802e-93,"ENSG00000070778.13","PTPN21","protein_coding"
30.828120680869,-5.20732803321799,0.250048860422275,-20.8252420123971,2.55631477491791e-96,4.16796472738802e-93,"ENSG00000198358.4","AL354714.1","lncRNA"
583.269310438305,-2.93075064253909,0.141288541924875,-20.7430171096069,1.41749702249165e-95,2.21872303948482e-92,"ENSG00000186994.11","KANK3","protein_coding"
90.8412232652526,-3.41799346744948,0.166099111239582,-20.5780358602844,4.31827245653413e-94,6.49916613448603e-91,"ENSG00000197465.14","GYPE","protein_coding"
3914.67479861725,-3.53390565741559,0.171905147593845,-20.5572998067809,6.62169357618162e-94,9.59679597516899e-91,"ENSG00000136160.17","EDNRB","protein_coding"
4367.46405790153,-2.58550773114474,0.126390213255321,-20.4565501121653,5.25259571097725e-93,7.08756285400864e-90,"ENSG00000139567.13","ACVRL1","protein_coding"
21861.3854590602,-2.22156327085175,0.109201411817488,-20.3437229782772,5.27685709253935e-92,6.66092564155346e-89,"ENSG00000261371.6","PECAM1","protein_coding"
13.6583906256561,-5.33797247543877,0.264237995535267,-20.2013812004048,9.51970972528926e-91,1.12883564018271e-87,"ENSG00000248551.1","AC095050.1","lncRNA"
9038.06174315376,-3.94115851838254,0.196587171508748,-20.0478926887006,2.1057768932042e-89,2.35431873165638e-86,"ENSG00000112782.19","CLIC5","protein_coding"
272.765985316809,-3.56188667307179,0.178276102444556,-19.9796081708682,8.28717238725714e-89,9.00792618571553e-86,"ENSG00000238018.2","AC093110.1","lncRNA"
1960.77611642372,-2.55910489950447,0.12839728568022,-19.9311448520653,2.1850616500328e-88,2.31090938993063e-85,"ENSG00000169744.13","LDB2","protein_coding"
163.013129493505,-4.34793961604244,0.218452928521944,-19.9033249197467,3.80809853323348e-88,3.92143957115683e-85,"ENSG00000101280.8","ANGPT4","protein_coding"
123.84993793211,-4.82318543315141,0.243138550674651,-19.8371892065994,1.42189466047497e-87,1.42667076818067e-84,"ENSG00000140600.17","SH3GL3","protein_coding"
463.908896783349,-3.32767583421339,0.168099869498379,-19.7958263985772,3.23404427511738e-87,3.16378466324045e-84,"ENSG00000123119.12","NECAB1","protein_coding"
560.995869394702,-5.71371884276811,0.290938262678647,-19.6389391693012,7.18841235721939e-86,6.25088364334115e-83,"ENSG00000158764.7","ITLN2","protein_coding"
11908.0151911392,-2.48690600199075,0.127010514607492,-19.5803159264112,2.27604517775019e-85,1.9361722576205e-82,"ENSG00000157654.19","PALM2AKAP2","protein_coding"
2560.63849465296,-2.81091059209503,0.143732028843841,-19.5566055437023,3.62415252455459e-85,3.01737686039033e-82,"ENSG00000072163.20","LIMS2","protein_coding"
550.626333041514,-3.0022622890034,0.153771869454962,-19.524132077244,6.84704559167714e-85,5.58191127183163e-82,"ENSG00000111052.7","LIN7A","protein_coding"
208.15944812195,-2.58414242044733,0.133194295324197,-19.401299538824,7.52450670378349e-84,5.45261984862504e-81,"ENSG00000101331.17","CCM2L","protein_coding"
313.318717166256,-3.44584333283466,0.177980544072804,-19.3607866005012,1.6534144579852e-83,1.11854641447506e-80,"ENSG00000263155.6","MYZAP","protein_coding"
15.3851402607525,-5.12164495630513,0.264740302552593,-19.3459209154136,2.20627914559095e-83,1.46328659739185e-80,"ENSG00000237167.1","AC128709.3","lncRNA"
5492.81711858227,-4.48720648038519,0.232124704783987,-19.3310164230944,2.94557533943166e-83,1.92105514345501e-80,"ENSG00000168309.18","FAM107A","protein_coding"
2264.1442082848,-4.46303662672782,0.2317213380335,-19.2603610207127,1.15569977974788e-82,7.29414323892164e-80,"ENSG00000183019.7","MCEMP1","protein_coding"
10106.9831051506,-2.72288240508033,0.141394783458269,-19.2573045375748,1.22596487757329e-82,7.61479867052704e-80,"ENSG00000105971.15","CAV2","protein_coding"
4600.78480778153,-3.34198294737725,0.173868965032802,-19.2212735996142,2.45665486740075e-82,1.47894402486552e-79,"ENSG00000135218.19","CD36","protein_coding"
1231.87322939738,-3.67447972585961,0.192254104255499,-19.1126204566034,1.98258767902885e-81,1.12435707924751e-78,"ENSG00000163815.6","CLEC3B","protein_coding"
1660.05501202037,-3.87788217512121,0.203452589662302,-19.0603726477891,5.38896379570106e-81,3.01250774699397e-78,"ENSG00000114854.8","TNNC1","protein_coding"
1566.63901679937,-4.45681301280689,0.234015124392742,-19.044978500309,7.23157174888371e-81,3.93025880702178e-78,"ENSG00000167588.13","GPD1","protein_coding"
7369.50325411358,-2.79390884506861,0.147402211330735,-18.954321104449,4.0676911234178e-80,2.12230428467282e-77,"ENSG00000102760.13","RGCC","protein_coding"
969.262857243725,-3.67160751121535,0.194979803579782,-18.8307067901676,4.23076363357234e-79,2.06942514681649e-76,"ENSG00000168952.15","STXBP6","protein_coding"
11.5466201636097,-3.88864067785663,0.207092332670996,-18.7773281014437,1.15760597641842e-78,5.45762403171436e-76,"ENSG00000232188.1","AL354714.3","lncRNA"
152.494042749314,-2.60397270599268,0.139153735899021,-18.7129198448706,3.88495551253587e-78,1.7275249336482e-75,"ENSG00000092051.17","JPH4","protein_coding"
137.072170536793,-4.18678444762369,0.223873978027342,-18.7015234397289,4.81103566041429e-78,2.11528804974912e-75,"ENSG00000179133.15","C10orf67","protein_coding"
3217.82382086103,-5.01558080978319,0.269011771015106,-18.6444659683741,1.40045821360619e-77,5.89261616737889e-75,"ENSG00000170323.9","FABP4","protein_coding"
322.525600139365,-4.43056457850898,0.23780417028984,-18.6311475240696,1.79631367422276e-77,7.47782450915011e-75,"ENSG00000154342.6","WNT3A","protein_coding"
1576.96379453226,-2.01802029364752,0.108518635251034,-18.5960714395207,3.45735157276229e-77,1.37034309809864e-74,"ENSG00000120913.23","PDLIM2","protein_coding"
10.7177046672096,-3.83946197207514,0.206921761177842,-18.5551386679686,7.41158887294293e-77,2.84336160967774e-74,"ENSG00000276668.1","AC104237.3","lncRNA"
377.526431428078,-5.68473402130314,0.307181456515598,-18.5061106415272,1.84339742663181e-76,6.86990330490756e-74,"ENSG00000180440.4","SERTM1","protein_coding"
70.6629955979886,-5.15592518804095,0.279428887537645,-18.4516541345294,5.05731460811293e-76,1.84951194327165e-73,"ENSG00000244215.2","LINC02016","lncRNA"
271.966133239185,-4.33294180520394,0.235212097264179,-18.4214241342247,8.84455828043268e-76,3.20459638955196e-73,"ENSG00000261143.1","ADAMTS7P3","transcribed_unprocessed_pseudogene"
57014.7945211821,-2.55972173863236,0.139731092264513,-18.3189131148189,5.84688900290438e-75,2.04280904975581e-72,"ENSG00000116016.14","EPAS1","protein_coding"
1894.27351477818,-2.05333680778364,0.112118375369088,-18.3140078602117,6.39823940924458e-75,2.21565934799247e-72,"ENSG00000165312.6","OTUD1","protein_coding"
3719.69082073435,-2.29553068402533,0.125470247279187,-18.2954185060103,9.00072593947251e-75,3.03627074773706e-72,"ENSG00000151718.16","WWC2","protein_coding"
2647.04749851636,-3.23188847095731,0.177942955431329,-18.1624974314004,1.02264895350455e-73,3.17597430155448e-71,"ENSG00000122679.8","RAMP3","protein_coding"
1221.20757912359,-2.37597135175493,0.130833488923368,-18.1602689900488,1.06501599802447e-73,3.28150716682641e-71,"ENSG00000105538.10","RASIP1","protein_coding"
1330.66130366884,-3.99518288991871,0.220461486915126,-18.1219084830757,2.14040077066997e-73,6.44277096592975e-71,"ENSG00000268388.6","FENDRR","lncRNA"
606.898078207622,-3.6813218022573,0.20360521395279,-18.0806853163932,4.52423966937032e-73,1.34119714016765e-70,"ENSG00000159708.18","LRRC36","protein_coding"
910.804817144422,-2.70425264824025,0.149713484897446,-18.0628528558578,6.25070619657557e-73,1.83907055773082e-70,"ENSG00000132622.11","HSPA12B","protein_coding"
2021.34102819825,-2.26597028219126,0.125608532816217,-18.0399390979806,9.46481703457074e-73,2.74346485466509e-70,"ENSG00000095370.20","SH2D3C","protein_coding"
1241.38208684497,-2.71717704198874,0.150664130280125,-18.0346645013433,1.04125478369678e-72,2.99598095153225e-70,"ENSG00000103241.7","FOXF1","protein_coding"
2194.7274259977,-2.1993850514338,0.122159959582655,-18.004140300535,1.8078495634466e-72,5.16371980052766e-70,"ENSG00000154783.12","FGD5","protein_coding"
2333.76660646984,-2.98059343201325,0.165554869395975,-18.0036591064213,1.82362811729286e-72,5.17104288824543e-70,"ENSG00000120156.22","TEK","protein_coding"
2276.49414226221,-2.81363647667536,0.157555366744226,-17.8580808436884,2.50091574925129e-71,6.70296809479124e-69,"ENSG00000114790.13","ARHGEF26","protein_coding"
1107.7142854504,-3.75474396069444,0.210295061897456,-17.8546463564862,2.65959955566115e-71,7.07978164711405e-69,"ENSG00000277494.2","GPIHBP1","protein_coding"
7.56884305964673,-4.06770402612935,0.228312851717678,-17.8163602947735,5.27595698613926e-71,1.39495589746362e-68,"ENSG00000275612.1","AC104237.2","lncRNA"
27.7835281733225,-4.18988787412479,0.23604711157442,-17.7502187854725,1.71683890211789e-70,4.44911411117717e-68,"ENSG00000268505.1","AC135012.3","lncRNA"
2763.66622274976,-2.75301659059116,0.155393047147695,-17.7164721403173,3.12932322701848e-70,8.05615442081975e-68,"ENSG00000154133.15","ROBO4","protein_coding"
2780.79065788383,-3.31944865978804,0.187680108461424,-17.6867366872303,5.30606894805115e-70,1.33955989681413e-67,"ENSG00000105227.16","PRX","protein_coding"
15906.9518970986,-2.44903491038727,0.138792170974891,-17.6453390215384,1.10509074370802e-69,2.75435069376041e-67,"ENSG00000138821.13","SLC39A8","protein_coding"
2010.96626983785,-2.6921810266029,0.153576254027405,-17.5299302854626,8.4673223772351e-69,2.02033409721699e-66,"ENSG00000131477.11","RAMP2","protein_coding"
1021.4695046741,-2.99028088791061,0.170674825686938,-17.5203394869467,1.00225556570938e-68,2.37692500253174e-66,"ENSG00000169252.6","ADRB2","protein_coding"
82.6953133453155,-3.51689912520585,0.200839152866349,-17.5110234982231,1.18052277571111e-68,2.78283353833443e-66,"ENSG00000228401.5","AL590226.1","lncRNA"
573.703469661943,-2.68519523456567,0.153700712241419,-17.4702849154532,2.41286783857729e-68,5.52151645563554e-66,"ENSG00000114654.7","EFCC1","protein_coding"
420.8017791115,-2.59397048273279,0.148549558160904,-17.4619871970476,2.7904897082905e-68,6.31182964018009e-66,"ENSG00000157734.14","SNX22","protein_coding"
4192.39243213404,-6.20467597062265,0.355463510322796,-17.455169913188,3.14440647161802e-68,7.07148101384395e-66,"ENSG00000108576.10","SLC6A4","protein_coding"
3885.12322968816,-2.6404134477856,0.151312086866252,-17.4501158662858,3.43535181867991e-68,7.63799727367974e-66,"ENSG00000170989.10","S1PR1","protein_coding"
2075.97929487362,-2.44990624138294,0.140432301690044,-17.4454609936556,3.72699261517062e-68,8.19331168675515e-66,"ENSG00000171115.4","GIMAP8","protein_coding"
6189.76085130718,-2.44776081270785,0.140549802087995,-17.415611949246,6.28136844574402e-68,1.36553460361338e-65,"ENSG00000179776.19","CDH5","protein_coding"
250.319369756601,-2.32951085814786,0.133959841407256,-17.3896209018779,9.88861306750582e-68,2.11448807619984e-65,"ENSG00000130307.12","USHBP1","protein_coding"
1200.34210392296,-2.45822624345581,0.141732264429167,-17.3441541582393,2.18368881884686e-67,4.56951482194098e-65,"ENSG00000198844.12","ARHGEF15","protein_coding"
26573.6863466315,-2.16595715412553,0.124900528554676,-17.3414570713956,2.28861107759002e-67,4.73839365487699e-65,"ENSG00000079308.19","TNS1","protein_coding"
271.261964337337,-2.93723476375966,0.169482340462096,-17.3306242747844,2.76312890959747e-67,5.69073670323466e-65,"ENSG00000092295.12","TGM1","protein_coding"
1411.45348270269,-2.16370714088082,0.125086313511366,-17.2977129163232,4.89436659384205e-67,1.00273015279389e-64,"ENSG00000166265.13","CYYR1","protein_coding"
33.5078353081432,-2.80474320990288,0.162255787299349,-17.285936339074,6.00384408753751e-67,1.21728716574834e-64,"ENSG00000249741.2","AC093890.1","processed_pseudogene"
2740.38264931444,-2.27550862879493,0.13168890430668,-17.2794256340357,6.72140103884827e-67,1.35574816521222e-64,"ENSG00000176435.7","CLEC14A","protein_coding"
334.306385935152,-2.31737193467451,0.134171654563791,-17.2716952936787,7.68512856305099e-67,1.54218854256794e-64,"ENSG00000150048.10","CLEC1A","protein_coding"
23.6961482057372,-2.81545796784253,0.163074924180405,-17.2648123676444,8.65847992269285e-67,1.71987298403499e-64,"ENSG00000263586.1","HID1-AS1","lncRNA"
7857.09704756446,-3.08343328001496,0.179471807927834,-17.1805996474656,3.71055782954665e-66,7.33322416302979e-64,"ENSG00000168497.5","CAVIN2","protein_coding"
17.0585565100935,-3.80018420787692,0.221318512362912,-17.1706567485213,4.40408621499543e-66,8.66011546125558e-64,"ENSG00000233746.2","LINC00656","lncRNA"
170.715260507064,-4.29862295519746,0.250895384333206,-17.1331288800777,8.40124675043691e-66,1.61151562054582e-63,"ENSG00000139304.16","PTPRQ","protein_coding"
21.1974455315084,-4.22864206884003,0.247787267698937,-17.0656148239943,2.67557619770277e-65,5.0094723536989e-63,"ENSG00000120903.13","CHRNA2","protein_coding"
2108.23077926238,-3.05698032324807,0.179180021318336,-17.0609440759969,2.89833060745835e-65,5.34974410379494e-63,"ENSG00000135063.19","FAM189A2","protein_coding"
478.960768987141,-2.25297348831567,0.132089858596599,-17.0563699004042,3.13437735334329e-65,5.73137010344282e-63,"ENSG00000136114.17","THSD1","protein_coding"
258.560278807112,-3.79894305513795,0.222815224493632,-17.0497463257791,3.5105352871523e-65,6.38933750332822e-63,"ENSG00000257894.2","AC027288.3","lncRNA"
910.047256884836,-2.91666552776849,0.171808431477273,-16.9762653828447,1.23072683502047e-64,2.15962205296799e-62,"ENSG00000158246.8","TENT5B","protein_coding"
63.2130817683925,-4.48799257411205,0.264645499067988,-16.9585070969186,1.66521805563255e-64,2.88325874933439e-62,"ENSG00000073754.6","CD5L","protein_coding"
10.8988749608779,-3.32632955455837,0.196236260537741,-16.9506366735858,1.90380929080638e-64,3.2674544455502e-62,"ENSG00000228692.2","AL445307.1","lncRNA"
28.8899207031587,-3.36248712773025,0.199442202889103,-16.8594564190605,8.94075284076008e-64,1.49513076671702e-61,"ENSG00000236333.4","TRHDE-AS1","lncRNA"
1711.85313925928,-3.14451492557234,0.186913422049945,-16.8233767863503,1.64508869102778e-63,2.71620107884423e-61,"ENSG00000010319.7","SEMA3G","protein_coding"
385.925087628503,-4.53581833298524,0.270126488167532,-16.7914607847422,2.81822038045142e-63,4.59499090447685e-61,"ENSG00000260908.1","AC009093.3","transcribed_unprocessed_pseudogene"
3848.20400965173,-2.29454583011272,0.136666870583251,-16.7893346816264,2.92101008286457e-63,4.74282346691177e-61,"ENSG00000122694.16","GLIPR2","protein_coding"
1205.04951221711,-3.54282316097437,0.211060814749433,-16.7857930671799,3.10059506422764e-63,4.99297882544411e-61,"ENSG00000134917.10","ADAMTS8","protein_coding"
65.2968060051299,-2.95155920892607,0.175851551908512,-16.7843796480206,3.17529973095302e-63,5.09232187589847e-61,"ENSG00000204176.14","SYT15","protein_coding"
1339.79796310327,-1.19916728048941,0.0715186139224507,-16.7672052731572,4.23986907251164e-63,6.77184966026339e-61,"ENSG00000166912.17","MTMR10","protein_coding"
4759.39220705396,-4.61201109702255,0.275233659518743,-16.7567117520685,5.05837865318129e-63,8.04631768608281e-61,"ENSG00000142748.13","FCN3","protein_coding"
4164.67857269105,-1.90903469149667,0.114101653286217,-16.7309993897107,7.79197965214936e-63,1.23444516505367e-60,"ENSG00000109501.14","WFS1","protein_coding"
158.841958098336,-3.42979653882691,0.205764205504896,-16.6685771726478,2.21811833989532e-62,3.44433288723984e-60,"ENSG00000169218.14","RSPO1","protein_coding"
6104.42928036156,-3.18180991652453,0.191110139006408,-16.6490900643312,3.07238222899046e-62,4.73328303159943e-60,"ENSG00000094963.14","FMO2","protein_coding"
5542.07738269867,-3.16949262236213,0.190449278794144,-16.6421875810201,3.44788571460653e-62,5.29094964306934e-60,"ENSG00000137857.17","DUOX1","protein_coding"
4839.2336911231,-1.67964648765467,0.100984379093951,-16.632735703529,4.0373176832542e-62,6.17126086966485e-60,"ENSG00000032444.17","PNPLA6","protein_coding"
3689.94044317746,-4.50478337019157,0.270906627082172,-16.6285462216661,4.32972670862216e-62,6.59247221148225e-60,"ENSG00000243566.7","UPK3B","protein_coding"
167.127032078946,-3.27596150640178,0.197058187308412,-16.6243359443606,4.64484396568451e-62,7.04486004733335e-60,"ENSG00000277758.5","FO681492.1","protein_coding"
381.187302464916,-3.82754647068577,0.230862477979596,-16.5793354735803,9.83098816777555e-62,1.46830686256956e-59,"ENSG00000134115.13","CNTN6","protein_coding"
918.338111599627,-2.13486309507943,0.128984549223147,-16.5513087260247,1.56659777124028e-61,2.32206581009103e-59,"ENSG00000120279.6","MYCT1","protein_coding"
689.622202809537,-3.40472160373599,0.206238388202036,-16.5086705410083,3.17807574233104e-61,4.6403463385506e-59,"ENSG00000115361.8","ACADL","protein_coding"
1937.26045143835,-2.68696726056454,0.163048056248196,-16.4796031451878,5.14212834698272e-61,7.42496768803619e-59,"ENSG00000164035.10","EMCN","protein_coding"
5176.78606317668,-2.60534454660075,0.158446425389722,-16.4430629482018,9.40433818873112e-61,1.34798958851003e-58,"ENSG00000064989.13","CALCRL","protein_coding"
8929.28092126272,-1.89548313269391,0.115288018229642,-16.441284721525,9.68440024769216e-61,1.38306666457096e-58,"ENSG00000121691.7","CAT","protein_coding"
1419.4503395762,-2.26140818744813,0.137906437282445,-16.3981336332876,1.9720398414367e-60,2.77582341853451e-58,"ENSG00000154721.15","JAM2","protein_coding"
1910.53594738381,-4.95927733469583,0.302706273035931,-16.383133672645,2.52397687912423e-60,3.53999065437313e-58,"ENSG00000168481.9","LGI3","protein_coding"
11.3757782726072,-3.40441248665283,0.208070057095435,-16.3618568388787,3.58042200423809e-60,4.98596062091959e-58,"ENSG00000254447.3","OR7E11P","lncRNA"
105.200624120203,-4.99725265635453,0.306024592790841,-16.3295786485043,6.08028194461575e-60,8.40733260688193e-58,"ENSG00000034971.17","MYOC","protein_coding"
1450.02249547716,-2.97029854139442,0.181925845343146,-16.3269739700364,6.34545825642985e-60,8.74310306451959e-58,"ENSG00000141338.14","ABCA8","protein_coding"
23308.0474224457,-2.55016797740721,0.156579551878357,-16.2867242038626,1.22623824000135e-59,1.65461822653423e-57,"ENSG00000211445.12","GPX3","protein_coding"
1488.94593380969,-3.27675692355158,0.20123358578384,-16.2833500719477,1.2957694174682e-59,1.74243137714599e-57,"ENSG00000133800.9","LYVE1","protein_coding"
684.688273915385,-3.43328940485819,0.211088236693966,-16.2647121347446,1.75690862223558e-59,2.34640243333449e-57,"ENSG00000148488.17","ST8SIA6","protein_coding"
1435.14204619647,-3.60735499423242,0.221937971199792,-16.2538883037054,2.09636412639244e-59,2.78077371626653e-57,"ENSG00000165810.17","BTNL9","protein_coding"
60.7395347597734,-5.61380054533978,0.345810974732839,-16.2337258083749,2.91232626907959e-59,3.83711243216679e-57,"ENSG00000140505.7","CYP1A2","protein_coding"
6139.67494915494,-3.35504647164866,0.207612388244462,-16.1601458372423,9.63335048199424e-59,1.24410111455748e-56,"ENSG00000241644.2","INMT","protein_coding"
163.466219563374,-2.69316582071301,0.166816201311033,-16.1445099429614,1.24130448393287e-58,1.57706122599925e-56,"ENSG00000108381.11","ASPA","protein_coding"
70.798659235606,-4.56091382376529,0.282789772254602,-16.1282842282535,1.61443550220462e-58,2.04448141219318e-56,"ENSG00000183090.5","FREM3","protein_coding"
2393.81617940383,-2.0800107775261,0.12903686483062,-16.1195080201028,1.86084785382343e-58,2.34137740733005e-56,"ENSG00000173269.14","MMRN2","protein_coding"
466.708300286017,-2.41697182873237,0.150080656788612,-16.1044859507555,2.37261580061939e-58,2.9757316953217e-56,"ENSG00000198075.10","SULT1C4","protein_coding"
60.083911793893,-5.68870982652735,0.353522141613209,-16.0915234349067,2.92549245733809e-58,3.63420461422529e-56,"ENSG00000178084.2","HTR3C","protein_coding"
114.859152559013,-3.83699981819005,0.239130727123812,-16.0456159872897,6.13472412933709e-58,7.47843893785326e-56,"ENSG00000256948.1","AC026369.3","lncRNA"
68.7187074434762,-3.91864379164445,0.244601380010062,-16.0205301845936,9.18636485958708e-58,1.11291530439784e-55,"ENSG00000109205.16","ODAM","protein_coding"
6749.26301699429,-1.62545472248309,0.101500479652007,-16.0142565636728,1.01613980744083e-57,1.22029840661837e-55,"ENSG00000197256.11","KANK2","protein_coding"
971.297702197436,-4.67574660449687,0.292237304042447,-15.999828015857,1.28128541646625e-57,1.52395074868513e-55,"ENSG00000167434.10","CA4","protein_coding"
653.750550317408,-3.13036878875654,0.195765930241846,-15.9903655599794,1.49153195774854e-57,1.76329719150024e-55,"ENSG00000118526.7","TCF21","protein_coding"
1773.8363394861,-2.15609810160527,0.134955635138069,-15.9763473336955,1.86774603442358e-57,2.20140873713943e-55,"ENSG00000035664.11","DAPK2","protein_coding"
656.528180847132,-2.94616696213081,0.184506305354752,-15.9678389118799,2.14075439729216e-57,2.51561142103422e-55,"ENSG00000135917.16","SLC19A3","protein_coding"
1771.62432292649,-4.84875236202748,0.303669689483174,-15.9671924131768,2.16305471816926e-57,2.53420641247549e-55,"ENSG00000148677.7","ANKRD1","protein_coding"
21.8990566760845,-3.77917045219039,0.237675567678696,-15.9005424457398,6.2818453769143e-57,7.16661491090476e-55,"ENSG00000253959.1","LINC01863","lncRNA"
9245.36445117913,-1.87650603637535,0.118635883923048,-15.8173562190722,2.36204869648332e-56,2.64083792977397e-54,"ENSG00000147526.20","TACC1","protein_coding"
28.4765015464105,-2.44430178533937,0.154589335428525,-15.8115809125106,2.58887926518264e-56,2.87799529903016e-54,"ENSG00000178217.14","SH2D4B","protein_coding"
19347.3696004382,-2.06598859999511,0.130741568029493,-15.8020791025626,3.01022540962365e-56,3.3369158782998e-54,"ENSG00000177469.13","CAVIN1","protein_coding"
130.454727486484,-2.80934186863204,0.178077000265347,-15.7759950158972,4.55168100583926e-56,5.00314127639034e-54,"ENSG00000055813.6","CCDC85A","protein_coding"
386.13912596932,-3.74562269882797,0.237508723732864,-15.7704636695402,4.96836954347191e-56,5.43064996105026e-54,"ENSG00000143167.12","GPA33","protein_coding"
403.797746142521,-2.62241721751274,0.166343504299302,-15.7650713717936,5.41111682625912e-56,5.89811734062244e-54,"ENSG00000162367.11","TAL1","protein_coding"
9.85743926116485,-4.63142933934042,0.29397028038559,-15.7547536208951,6.37071606200364e-56,6.88653287906808e-54,"ENSG00000267774.2","AC010776.2","lncRNA"
261.613045338623,-2.8703058438577,0.182573278182389,-15.7213907338088,1.07928351591404e-55,1.16025943025363e-53,"ENSG00000162687.19","KCNT2","protein_coding"
166.200961238194,-2.37738869456059,0.15136927544941,-15.7058867296696,1.37836850119038e-55,1.46967133024743e-53,"ENSG00000280339.1","AP001528.2","TEC"
2258.31973463256,-2.46200522733817,0.156821677126629,-15.6993935560973,1.52694764985799e-55,1.61926798066648e-53,"ENSG00000069702.11","TGFBR3","protein_coding"
187.357705468121,-3.804703214635,0.242413375662096,-15.6951042996012,1.63373914926754e-55,1.72783369324292e-53,"ENSG00000072657.9","TRHDE","protein_coding"
447.116234474918,-2.14927733187296,0.137086660383647,-15.6782383191628,2.13082461629233e-55,2.24747434124354e-53,"ENSG00000091106.19","NLRC4","protein_coding"
942.934396260049,-2.8848997996878,0.184163951997696,-15.6648452012144,2.63069389004225e-55,2.76724953256031e-53,"ENSG00000177098.9","SCN4B","protein_coding"
417.909427263295,-4.94583876574578,0.31656436428953,-15.6234855330157,5.03748897111566e-55,5.21486722033669e-53,"ENSG00000161649.13","CD300LG","protein_coding"
667.427095940355,-2.90345294925563,0.186963395086131,-15.5295262365023,2.18991687207812e-54,2.20859889487858e-52,"ENSG00000171056.8","SOX7","protein_coding"
384.281733364921,-2.92708482681527,0.188515560509969,-15.5270197266314,2.27719735969061e-54,2.29072004838183e-52,"ENSG00000127241.18","MASP1","protein_coding"
112.731277699744,-2.95856813552885,0.190582500745656,-15.5238184196,2.39372711407507e-54,2.40176758207363e-52,"ENSG00000077522.14","ACTN2","protein_coding"
601.501801908336,-2.52792157251749,0.163175650403369,-15.4920269431651,3.92711352184532e-54,3.93022709011073e-52,"ENSG00000189129.14","PLAC9","protein_coding"
1227.41894323194,-1.53674805242585,0.0992467637823018,-15.4841124673517,4.44149693272713e-54,4.43367899169759e-52,"ENSG00000144843.11","ADPRH","protein_coding"
268.526111679724,-2.79772005892588,0.180705047324063,-15.4822463476001,4.57224565129322e-54,4.55258383157138e-52,"ENSG00000129596.5","CDO1","protein_coding"
81.8619833629718,-4.5243359242015,0.293345150703206,-15.4232511202445,1.14207212447928e-53,1.10894353109178e-51,"ENSG00000182255.7","KCNA4","protein_coding"
38.8827578001984,-2.54204406278971,0.165049955899057,-15.4016645987134,1.59509717135621e-53,1.53360558752678e-51,"ENSG00000215595.2","C20orf202","protein_coding"
21.498726279118,-4.0313451141494,0.262182761213673,-15.3760876401174,2.36832652360939e-53,2.24939284454755e-51,"ENSG00000036473.8","OTC","protein_coding"
470.5554645862,-2.43362662875384,0.15866661522026,-15.3379879275517,4.26201752704946e-53,4.0090626887253e-51,"ENSG00000172159.16","FRMD3","protein_coding"
80.912910688139,-2.17882624679011,0.142136553378401,-15.3291056733982,4.88668201845715e-53,4.56374114711806e-51,"ENSG00000235770.6","LINC00607","lncRNA"
279.481510293698,-2.73248098511233,0.178630892457112,-15.2967997165909,8.03096930052651e-53,7.48237761187864e-51,"ENSG00000131097.7","HIGD1B","protein_coding"
1590.29948419237,-2.66242879056356,0.175176261391804,-15.1985706819528,3.61421079883854e-52,3.27378895299423e-50,"ENSG00000224397.7","PELATON","lncRNA"
942.700190167643,-1.31288297793364,0.0864536153430027,-15.1859812076662,4.37960234867907e-52,3.95792654748639e-50,"ENSG00000123178.15","SPRYD7","protein_coding"
542098.661765448,-5.27742225702582,0.348519496845407,-15.1424018018904,8.50499601330846e-52,7.52961536191795e-50,"ENSG00000168484.12","SFTPC","protein_coding"
308.874803229601,-3.2645524742589,0.21572292528002,-15.1330808722408,9.79980080850551e-52,8.65634323786973e-50,"ENSG00000283199.3","C13orf46","protein_coding"
907.072301875538,-1.74521406116135,0.115348047296877,-15.1299835763115,1.02721036179334e-51,9.05310105120164e-50,"ENSG00000185291.12","IL3RA","protein_coding"
16325.4057345539,-2.79180584409666,0.184912443891563,-15.0979879198062,1.66950546500454e-51,1.4647851648227e-49,"ENSG00000078081.8","LAMP3","protein_coding"
250.442283382547,-1.87767521060449,0.124397366524025,-15.0941717101532,1.76895306466933e-51,1.54510942798159e-49,"ENSG00000229619.4","MBNL1-AS1","lncRNA"
690.92182647453,-2.2411741254002,0.148503039717715,-15.0917727317931,1.83446553468744e-51,1.59521046306342e-49,"ENSG00000267107.8","PCAT19","lncRNA"
13.2255445502224,-3.35666276888834,0.222480887942568,-15.0874207664743,1.95953756268933e-51,1.7001921145365e-49,"ENSG00000232234.4","AL355499.1","lncRNA"
9.08189569394601,-3.32027478969316,0.220322933282206,-15.0700371506052,2.54969634611908e-51,2.20247610860895e-49,"ENSG00000236078.2","LINC01447","lncRNA"
500.658940523953,-2.33917509948791,0.155383033962184,-15.0542503891204,3.23748181285907e-51,2.77212036803038e-49,"ENSG00000104967.8","NOVA2","protein_coding"
215.872895547626,-2.25342831196493,0.149712247248025,-15.0517299244846,3.36323171572043e-51,2.87350699274795e-49,"ENSG00000167874.7","TMEM88","protein_coding"
93.0590667431301,-2.50193452713114,0.166388166669618,-15.036733544273,4.21858409912605e-51,3.58863944310655e-49,"ENSG00000149403.13","GRIK4","protein_coding"
1405.52009584927,-1.60433692772235,0.106696038222455,-15.0365182667552,4.23232205097857e-51,3.5925161426647e-49,"ENSG00000080546.13","SESN1","protein_coding"
4018.02984390555,-2.25035471781354,0.149767076022297,-15.025697086311,4.98343195833873e-51,4.21180725619336e-49,"ENSG00000128849.11","CGNL1","protein_coding"
2062.19845524518,-3.0362295005615,0.202067531607969,-15.0258157577343,4.97451483194275e-51,4.21180725619336e-49,"ENSG00000196549.12","MME","protein_coding"
72.4764421458912,-3.77720490912794,0.251438880766699,-15.0223581079041,5.24095650769641e-51,4.41991097204026e-49,"ENSG00000114113.6","RBP2","protein_coding"
82.8057513411738,-4.16694670208045,0.277414080934863,-15.0206748267362,5.37576313851913e-51,4.52384919082564e-49,"ENSG00000187950.8","OVCH1","protein_coding"
2237.71635776724,-2.5008207891723,0.166529332239337,-15.0172990880556,5.65660298707057e-51,4.73979724811688e-49,"ENSG00000227051.7","C14orf132","protein_coding"
155.200914138556,-3.24735812939328,0.216280209035548,-15.0145875291786,5.89272865076018e-51,4.92710181266873e-49,"ENSG00000189292.16","ALKAL2","protein_coding"
1854.70031447469,-2.43463623253954,0.162186904763298,-15.0112996859564,6.19223732144693e-51,5.16649122868955e-49,"ENSG00000123243.15","ITIH5","protein_coding"
465.709973273308,-2.61784997635637,0.174504583243541,-15.0016115777478,7.16580648775859e-51,5.94078757780681e-49,"ENSG00000164764.11","SBSPON","protein_coding"
1688.64978848603,-2.57758931237874,0.172172494421217,-14.9709703692433,1.13650798381285e-50,9.3430029232312e-49,"ENSG00000137834.15","SMAD6","protein_coding"
1976.33129156233,-1.8728743804483,0.125198029673462,-14.9592959676209,1.354513913998e-50,1.11118415028628e-48,"ENSG00000135540.11","NHSL1","protein_coding"
513.991057789104,-2.71754868698919,0.181677784649997,-14.9580681657064,1.3797334318526e-50,1.1271471591195e-48,"ENSG00000134256.12","CD101","protein_coding"
7435.29538445257,-2.53546258017263,0.169591414143794,-14.9504182919476,1.54773947646877e-50,1.25913915704157e-48,"ENSG00000131471.7","AOC3","protein_coding"
316.546440720269,-2.69069191905168,0.180034456442525,-14.945427515486,1.66817157232434e-50,1.34870292968231e-48,"ENSG00000137878.17","GCOM1","protein_coding"
524.308068076631,-1.59394930714011,0.106660926260624,-14.944078989576,1.7022841898874e-50,1.37344500277287e-48,"ENSG00000197852.12","INKA2","protein_coding"
2938.53734502758,-2.55514514169905,0.170984245029527,-14.9437460817387,1.7108118396281e-50,1.37748514601825e-48,"ENSG00000112902.12","SEMA5A","protein_coding"
18.5470447752694,-4.42358619076535,0.296202330874131,-14.9343395702214,1.97016330554335e-50,1.57657383045433e-48,"ENSG00000266120.1","AC104984.4","lncRNA"
1879.93233870601,-1.6904938602139,0.113317727615601,-14.9181764917528,2.51040493271617e-50,2.00023369637444e-48,"ENSG00000100307.13","CBX7","protein_coding"
2348.57086996753,-2.06717937631255,0.138620854175898,-14.9124703393436,2.73445564142862e-50,2.16603205880047e-48,"ENSG00000133561.15","GIMAP6","protein_coding"
485.332128888867,-3.82897906897057,0.257358993946144,-14.8779687480898,4.58200658396477e-50,3.60037147865714e-48,"ENSG00000155511.18","GRIA1","protein_coding"
1030.01240183051,-2.128454243188,0.143742237948103,-14.807437768963,1.31144821522859e-49,1.01620356653683e-47,"ENSG00000131831.18","RAI2","protein_coding"
1050.0493676957,-2.29018064293176,0.15484848804831,-14.7898159794577,1.70419091215933e-49,1.31273020834069e-47,"ENSG00000161835.11","TAMALIN","protein_coding"
45.1503038752378,-3.08016205199327,0.208301708747819,-14.7870224901625,1.77640020250716e-49,1.36566436786459e-47,"ENSG00000185737.13","NRG3","protein_coding"
22.36249111731,-2.88140701432857,0.195102381541609,-14.7686921684965,2.33194135437717e-49,1.78923915957123e-47,"ENSG00000282840.1","AC004554.1","lncRNA"
1244.02124125007,-2.09570089323715,0.142078357944777,-14.7503175258523,3.06220580526654e-49,2.34037451886494e-47,"ENSG00000130052.13","STARD8","protein_coding"
266.984117696103,-3.1882426903251,0.21618963668939,-14.747435349576,3.19580185881743e-49,2.43771778825311e-47,"ENSG00000117834.13","SLC5A9","protein_coding"
12.2794261465667,-3.0484050284038,0.206875371790286,-14.7354661022387,3.81555730988152e-49,2.88794145247531e-47,"ENSG00000166091.21","CMTM5","protein_coding"
37.4300634996437,-2.11013123345864,0.143202446258596,-14.7353015858972,3.82486056692683e-49,2.8893941861856e-47,"ENSG00000126759.14","CFP","protein_coding"
5342.88418045066,-2.50254480364113,0.170220933405642,-14.7017452764019,6.28195120200015e-49,4.727289086259e-47,"ENSG00000178726.7","THBD","protein_coding"
8817.59959686777,-1.37900062489297,0.0939991380026983,-14.6703539436009,9.98229897019865e-49,7.45452940845121e-47,"ENSG00000129250.12","KIF1C","protein_coding"
380.113802034492,-2.37601149315182,0.162022357813106,-14.6647137174277,1.08473702072833e-48,8.06974227340689e-47,"ENSG00000134201.12","GSTM5","protein_coding"
82.2579407931486,-2.10222185139412,0.143477555050607,-14.6519213451374,1.30959378197259e-48,9.72404445585759e-47,"ENSG00000249751.4","ECSCR","protein_coding"
371.762811351936,-2.24584180579945,0.153288580727793,-14.6510705176896,1.3260975233735e-48,9.82793980816829e-47,"ENSG00000138685.17","FGF2","protein_coding"
10286.4946527446,-3.42893737328045,0.234962998715208,-14.5935206480599,3.08839464688082e-48,2.24631916221363e-46,"ENSG00000019169.10","MARCO","protein_coding"
234.209324002004,-3.05893909081534,0.209889474048075,-14.5740471488089,4.1081456332706e-48,2.96597503275852e-46,"ENSG00000171509.16","RXFP1","protein_coding"
11.4631244768056,-4.18461288297921,0.287389500239942,-14.5607716339166,4.9891448674892e-48,3.57564519798022e-46,"ENSG00000285551.2","AC067752.1","lncRNA"
375.12496306398,-1.72907929887413,0.118798840141113,-14.5546816519444,5.45392369731749e-48,3.90159941864225e-46,"ENSG00000115896.16","PLCL1","protein_coding"
2914.14353375103,-1.06148787029854,0.0729404455681604,-14.5528021117806,5.60588864888121e-48,4.00299322480603e-46,"ENSG00000137824.16","RMDN3","protein_coding"
319.259024932425,-2.59627358439811,0.178482520151221,-14.5463745256308,6.15813526258358e-48,4.38932588269869e-46,"ENSG00000138669.9","PRKG2","protein_coding"
10014.5675214282,-1.77733737729731,0.122325449951905,-14.5295797235662,7.87018065916404e-48,5.59941889770451e-46,"ENSG00000171992.13","SYNPO","protein_coding"
1418.42400496348,-3.36553896344256,0.23163672236754,-14.5293843266459,7.89266113487459e-48,5.60522183064932e-46,"ENSG00000176771.17","NCKAP5","protein_coding"
158.450185225251,-2.54209407008616,0.174970423082142,-14.5287073398271,7.97104414800365e-48,5.65063276368715e-46,"ENSG00000171596.7","NMUR1","protein_coding"
144.371654372734,-2.84472053665958,0.195853619218958,-14.5247279473517,8.44770159866754e-48,5.96691356060397e-46,"ENSG00000274736.5","CCL23","protein_coding"
875.106129986324,-2.09265132005542,0.144244192996957,-14.5076988998757,1.08292836983595e-47,7.62159533094432e-46,"ENSG00000046653.15","GPM6B","protein_coding"
4587.80252630128,-2.39537548822974,0.1652377485545,-14.4965391333669,1.2741400293226e-47,8.87159670594709e-46,"ENSG00000127329.16","PTPRB","protein_coding"
145.388060249126,-4.09497000405397,0.282477508121919,-14.4966232224285,1.27258048079759e-47,8.87159670594709e-46,"ENSG00000235385.2","LINC02154","lncRNA"
10.1710828798459,-3.19233095698849,0.220311352724624,-14.4900883114213,1.3996275977622e-47,9.71078502270081e-46,"ENSG00000285294.1","LINC00842","lncRNA"
3538.89735643932,-4.05494762008252,0.279918145109787,-14.4861906629602,1.48133305221615e-47,1.02594767550921e-45,"ENSG00000166292.12","TMEM100","protein_coding"
21.9761856052795,-2.60474169374113,0.18010417787254,-14.4624168329093,2.09316902656425e-47,1.43446229734651e-45,"ENSG00000259072.2","AL355835.1","lncRNA"
90.9819037026124,-3.57767262604176,0.248106273368985,-14.419920050635,3.87791475879194e-47,2.63907273784848e-45,"ENSG00000286256.2","AC084871.3","lncRNA"
713.147729553403,-3.46639680747914,0.2404263183868,-14.417709470152,4.004118266062e-47,2.72022833106375e-45,"ENSG00000043591.6","ADRB1","protein_coding"
2760.00083837833,-1.69001420566987,0.11733287592697,-14.4035863121754,4.91267247397505e-47,3.31444459619168e-45,"ENSG00000177303.10","CASKIN2","protein_coding"
289.37113685055,-3.6408172330326,0.25294913762112,-14.393475570911,5.68649176679528e-47,3.82991582317497e-45,"ENSG00000198576.4","ARC","protein_coding"
160.184227416878,-3.71220220524181,0.258177675779613,-14.3784786737744,7.06300884800729e-47,4.73257875396187e-45,"ENSG00000264230.9","ANXA8L1","protein_coding"
86.8024487257322,-4.70615951355772,0.32802199236593,-14.3470853268512,1.11109597920981e-46,7.35673380075447e-45,"ENSG00000168539.4","CHRM1","protein_coding"
338.382415074613,-3.50181574396148,0.244818161521398,-14.3037416922004,2.07354404260374e-46,1.36369499043911e-44,"ENSG00000104918.8","RETN","protein_coding"
1056.67818478479,-2.1902714167363,0.153247154978607,-14.2924116081767,2.44010849125369e-46,1.59405484760013e-44,"ENSG00000121075.11","TBX4","protein_coding"
187.93895232185,-2.31113448298624,0.161836286379793,-14.2806939944391,2.88711908163926e-46,1.87667536185425e-44,"ENSG00000197245.6","FAM110D","protein_coding"
46.6217470573838,-4.21211815891677,0.295013116155286,-14.2777318304032,3.01247493230014e-46,1.95167477774564e-44,"ENSG00000181072.11","CHRM2","protein_coding"
3674.08442086618,-2.53654289613601,0.177662265006534,-14.2773306196604,3.02986513349966e-46,1.95969673618141e-44,"ENSG00000154175.18","ABI3BP","protein_coding"
832.70746022403,-2.74220135994401,0.192099028563194,-14.2749361121413,3.13575049530064e-46,2.02483585200676e-44,"ENSG00000101307.16","SIRPB1","protein_coding"
276.895476382847,-1.17223599349895,0.0823200525982766,-14.2399811042333,5.1741044338016e-46,3.31914558359164e-44,"ENSG00000112425.16","EPM2A","protein_coding"
532.278834986865,-2.20994469320935,0.155194379114284,-14.2398500887843,5.18381374109676e-46,3.31993151395838e-44,"ENSG00000047648.23","ARHGAP6","protein_coding"
3790.94845027998,-2.31538511692484,0.16263761894057,-14.236467134771,5.44089393758268e-46,3.47320751503341e-44,"ENSG00000137507.11","LRRC32","protein_coding"
80.5186213052917,-2.07562951625411,0.145820487741109,-14.2341419124808,5.62491248495146e-46,3.58482818320254e-44,"ENSG00000164849.10","GPR146","protein_coding"
19.7405120868639,-3.31563367608919,0.233035201891388,-14.2280378637153,6.13799072454336e-46,3.90545878117246e-44,"ENSG00000227307.1","AC010998.1","lncRNA"
593.71761478599,-3.63091764793705,0.255369726868398,-14.2182775243684,7.05685790834242e-46,4.48282316252187e-44,"ENSG00000163687.14","DNASE1L3","protein_coding"
1391.5886479831,-1.8876267590076,0.132835460332653,-14.2102624877462,7.91283572155889e-46,5.0184307069744e-44,"ENSG00000133121.21","STARD13","protein_coding"
3242.37911866478,-2.41483093814789,0.170447427247138,-14.1675998115626,1.45385188081819e-45,9.14641124570688e-44,"ENSG00000145147.20","SLIT2","protein_coding"
5438.33341906199,-1.60633607079993,0.113418170473653,-14.1629517042252,1.55330228005027e-45,9.75638387169298e-44,"ENSG00000138593.9","SECISBP2L","protein_coding"
1668.95067463333,-1.71479335471888,0.121114598895209,-14.1584364755447,1.65638529128688e-45,1.03767072393116e-43,"ENSG00000171132.14","PRKCE","protein_coding"
2745.30087479738,-1.86533496231863,0.13175192065504,-14.1579337367122,1.66827594535792e-45,1.04283236450161e-43,"ENSG00000159640.17","ACE","protein_coding"
2678.76905573545,-2.31307759304648,0.163468797247458,-14.1499639808627,1.86852963908049e-45,1.16429033928119e-43,"ENSG00000197471.12","SPN","protein_coding"
2872.401433533,-2.24602129805702,0.159048261637039,-14.1216337414779,2.79437081893918e-45,1.72199251206156e-43,"ENSG00000198873.12","GRK5","protein_coding"
74.5844733281367,-3.19978869292235,0.226980264946616,-14.0972110226187,3.95077361120882e-45,2.41182093884886e-43,"ENSG00000164047.6","CAMP","protein_coding"
58.3638821105921,-3.22646788992044,0.228872068941474,-14.0972548762405,3.94831977778487e-45,2.41182093884886e-43,"ENSG00000205086.8","C2orf91","lncRNA"
356.180860859009,-2.62719204883899,0.186383727611672,-14.0956084659531,4.04149339156952e-45,2.46335946893313e-43,"ENSG00000112214.10","FHL5","protein_coding"
15040.2405793727,-1.61381337983315,0.114630892780039,-14.0783460783982,5.16034016486008e-45,3.13554768619782e-43,"ENSG00000163513.19","TGFBR2","protein_coding"
3210.37701410441,-1.409561933488,0.100167840784891,-14.0720007783238,5.64494285497215e-45,3.42468618384365e-43,"ENSG00000175662.18","TOM1L2","protein_coding"
4010.61713340033,-1.5116419692022,0.107565276857907,-14.053252251645,7.35759906079446e-45,4.43621277115483e-43,"ENSG00000107738.20","VSIR","protein_coding"
48.1760665063512,-1.75546090258709,0.125177615800566,-14.0237604891269,1.11543989021834e-44,6.6842692716897e-43,"ENSG00000237248.5","LINC00987","lncRNA"
3.04049863670459,-4.32825903665621,0.308860399574498,-14.0136418997678,1.28635540849354e-44,7.69669319415303e-43,"ENSG00000285216.1","AL355499.2","lncRNA"
1623.53978232714,-1.99192557647318,0.14214408969504,-14.0134252556452,1.2902864020002e-44,7.70842705292669e-43,"ENSG00000157570.12","TSPAN18","protein_coding"
1119.47036971993,-2.11415580033944,0.15087199881079,-14.0129103942662,1.29967655014828e-44,7.75268949448966e-43,"ENSG00000135111.16","TBX3","protein_coding"
7959.43130786544,-1.54514251054859,0.110270020267614,-14.0123535553787,1.30990884111327e-44,7.80183300785439e-43,"ENSG00000070614.15","NDST1","protein_coding"
4218.74560952836,-1.96953129413024,0.140597731486157,-14.0082722054741,1.38739370140901e-44,8.25077552125168e-43,"ENSG00000031081.11","ARHGAP31","protein_coding"
695.01909126466,-2.1464762607873,0.153479073543803,-13.9854653225718,1.91222044183863e-44,1.13202871572749e-42,"ENSG00000112137.18","PHACTR1","protein_coding"
906.500710605907,-1.80935225553174,0.129444377658039,-13.9778357953222,2.12863030175226e-44,1.2544492821968e-42,"ENSG00000182253.15","SYNM","protein_coding"
49.8319607661463,-4.99049034425801,0.357231111254801,-13.9699208356421,2.37890942636006e-44,1.39983616184805e-42,"ENSG00000104938.18","CLEC4M","protein_coding"
717.762856221782,-5.55167365004714,0.397643075321046,-13.9614493363549,2.67929306258864e-44,1.57186531982243e-42,"ENSG00000179914.5","ITLN1","protein_coding"
363.075883779476,-4.48469722510355,0.321301803165648,-13.9578962237926,2.81624727484688e-44,1.64973910347355e-42,"ENSG00000231322.5","RPL13AP17","transcribed_processed_pseudogene"
34.414678753457,-2.14550456305487,0.153947417674255,-13.9366063781248,3.79563310230669e-44,2.20366348555435e-42,"ENSG00000279805.1","Z95114.3","TEC"
1091.1589384074,-1.83074626898691,0.131568729345377,-13.9147522218678,5.15382291693526e-44,2.97894009693639e-42,"ENSG00000135363.12","LMO2","protein_coding"
1197.86521895795,-1.23189394106368,0.0886649665397473,-13.8938070935993,6.90645760792742e-44,3.96852558965944e-42,"ENSG00000135049.16","AGTPBP1","protein_coding"
1009.25146785836,-1.70838199736899,0.122999075839148,-13.8893888894183,7.34593875502701e-44,4.21486700033668e-42,"ENSG00000126785.13","RHOJ","protein_coding"
46.9430019051319,-3.63781679996087,0.262406515680726,-13.8632868567451,1.05720130615037e-43,6.01298609171077e-42,"ENSG00000179270.7","PCARE","protein_coding"
8.19991362514851,-4.8760373773694,0.352062092349797,-13.8499358020197,1.27325835159535e-43,7.23133128538137e-42,"ENSG00000226886.1","AC093787.1","processed_pseudogene"
456.927998263661,-2.26377910919275,0.163766751748429,-13.8231911241072,1.84697080518114e-43,1.03991100111573e-41,"ENSG00000131055.5","COX4I2","protein_coding"
186.737791759873,-3.21677536497144,0.233017863877476,-13.8048444503073,2.38286304437367e-43,1.33396014004844e-41,"ENSG00000246430.7","LINC00968","lncRNA"
8.91994983714475,-2.37887106794274,0.172618427893359,-13.7810956626969,3.31206943954544e-43,1.83575905437468e-41,"ENSG00000271334.6","LINC02104","lncRNA"
1594.85628792218,-3.00402398336092,0.218351778502152,-13.7577261974595,4.57696779616958e-43,2.51900600326177e-41,"ENSG00000128268.12","MGAT3","protein_coding"
7546.28902087594,-1.90892780057239,0.138763431120333,-13.7567065411996,4.64196474032531e-43,2.55118991929312e-41,"ENSG00000087074.8","PPP1R15A","protein_coding"
147.588189225823,-1.68238220672723,0.1223036050456,-13.755785907537,4.7014379598109e-43,2.58025201690547e-41,"ENSG00000261338.2","AC021016.1","lncRNA"
3102.89371748655,-1.74851169097645,0.127138396104946,-13.752821685222,4.89812518702978e-43,2.68443328702608e-41,"ENSG00000111961.18","SASH1","protein_coding"
1942.0551772293,-1.84609505698964,0.134271725259493,-13.7489486593092,5.16749892634973e-43,2.82810350331457e-41,"ENSG00000204301.6","NOTCH4","protein_coding"
321.616519382326,-2.34143984459097,0.170621813908839,-13.7229806139675,7.39612300145531e-43,4.01969012736038e-41,"ENSG00000182575.8","NXPH3","protein_coding"
41.9137486650704,-2.39640545957797,0.174824869204091,-13.7074631915234,9.16049774719655e-43,4.97169816013243e-41,"ENSG00000227544.10","AC018647.1","lncRNA"
145.845476304249,-3.10095694125074,0.226260754158139,-13.705235593281,9.44602098862306e-43,5.11956021199182e-41,"ENSG00000184905.9","TCEAL2","protein_coding"
3352.35642870479,-2.19198926566776,0.160087198699471,-13.6924706252293,1.12614024543962e-42,6.09501990930812e-41,"ENSG00000166927.13","MS4A7","protein_coding"
604.57999343559,-1.98474426812785,0.145000017230854,-13.6878898777505,1.19942041736867e-42,6.47372694511082e-41,"ENSG00000213203.3","GIMAP1","protein_coding"
1221.18318082858,-2.01551933665952,0.147343542571029,-13.6790476290328,1.35455171632899e-42,7.29091653530534e-41,"ENSG00000099260.11","PALMD","protein_coding"
1923.43342055476,-2.48567040813647,0.18173563885445,-13.6773965954318,1.38565536491977e-42,7.44808792371919e-41,"ENSG00000169418.10","NPR1","protein_coding"
436.784121178189,-2.18897391433713,0.160243244088171,-13.6603195148288,1.75213267835052e-42,9.40503481982637e-41,"ENSG00000167261.14","DPEP2","protein_coding"
23373.224751745,-4.48304567316588,0.329181724379873,-13.6187562709055,3.09798689312459e-42,1.63820709614673e-40,"ENSG00000066405.13","CLDN18","protein_coding"
10090.9847349008,-2.0531836575277,0.150786723583976,-13.616475036572,3.19626597148839e-42,1.68789586680583e-40,"ENSG00000125810.10","CD93","protein_coding"
5.85701140552764,-2.7324175800812,0.200833345409678,-13.6053979208849,3.71938541650975e-42,1.95885963302077e-40,"ENSG00000237803.6","LINC00211","lncRNA"
1467.92226749571,-1.38967809179635,0.10223340023973,-13.5931905672476,4.3949582396826e-42,2.3053500117563e-40,"ENSG00000088854.12","C20orf194","protein_coding"
1236.93443268376,-1.54323815040104,0.113560087604468,-13.5896174699704,4.61486012956889e-42,2.41745772061794e-40,"ENSG00000117791.16","MTARC2","protein_coding"
1779.14816483546,-2.07772448683836,0.152902236036215,-13.588581440668,4.68064396798588e-42,2.44864009507026e-40,"ENSG00000077943.8","ITGA8","protein_coding"
9.58488341326337,-2.34090923286083,0.172326624247953,-13.5841414121395,4.9732964239493e-42,2.59826518512096e-40,"ENSG00000254847.1","AC009806.1","lncRNA"
343.545245076542,-1.94363581728561,0.143158172763237,-13.5768414738019,5.49452141197298e-42,2.86674823162553e-40,"ENSG00000272379.1","AL008729.2","lncRNA"
71.1125823845742,-3.05624519133036,0.225207521071286,-13.5707954014687,5.96709667380246e-42,3.10916724291031e-40,"ENSG00000236304.1","AP001189.1","lncRNA"
349.722166485685,-2.606254007299,0.19207242840838,-13.569120924309,6.10498203874406e-42,3.17678260848529e-40,"ENSG00000164736.6","SOX17","protein_coding"
183.092008170169,-3.58965058830276,0.26480323504229,-13.5559166704647,7.30932829981097e-42,3.79842398007839e-40,"ENSG00000120057.5","SFRP5","protein_coding"
32882.4486008857,-1.6833670523892,0.124196169781718,-13.5540979673352,7.49275583963147e-42,3.88858128329733e-40,"ENSG00000115306.16","SPTBN1","protein_coding"
46.0888898062774,-3.16794358902552,0.234099798892378,-13.5324489983091,1.00614984468501e-41,5.20101051154148e-40,"ENSG00000183378.12","OVCH2","protein_coding"
127.680310767778,-2.46933150739872,0.182761227115307,-13.5112438583091,1.34234108628471e-41,6.9023848945344e-40,"ENSG00000163827.13","LRRC2","protein_coding"
1926.54800672332,-1.5693093580446,0.116186160477624,-13.5068527231936,1.42483612650886e-41,7.3169635782701e-40,"ENSG00000095637.22","SORBS1","protein_coding"
468.021916012109,-1.91355967157549,0.141900984668653,-13.4851754273852,1.91210155237169e-41,9.78071187527537e-40,"ENSG00000091428.18","RAPGEF4","protein_coding"
1474.90667712324,-1.68612259031903,0.125052778267892,-13.4832877259789,1.96166896443888e-41,1.0021157734655e-39,"ENSG00000006740.17","ARHGAP44","protein_coding"
45.4074324601462,-3.12579124439059,0.231846193370345,-13.4821762606968,1.99144949914236e-41,1.01600274251551e-39,"ENSG00000233760.2","AC004947.1","lncRNA"
12249.7344341168,-1.07920065516386,0.0801267853813945,-13.4686628201417,2.39157971179776e-41,1.21696886479009e-39,"ENSG00000111897.7","SERINC1","protein_coding"
80.2173469541187,-3.71373987808823,0.276747163828038,-13.4192518063016,4.66398122561154e-41,2.35188465643563e-39,"ENSG00000120907.18","ADRA1A","protein_coding"
3927.77699184297,-1.01151616284509,0.0754283358868388,-13.4102940354221,5.26297479328738e-41,2.64711396704535e-39,"ENSG00000117758.14","STX12","protein_coding"
145.792966744514,-2.72610740568412,0.203454208637256,-13.3991202440278,6.11841062172114e-41,3.05382048518584e-39,"ENSG00000131355.15","ADGRE3","protein_coding"
26.9352978165802,-2.04440400018575,0.152702524839917,-13.3881479846451,7.09273566017927e-41,3.52663073848126e-39,"ENSG00000189134.4","NKAPL","protein_coding"
3595.91596510303,-1.30393181004692,0.0974926120949608,-13.3746730344741,8.50267651761242e-41,4.20629879659534e-39,"ENSG00000162407.9","PLPP3","protein_coding"
42.0157020249212,-2.89702382455944,0.216681890942183,-13.3699397395994,9.06142305291153e-41,4.47140662652561e-39,"ENSG00000010379.16","SLC6A13","protein_coding"
4883.99757952518,-1.21417818546615,0.0909008515634235,-13.3571706379339,1.07575934869864e-40,5.27513020976521e-39,"ENSG00000012822.16","CALCOCO1","protein_coding"
3802.57305323794,-1.60494479262549,0.120262210140101,-13.345379157391,1.26027709309274e-40,6.16448786622651e-39,"ENSG00000173517.10","PEAK1","protein_coding"
70.3844324609795,-2.74213180166618,0.205480634085525,-13.3449646672048,1.26730649039192e-40,6.19113236897957e-39,"ENSG00000101162.4","TUBB1","protein_coding"
281.709942632852,-1.96531383554874,0.147410835714034,-13.3322209729636,1.50353901629149e-40,7.31778423463958e-39,"ENSG00000171777.16","RASGRP4","protein_coding"
2827.31856942217,-3.06360007141895,0.229825963043865,-13.3300869529446,1.54717230849336e-40,7.52079498182032e-39,"ENSG00000114812.13","VIPR1","protein_coding"
1231.67605877451,-3.45349220633263,0.259434106093658,-13.3116353062919,1.98097817397783e-40,9.55828075535469e-39,"ENSG00000165197.5","VEGFD","protein_coding"
1838.79999104692,-2.82461526273267,0.212485192241579,-13.2932334386921,2.5338718827992e-40,1.21660049872166e-38,"ENSG00000197415.12","VEPH1","protein_coding"
908.262858945729,-2.19291458621219,0.165024035182059,-13.2884557318751,2.70095062480053e-40,1.29364625335458e-38,"ENSG00000174175.17","SELP","protein_coding"
2882.05342478585,-2.25589867140569,0.170028874018745,-13.2677386968815,3.561670311214e-40,1.69758490801602e-38,"ENSG00000133401.16","PDZD2","protein_coding"
20.7487170271515,-3.18858400366457,0.240521446545048,-13.2569633580154,4.11212299666147e-40,1.95044224221042e-38,"ENSG00000254951.7","AC044810.2","lncRNA"
201.829607608407,-2.71427430181325,0.204755217215184,-13.2561911668445,4.15467271443494e-40,1.9682384744377e-38,"ENSG00000188015.10","S100A3","protein_coding"
2808.72827234029,-2.25676224979524,0.170961704320149,-13.2003963037778,8.72746942932587e-40,4.09981520094779e-38,"ENSG00000137033.11","IL33","protein_coding"
88.6024352599584,-3.10046539788224,0.234986914353756,-13.1942044790405,9.47498116089702e-40,4.43499387329021e-38,"ENSG00000184374.3","COLEC10","protein_coding"
40.8639461647286,-2.34935018376468,0.178095204440534,-13.1915409577978,9.81580551737671e-40,4.58903567145123e-38,"ENSG00000225706.2","PTPRD-AS1","lncRNA"
5333.55057393734,-2.58622820374142,0.196083781210645,-13.1894039770844,1.00980453774345e-39,4.71535338501657e-38,"ENSG00000011201.12","ANOS1","protein_coding"
202.740554430304,-1.85148356944121,0.140399401770517,-13.1872611000684,1.03891658586007e-39,4.84551190956975e-38,"ENSG00000117245.13","KIF17","protein_coding"
80.8146359065849,-2.9684102220372,0.225238711844818,-13.1789522223975,1.15990541226887e-39,5.39693920184223e-38,"ENSG00000261634.4","AC026992.2","lncRNA"
352.509202880555,-2.82146707539885,0.214376130166445,-13.1612930656422,1.46556016975921e-39,6.77081877247316e-38,"ENSG00000173114.13","LRRN3","protein_coding"
1026.39200636373,-1.70785955935274,0.129945659592846,-13.1428749886985,1.86985013007471e-39,8.61826919198512e-38,"ENSG00000066629.18","EML1","protein_coding"
2901.21871619116,-3.67355889898202,0.279763805858047,-13.130929813151,2.18951471504425e-39,1.00560915861968e-37,"ENSG00000188536.13","HBA2","protein_coding"
32.1688332345107,-2.5399616531433,0.193767532164373,-13.1082933491079,2.95165917940162e-39,1.3493151325837e-37,"ENSG00000204403.9","CASP12","polymorphic_pseudogene"
46.7227197922995,-2.0700343877531,0.158233592269411,-13.0821424077172,4.16532401224787e-39,1.8908734793883e-37,"ENSG00000286997.1","AC005856.1","lncRNA"
65.4157209515224,-1.9786860122272,0.151519711032593,-13.058934700592,5.65130599832864e-39,2.54771031129721e-37,"ENSG00000185739.13","SRL","protein_coding"
2218.89530712094,-1.05075049554036,0.0804822228745751,-13.0556843239514,5.89776777429733e-39,2.65576007797502e-37,"ENSG00000129473.11","BCL2L2","protein_coding"
8.68483896384516,-4.33392997934476,0.331993876137617,-13.0542467522753,6.01015323963261e-39,2.70325639563292e-37,"ENSG00000203757.2","OR6K3","protein_coding"
4.70617250832611,-4.10441623188208,0.314488190073682,-13.0510981379633,6.26379698663961e-39,2.81410608363025e-37,"ENSG00000273664.1","AC010776.3","lncRNA"
9098.8308488649,-2.19545107987129,0.168292993208116,-13.0454099010309,6.74930185632412e-39,3.01836492502651e-37,"ENSG00000164741.15","DLC1","protein_coding"
81.7364651016692,-3.10487283533822,0.238044663885616,-13.0432364441917,6.94453529544499e-39,3.09859305183646e-37,"ENSG00000159723.5","AGRP","protein_coding"
7.02651496639235,-4.37440055411069,0.33562750693138,-13.0334983389936,7.890522823921e-39,3.50469975735361e-37,"ENSG00000253507.5","AC104257.1","lncRNA"
1156.76037353927,-1.8151625607072,0.139490704469234,-13.0127851000104,1.0349995791735e-38,4.59190119417668e-37,"ENSG00000179144.5","GIMAP7","protein_coding"
8230.98867595361,-2.0167065700632,0.154993334554405,-13.0115696643414,1.05159580014044e-38,4.66024861328375e-37,"ENSG00000173706.14","HEG1","protein_coding"
556.064749542178,-3.1447387739328,0.241697492336651,-13.011052549741,1.0587367437738e-38,4.68658682359869e-37,"ENSG00000171049.9","FPR2","protein_coding"
1983.73845919746,-1.9993275701222,0.153752681237556,-13.0035297858197,1.1682406904132e-38,5.1596418122527e-37,"ENSG00000164659.15","ELAPOR2","protein_coding"
22.7961079485667,-3.0478793901582,0.23439746198479,-13.0030392153136,1.17576059686843e-38,5.18699976505733e-37,"ENSG00000234880.1","LINC00163","lncRNA"
1486.43326763153,-2.00980197521124,0.154833731519077,-12.9803884172591,1.58076885985192e-38,6.92688311924584e-37,"ENSG00000147443.13","DOK2","protein_coding"
54.192960454154,-2.36303950174036,0.182124670461627,-12.9748457238156,1.69938168593861e-38,7.41343419759906e-37,"ENSG00000286320.1","AC108053.1","lncRNA"
1274.44106388701,-1.53184663585338,0.118114064729465,-12.9692144569067,1.82895091190872e-38,7.96978598373053e-37,"ENSG00000100060.18","MFNG","protein_coding"
658.014529655617,-3.04969883423704,0.235195131860505,-12.9666749907299,1.89054992268309e-38,8.22904438537395e-37,"ENSG00000266524.3","GDF10","protein_coding"
50.8703728665899,-3.78433266483497,0.291862055350377,-12.9661687617869,1.90307370690031e-38,8.27435302496846e-37,"ENSG00000257604.1","AC027288.2","processed_pseudogene"
21.3509578407166,-2.65393570265742,0.204755335226325,-12.9614971923633,2.02260837499437e-38,8.7745774192799e-37,"ENSG00000272473.1","AC006273.1","lncRNA"
10.9738247328409,-2.04600866525053,0.157938657228397,-12.9544514380148,2.21715336304527e-38,9.58667715462147e-37,"ENSG00000287115.1","AC009951.6","lncRNA"
7.44508712872425,-2.39562943781599,0.184954515438717,-12.9525328545426,2.27327803547423e-38,9.80767836892414e-37,"ENSG00000125900.13","SIRPD","protein_coding"
5.83954988203909,-3.75944607584391,0.290409850110726,-12.9453118563662,2.49746993629439e-38,1.07512096894539e-36,"ENSG00000259754.2","AC092078.2","lncRNA"
35.5284834993234,-2.93519657133751,0.226912542384653,-12.9353650551492,2.84269605347439e-38,1.21837392408003e-36,"ENSG00000253177.2","AC104211.1","lncRNA"
262.964383705398,-2.23655532919279,0.173346278796814,-12.9022402137305,4.37199943608404e-38,1.85352881834674e-36,"ENSG00000183807.8","FAM162B","protein_coding"
11003.2617398481,-2.11464320904562,0.163901716018351,-12.9018979203907,4.39146530641422e-38,1.8597665465941e-36,"ENSG00000090006.18","LTBP4","protein_coding"
1787.93137238744,-1.84009943336469,0.142721482554565,-12.892939454025,4.93271984486317e-38,2.08447365280066e-36,"ENSG00000157554.19","ERG","protein_coding"
234.825882313006,-3.12848003691503,0.242696017579309,-12.8905289345866,5.08935498723727e-38,2.14834466025439e-36,"ENSG00000276850.5","AC245041.2","lncRNA"
1135.21497810054,-2.42120632214745,0.187842749760145,-12.8895383252166,5.15514910534985e-38,2.17143315006938e-36,"ENSG00000092421.17","SEMA6A","protein_coding"
167.34364351288,-1.80640937371899,0.140219690455329,-12.8827083261496,5.6323799509824e-38,2.36989956840744e-36,"ENSG00000162520.15","SYNC","protein_coding"
6965.23418592355,-1.78179849423251,0.13842651187934,-12.8718008569458,6.48717694101054e-38,2.72079014875331e-36,"ENSG00000185432.12","METTL7A","protein_coding"
1842.93525670118,-1.85908811380544,0.144463855912918,-12.868880607244,6.73714534613394e-38,2.8195853961451e-36,"ENSG00000119862.13","LGALSL","protein_coding"
38.7658049340538,-2.68359538461256,0.20864512335262,-12.8620086656766,7.36379004474369e-38,3.07198793433758e-36,"ENSG00000250041.3","AC069360.1","lncRNA"
4452.44465764545,-1.81796238841105,0.141518134525203,-12.8461443793784,9.04050629676036e-38,3.75944794791211e-36,"ENSG00000149564.12","ESAM","protein_coding"
59.9808461308182,-3.27168355964976,0.254780359650168,-12.841192170943,9.63787586366557e-38,3.99936076798619e-36,"ENSG00000251230.6","MIR3945HG","lncRNA"
9.08887267983339,-4.49448853372213,0.35010770982981,-12.8374451848174,1.01157932046042e-37,4.19323203272636e-36,"ENSG00000187821.8","HELT","protein_coding"
10.2317371573578,-2.42416112086974,0.188999196738963,-12.8263038293114,1.16804952564956e-37,4.83160105583435e-36,"ENSG00000227508.6","LINC01624","lncRNA"
533.329996582214,-2.68830968233009,0.209619233943087,-12.8247281118295,1.19203994984822e-37,4.92562991314793e-36,"ENSG00000177494.6","ZBED2","protein_coding"
241.492729607507,-2.60434551250636,0.203615842005106,-12.7904856854952,1.85312161067365e-37,7.5614704637404e-36,"ENSG00000180871.8","CXCR2","protein_coding"
11.7870911711556,-2.07330118590509,0.162152798277169,-12.7860956328437,1.96079902329121e-37,7.99250276879255e-36,"ENSG00000232077.2","LINC01031","lncRNA"
761.945753039461,-4.22052011019764,0.330110718351767,-12.7851653265625,1.98440377777429e-37,8.08030220895795e-36,"ENSG00000171243.8","SOSTDC1","protein_coding"
1603.82455470317,-1.81568088582944,0.142081931253959,-12.7791118110864,2.14505103167814e-37,8.72536298550906e-36,"ENSG00000131634.14","TMEM204","protein_coding"
1650.07227101932,-1.62161116245809,0.126915899514592,-12.777052904011,2.20258449096378e-37,8.9500865748602e-36,"ENSG00000136732.16","GYPC","protein_coding"
25.744933510709,-2.71730136709103,0.21286487993761,-12.7653813437307,2.55894352623741e-37,1.03765822927664e-35,"ENSG00000149488.13","TMC2","protein_coding"
63.0060473817406,-1.91802974534965,0.15026319305084,-12.7644681735247,2.5891295092303e-37,1.04772726810435e-35,"ENSG00000248441.7","LINC01197","lncRNA"
2006.73811316708,-1.83936542783371,0.144276204273674,-12.7489175161877,3.16104022936768e-37,1.27388944609049e-35,"ENSG00000187688.15","TRPV2","protein_coding"
39.3163009690935,-2.24651186631492,0.176265264834931,-12.7450627803427,3.3212334359442e-37,1.33706981051371e-35,"ENSG00000140932.10","CMTM2","protein_coding"
25.1974761189823,-1.86430696874531,0.146475284397805,-12.7277921077943,4.14392198793085e-37,1.66143249292748e-35,"ENSG00000287255.1","AC007877.1","lncRNA"
777.632209489251,-2.64990396874367,0.208293280492629,-12.7219848978155,4.46375203112728e-37,1.78235796663308e-35,"ENSG00000183287.14","CCBE1","protein_coding"
12073.097910605,-2.47053312805426,0.194434586711412,-12.7062431115773,5.45949234983155e-37,2.16668757749755e-35,"ENSG00000166482.12","MFAP4","protein_coding"
11.2945848999741,-4.56625314351756,0.359572174397476,-12.6991282102657,5.97920453052361e-37,2.37053953884417e-35,"ENSG00000286954.1","AL033539.2","lncRNA"
40.9372386534197,-3.13481588804613,0.247470839324937,-12.6674152663701,8.96189443453417e-37,3.52450141826891e-35,"ENSG00000272789.1","AC010976.2","lncRNA"
6178.0026952608,-2.53801975455418,0.200689775916563,-12.6464825772159,1.1699655924111e-36,4.57361874092293e-35,"ENSG00000155659.15","VSIG4","protein_coding"
754.330358712878,-1.75616170634951,0.13889572744891,-12.6437417378118,1.21148476117869e-36,4.71707564076451e-35,"ENSG00000145990.11","GFOD1","protein_coding"
61591.4560523285,-1.3461747854892,0.106475836886314,-12.6430073231219,1.22285653573356e-36,4.7566201888459e-35,"ENSG00000204592.9","HLA-E","protein_coding"
2355.31609236508,-1.81898768032649,0.143895593382797,-12.6410242146022,1.25409600209224e-36,4.87329003553836e-35,"ENSG00000121068.14","TBX2","protein_coding"
167.757183707709,-2.65075322641632,0.210114401950133,-12.6157617079739,1.72878003006572e-36,6.67148829945777e-35,"ENSG00000177453.7","NIM1K","protein_coding"
442.572475999262,-2.38448649297533,0.18909581135335,-12.609938189057,1.86138945571219e-36,7.15501284788544e-35,"ENSG00000165495.16","PKNOX2","protein_coding"
96.0539990990301,-1.77089066741509,0.140461252542733,-12.6076810177691,1.91546478770228e-36,7.35564794971325e-35,"ENSG00000261468.1","AC096921.2","lncRNA"
8.68757809997932,-4.77621078063545,0.37883803214743,-12.6075271628925,1.9192070346581e-36,7.36279318364768e-35,"ENSG00000197403.4","OR6N1","protein_coding"
4678.52168911089,-2.52747005340263,0.200606385126176,-12.599150579444,2.13430599579486e-36,8.15811777464451e-35,"ENSG00000173391.9","OLR1","protein_coding"
105.089945435085,-3.13578454914162,0.249144617374201,-12.586202271558,2.5148446906499e-36,9.56349733623143e-35,"ENSG00000130226.17","DPP6","protein_coding"
14.0966684995685,-2.91490956374722,0.231795529333059,-12.575348507084,2.88525122325046e-36,1.09401904667649e-34,"ENSG00000224968.2","LINC01645","lncRNA"
1829.65205635564,-1.09726645063744,0.0873099123188767,-12.5674900076633,3.18681473766723e-36,1.20369930018973e-34,"ENSG00000027075.15","PRKCH","protein_coding"
92.1612251361704,-1.95439195593065,0.155511373952884,-12.5675177721906,3.1856960022911e-36,1.20369930018973e-34,"ENSG00000179921.15","GPBAR1","protein_coding"
3072.76362629047,-3.33195082484138,0.265327919203519,-12.5578598544905,3.59937253848402e-36,1.35429852695594e-34,"ENSG00000134020.8","PEBP4","protein_coding"
79.6559302965376,-2.205008098993,0.17564618955056,-12.5536916265313,3.79400717957462e-36,1.42479169811837e-34,"ENSG00000233038.6","PTPRN2-AS1","lncRNA"
10.1167316309666,-3.87866433855861,0.308987268654521,-12.5528289739839,3.83557646187339e-36,1.43902150076287e-34,"ENSG00000259749.1","NCAPGP2","unprocessed_pseudogene"
3568.86920749493,-1.16924588678822,0.0933157421781137,-12.5299961131581,5.11651845058701e-36,1.8977676160182e-34,"ENSG00000149577.16","SIDT2","protein_coding"
2873.40854802361,-1.70457375216934,0.136094643948941,-12.5249143001458,5.45502413859153e-36,2.0214067193866e-34,"ENSG00000137393.10","RNF144B","protein_coding"
122.13985358652,-1.9030036089448,0.151967596438673,-12.5224301334052,5.62850485652294e-36,2.0837182927209e-34,"ENSG00000261888.1","AC144831.1","lncRNA"
24304.547979671,-2.21656523429776,0.177081779179132,-12.5171841200869,6.01307790569809e-36,2.22398630933717e-34,"ENSG00000110799.14","VWF","protein_coding"
11.5911867722205,-3.85545543276242,0.308096266481986,-12.5138012115049,6.27480536757063e-36,2.31640951734346e-34,"ENSG00000228027.1","AL136369.1","lncRNA"
4260.39048032379,-1.7373160357832,0.13886038151821,-12.5112434287484,6.48018246048239e-36,2.38772146761899e-34,"ENSG00000074527.13","NTN4","protein_coding"
49.2841687692879,-2.33339124821903,0.18672089999058,-12.4966795272342,7.78349471900123e-36,2.85183456787675e-34,"ENSG00000225101.6","OR52K3P","transcribed_unprocessed_pseudogene"
2.96104524304198,-4.0576429363336,0.324743205182584,-12.4949279048109,7.95683888754329e-36,2.91261985508378e-34,"ENSG00000260102.2","LINC01070","lncRNA"
3947.23237145355,-1.69397849106783,0.135716066530623,-12.4817829927719,9.38609763097383e-36,3.4229952133983e-34,"ENSG00000105339.11","DENND3","protein_coding"
15.9375136921284,-3.47873647905529,0.278749970325652,-12.4797734507065,9.62601447847076e-36,3.50722134596871e-34,"ENSG00000133105.8","RXFP2","protein_coding"
12.5702093363239,-2.79078521476514,0.223778689732408,-12.4711839992554,1.07220967035102e-35,3.90294294051217e-34,"ENSG00000187758.8","ADH1A","protein_coding"
127.082750811837,-3.28166439442125,0.263193686876644,-12.4686288389559,1.10714717351316e-35,4.02263473043115e-34,"ENSG00000137441.8","FGFBP2","protein_coding"
3462.77406894446,-1.4714970419946,0.118017631179471,-12.4684509194806,1.10962162692736e-35,4.02788533240208e-34,"ENSG00000184500.16","PROS1","protein_coding"
1531.10065044169,-1.7447183168566,0.140025616275735,-12.4599938444187,1.23380141735891e-35,4.46622416860976e-34,"ENSG00000185010.15","F8","protein_coding"
1272.32029155423,-2.5831897765214,0.20748532508879,-12.449987850543,1.39866454116092e-35,5.05833106840739e-34,"ENSG00000165072.10","MAMDC2","protein_coding"
37.3294571332817,-3.0319731891093,0.24362068620068,-12.4454669116716,1.48016260081563e-35,5.34319582403286e-34,"ENSG00000159339.13","PADI4","protein_coding"
3130.13927475555,-1.18934484421164,0.0956151630890968,-12.438872724647,1.60756609509579e-35,5.79775749928049e-34,"ENSG00000220205.9","VAMP2","protein_coding"
46.5007745145697,-2.39630145728523,0.192692323610686,-12.435894758977,1.66861815412663e-35,6.00687184812595e-34,"ENSG00000171873.8","ADRA1D","protein_coding"
15726.6000183645,-1.64887942705278,0.13268314956336,-12.4271954086031,1.86047754919593e-35,6.68524765634399e-34,"ENSG00000067082.15","KLF6","protein_coding"
101.863004979326,-1.99127284829417,0.16036790623038,-12.4169037003798,2.11593206554852e-35,7.58228366822152e-34,"ENSG00000168546.11","GFRA2","protein_coding"
14869.5099614067,-3.15968950702945,0.254556202682202,-12.412541803093,2.23444770248457e-35,7.99964986696465e-34,"ENSG00000171885.18","AQP4","protein_coding"
79.3422372606755,-1.54707206786261,0.12472542509693,-12.4038227703799,2.49147591297256e-35,8.87922986798992e-34,"ENSG00000251034.2","AC087854.1","lncRNA"
8.16710286419882,-4.12621363449503,0.332967462153398,-12.3922427969676,2.87877945099331e-35,1.02501836848789e-33,"ENSG00000232328.3","AC084030.1","lncRNA"
5.07020760527223,-3.15956149924006,0.255088472550278,-12.3861398661098,3.10639584817747e-35,1.10205236568479e-33,"ENSG00000235126.1","AC128709.2","lncRNA"
510.690290357246,-2.39133505337867,0.193090040040102,-12.3845593117181,3.16820405867277e-35,1.12194563818936e-33,"ENSG00000276644.5","DACH1","protein_coding"
1981.59328312129,-1.62426167859197,0.131158206444364,-12.3839881820965,3.19083757354977e-35,1.12893910570141e-33,"ENSG00000197381.16","ADARB1","protein_coding"
29.6139621998165,-3.75543760010921,0.303776625301957,-12.3624969379269,4.16999464582001e-35,1.4647761264415e-33,"ENSG00000081248.11","CACNA1S","protein_coding"
4.98701016798868,-3.50579778110055,0.283815715066306,-12.352373723497,4.72950490591148e-35,1.65833563148049e-33,"ENSG00000257002.1","AP000438.1","lncRNA"
514.84879105469,-1.9244508452957,0.155822237100265,-12.3502966014882,4.85321702975857e-35,1.69866937022793e-33,"ENSG00000125910.6","S1PR4","protein_coding"
6274.88557748436,-1.09197743633902,0.0885261264641681,-12.3350866004626,5.86258585834228e-35,2.04282143564374e-33,"ENSG00000174282.12","ZBTB4","protein_coding"
1410.10207968436,-1.61081161302422,0.130775640420314,-12.3173674229165,7.3039885375292e-35,2.5248443062019e-33,"ENSG00000186594.14","MIR22HG","lncRNA"
158.282922467736,-1.22888954782772,0.0998509744658975,-12.3072364030601,8.28104420411405e-35,2.86006655561506e-33,"ENSG00000165511.6","ZNF22-AS1","lncRNA"
44365.3168444757,-1.99661017430044,0.162262087943299,-12.3048470508905,8.52978552012746e-35,2.94078446861769e-33,"ENSG00000100234.12","TIMP3","protein_coding"
356.109627071747,-2.11622847881289,0.171989439028354,-12.3044094496058,8.57613929917583e-35,2.95416291299339e-33,"ENSG00000167850.4","CD300C","protein_coding"
1843.40940006198,-1.55177579879166,0.126235559117596,-12.2926995344163,9.91391000394202e-35,3.40598079336484e-33,"ENSG00000151702.17","FLI1","protein_coding"
43.8604578963996,-2.22136295762345,0.180710186413225,-12.2924058776848,9.94999646128936e-35,3.41537992567293e-33,"ENSG00000204420.10","MPIG6B","protein_coding"
6178.26054981222,-2.11501173672385,0.172081176132151,-12.2907791791219,1.01522723491261e-34,3.48175783780591e-33,"ENSG00000144655.15","CSRNP1","protein_coding"
8.43243092334161,-3.77511349912484,0.307416591550324,-12.2801228134327,1.15822306397255e-34,3.95829054290917e-33,"ENSG00000132671.6","SSTR4","protein_coding"
3515.20355097309,-1.5489736247578,0.126150088160156,-12.2788152378559,1.17709370673929e-34,4.01927171364878e-33,"ENSG00000198624.13","CCDC69","protein_coding"
30.6885575638018,-4.21119234900554,0.342967868044684,-12.2786789707567,1.17907777287832e-34,4.02253638452498e-33,"ENSG00000225683.6","PACRG-AS3","lncRNA"
13.715895363278,-2.18828189800843,0.178267314974926,-12.2752838809303,1.22959768060377e-34,4.19123578743086e-33,"ENSG00000284791.2","SMIM41","protein_coding"
12.8055464485048,-2.88834930938304,0.235490559245081,-12.2652445968208,1.39191340569753e-34,4.74037976312882e-33,"ENSG00000259504.2","AC026992.1","lncRNA"
9974.72786655868,-2.16099429366462,0.176214221940905,-12.2634499637,1.42309460622351e-34,4.84235782922889e-33,"ENSG00000130164.14","LDLR","protein_coding"
284.933108102337,-2.03538539062456,0.166046331714814,-12.2579365024477,1.52329621658462e-34,5.16534698883647e-33,"ENSG00000180061.10","TMEM150B","protein_coding"
693.479737918502,-1.88224242990783,0.153793818651603,-12.2387391535662,1.9300758017212e-34,6.49963822694943e-33,"ENSG00000187800.13","PEAR1","protein_coding"
71.6264512274055,-3.69542999407003,0.301980621221659,-12.2373084044937,1.96439481845225e-34,6.60952137926527e-33,"ENSG00000171819.5","ANGPTL7","protein_coding"
10935.5496910374,-2.48684955724998,0.203225643266826,-12.236888599658,1.97457912207043e-34,6.63808038021803e-33,"ENSG00000260314.3","MRC1","protein_coding"
245.972279162571,-2.09135015235948,0.170921563037669,-12.2357303267732,2.00295119989527e-34,6.72768097880703e-33,"ENSG00000070731.11","ST6GALNAC2","protein_coding"
1753.88390205732,-1.24421937440321,0.101740533564927,-12.2293380111791,2.16697398310844e-34,7.24750931051423e-33,"ENSG00000150977.10","RILPL2","protein_coding"
297.789216052381,-3.05692912461784,0.250035828363174,-12.2259643533074,2.25885028238219e-34,7.54834076856512e-33,"ENSG00000163492.15","CCDC141","protein_coding"
65.2222559141357,-3.87884072712839,0.31729743873949,-12.2246203516097,2.29652080655311e-34,7.6546129200366e-33,"ENSG00000206172.8","HBA1","protein_coding"
2877.11639633624,-1.58571570891238,0.129720373486412,-12.2241068715277,2.31107714523287e-34,7.69657529958362e-33,"ENSG00000071282.12","LMCD1","protein_coding"
86.1772219007098,-4.42579658041071,0.362326587301693,-12.2149373949352,2.58700542490647e-34,8.57172813564904e-33,"ENSG00000155897.10","ADCY8","protein_coding"
4333.97415081011,-1.34469383969809,0.110088323111089,-12.2146818272559,2.59514751796996e-34,8.5914312627481e-33,"ENSG00000137486.17","ARRB1","protein_coding"
20.558398204587,-2.54658190429214,0.20853618926557,-12.2117025023848,2.69196445034841e-34,8.89689703602903e-33,"ENSG00000163958.14","ZDHHC19","protein_coding"
29.9429528312843,-2.12326041067245,0.173891891945994,-12.2102323858313,2.74105143256456e-34,9.04385190621279e-33,"ENSG00000234362.6","LINC01914","lncRNA"
4004.88126312769,-1.61042038831999,0.132023145907951,-12.1980155619289,3.18491386120348e-34,1.04906451433294e-32,"ENSG00000174059.17","CD34","protein_coding"
11.7081298935528,-2.41296909985842,0.197851188828437,-12.195878701294,3.26957934570767e-34,1.07604633622276e-32,"ENSG00000231187.3","AL356056.2","lncRNA"
57.4358371204156,-3.4414036320967,0.282668744052151,-12.1746875256281,4.24014818520339e-34,1.39078992988427e-32,"ENSG00000110786.18","PTPN5","protein_coding"
6656.38326972882,-1.41678728011929,0.116370915274919,-12.1747541193795,4.23668896304408e-34,1.39078992988427e-32,"ENSG00000169926.11","KLF13","protein_coding"
948.815926407773,-1.56883820250329,0.128996938337284,-12.1618251000757,4.96371641816265e-34,1.61862655965936e-32,"ENSG00000103710.11","RASL12","protein_coding"
2122.2471051678,-1.48219584031418,0.121941033175793,-12.1550211746805,5.39478108683707e-34,1.75626604583213e-32,"ENSG00000140044.13","JDP2","protein_coding"
1709.55496851684,-1.30701614492773,0.107536602272024,-12.1541513988095,5.45250103370897e-34,1.7735811965924e-32,"ENSG00000109458.8","GAB1","protein_coding"
459.548843295688,-2.44538701521054,0.201399509532181,-12.1419710548987,6.32829900251036e-34,2.053338874521e-32,"ENSG00000133116.8","KL","protein_coding"
698.54279284818,-1.72242096721809,0.141971723457296,-12.1321410015578,7.13590204520465e-34,2.30772713166036e-32,"ENSG00000129467.14","ADCY4","protein_coding"
6465.96074294311,-2.0647958151054,0.170363478505915,-12.1199439763359,8.28157303291535e-34,2.67602175351784e-32,"ENSG00000168743.13","NPNT","protein_coding"
9690.51723389834,-3.25811307872662,0.268827256558604,-12.1197274429513,8.30348170924841e-34,2.6808873165396e-32,"ENSG00000196616.14","ADH1B","protein_coding"
743.179505904549,-2.30870415302491,0.19050588150947,-12.1188077487789,8.39717900561877e-34,2.70890364112834e-32,"ENSG00000144681.10","STAC","protein_coding"
466.634848462698,-2.70695308784203,0.223583962234455,-12.1070986522882,9.68599923417829e-34,3.10674455764451e-32,"ENSG00000139874.6","SSTR1","protein_coding"
352.183220952399,-2.25055374462814,0.186445042528493,-12.0708693248533,1.50535589369933e-33,4.79300907049215e-32,"ENSG00000157168.20","NRG1","protein_coding"
51.4412328410002,-2.39953933035795,0.198920167473235,-12.0628258101623,1.65988269369161e-33,5.28072111275175e-32,"ENSG00000213144.2","AC084880.1","processed_pseudogene"
1800.98779492478,-1.06090318291837,0.0879616501528764,-12.0609740844395,1.69763098523032e-33,5.39642551446367e-32,"ENSG00000163788.14","SNRK","protein_coding"
4891.30015927712,-1.94498146668326,0.161407925909084,-12.0500988766736,1.93717415541973e-33,6.14291425249023e-32,"ENSG00000165757.9","JCAD","protein_coding"
186.763076603832,-2.622037874832,0.217653091168637,-12.0468671533842,2.01462345250618e-33,6.37436123197884e-32,"ENSG00000187323.12","DCC","protein_coding"
5.68727145074616,-3.95701742193411,0.328508103432955,-12.0454179990774,2.05034428251077e-33,6.47554657941315e-32,"ENSG00000269186.3","LINC01082","lncRNA"
948.856497864121,-2.2068548059776,0.183319221251838,-12.0383165000788,2.2346953211479e-33,7.04640311134879e-32,"ENSG00000107242.20","PIP5K1B","protein_coding"
1949.90578871404,-1.24608662554371,0.103580091969644,-12.0301749288744,2.46637648473103e-33,7.75818152926124e-32,"ENSG00000100034.14","PPM1F","protein_coding"
226.40379477837,-3.37236647076376,0.280632978665659,-12.016999879339,2.89285102520489e-33,9.0923818046018e-32,"ENSG00000244280.1","ECEL1P2","transcribed_unprocessed_pseudogene"
116.850834816415,-4.00772825348993,0.333631074308702,-12.0124549603004,3.05635094868578e-33,9.59086359045897e-32,"ENSG00000110203.9","FOLR3","protein_coding"
816.906420427895,-2.51176369143029,0.209181262995867,-12.0075940619974,3.24138439730708e-33,1.01633503887038e-31,"ENSG00000186417.14","GLDN","protein_coding"
2535.25669787822,-1.03258438257509,0.0859973320527658,-12.0071676402882,3.25813767385727e-33,1.02077009860455e-31,"ENSG00000132376.20","INPP5K","protein_coding"
414.391533465791,-1.94186405857749,0.161735632413698,-12.0064084184645,3.28817916538376e-33,1.02935791136505e-31,"ENSG00000132970.14","WASF3","protein_coding"
83.9030869619531,-2.5525136844258,0.212723642446142,-11.9992007238784,3.58744035725079e-33,1.12035218371573e-31,"ENSG00000161640.15","SIGLEC11","protein_coding"
15927.659259482,-1.85626205967156,0.154714726996523,-11.9979661646126,3.6413461259205e-33,1.13628002594414e-31,"ENSG00000152583.12","SPARCL1","protein_coding"
818.401631073725,-1.09889740272625,0.0916024784229709,-11.996371950245,3.71214762764434e-33,1.15745058818606e-31,"ENSG00000111684.11","LPCAT3","protein_coding"
2022.32829401525,-1.1364232278104,0.0947603878086699,-11.9925978997146,3.88525568898895e-33,1.20949833226592e-31,"ENSG00000101665.9","SMAD7","protein_coding"
2180.1196999099,-2.69862368927592,0.225043398333338,-11.9915701116398,3.9337716382723e-33,1.22265621904077e-31,"ENSG00000168907.13","PLA2G4F","protein_coding"
16.240433859026,-2.70578385487284,0.225642004416383,-11.9914900679565,3.93757519669677e-33,1.22286710334874e-31,"ENSG00000268926.3","AL354861.3","lncRNA"
591.169112256368,-2.34769840431238,0.195860192222522,-11.9866031870585,4.17684540059232e-33,1.29511994746892e-31,"ENSG00000137872.17","SEMA6D","protein_coding"
4898.24085579049,-1.11715923345978,0.0932118859574598,-11.9851585662544,4.25030281147227e-33,1.3168535179392e-31,"ENSG00000196396.10","PTPN1","protein_coding"
1663.64410029386,-2.87790108253729,0.240131583179352,-11.984683748942,4.27472581180152e-33,1.32337259289245e-31,"ENSG00000175084.12","DES","protein_coding"
82.9804546377061,-1.24733795160339,0.104078969860753,-11.9845339867622,4.28245794880912e-33,1.32471827663913e-31,"ENSG00000236914.4","LINC01852","lncRNA"
38.6090565765047,-2.46980087975192,0.206246088802095,-11.9750192311372,4.80326220073838e-33,1.48464812936093e-31,"ENSG00000141161.12","UNC45B","protein_coding"
515.767085676909,-1.71215719527043,0.143010820109999,-11.9722213602684,4.96804535333821e-33,1.53315916972774e-31,"ENSG00000137726.17","FXYD6","protein_coding"
154.102347328847,-2.36071705903246,0.1972241523518,-11.969715832884,5.12036916781306e-33,1.57892171714494e-31,"ENSG00000111339.12","ART4","protein_coding"
331.39355006534,-2.94652140287689,0.24622870321234,-11.9666040735141,5.31602087018529e-33,1.63667358513942e-31,"ENSG00000141469.18","SLC14A1","protein_coding"
6663.37199623993,-1.63642358726103,0.136856705800887,-11.9572042720498,5.95326485465267e-33,1.82998591537638e-31,"ENSG00000183087.15","GAS6","protein_coding"
56.0620422383243,-2.44179058010657,0.204303300778518,-11.9517921188835,6.35400907367926e-33,1.94857938136476e-31,"ENSG00000254810.1","AP001189.3","lncRNA"
1037.55158641857,-2.03687092279776,0.170623648324942,-11.9377996121538,7.51859404647476e-33,2.2895727909152e-31,"ENSG00000109846.9","CRYAB","protein_coding"
1108.26132168653,-2.34584582555331,0.196529785748396,-11.9363373679985,7.65190702713045e-33,2.32835749516829e-31,"ENSG00000140254.12","DUOXA1","protein_coding"
346.132067991361,-2.04862935194981,0.171738626960164,-11.9287628427646,8.38097673506101e-33,2.54229457844707e-31,"ENSG00000103647.13","CORO2B","protein_coding"
239.732074206637,-2.05817860235296,0.17262958300813,-11.9225138964509,9.03407923041761e-33,2.73404914435786e-31,"ENSG00000112964.14","GHR","protein_coding"
9.59360135286927,-2.54853889776796,0.213796401736418,-11.9204012652653,9.26611736046793e-33,2.79994160951715e-31,"ENSG00000272784.1","AC019193.2","lncRNA"
11561.1896136695,-1.01838359907048,0.0854449010284969,-11.9186000195709,9.46862274635733e-33,2.85672071463152e-31,"ENSG00000129353.15","SLC44A2","protein_coding"
1373.54610160826,-2.12963105424729,0.178737538038163,-11.9148505547423,9.90436096447927e-33,2.98358390224048e-31,"ENSG00000154188.10","ANGPT1","protein_coding"
48.9615289224958,-1.82310703477664,0.153133466653598,-11.9053468494949,1.11000799305637e-32,3.33351671345272e-31,"ENSG00000231993.1","EP300-AS1","lncRNA"
53.3231700192671,-2.28419851118612,0.192033368323432,-11.8948000086056,1.25954379030822e-32,3.76813517267209e-31,"ENSG00000167210.17","LOXHD1","protein_coding"
2303.32808860912,-2.06492591833731,0.173613317942317,-11.8938221031142,1.27438306298537e-32,3.80961677904358e-31,"ENSG00000000938.13","FGR","protein_coding"
12.6455176615481,-2.43581981627941,0.204803168993597,-11.893467411901,1.27980813872369e-32,3.82291391422875e-31,"ENSG00000270076.1","AF131215.7","lncRNA"
17103.4710680946,-3.6298108041375,0.305223979782035,-11.8922858116509,1.29804696084108e-32,3.87443749997502e-31,"ENSG00000244734.4","HBB","protein_coding"
754.621303148308,-1.08156628222919,0.0909540429030436,-11.8913491661072,1.31268794609027e-32,3.91515183067516e-31,"ENSG00000169379.16","ARL13B","protein_coding"
1036.98368294989,-2.82534966254707,0.237744794200287,-11.8839601600987,1.43408630163931e-32,4.26098945098313e-31,"ENSG00000152580.8","IGSF10","protein_coding"
134.431975690407,-3.65946827715139,0.307973088177491,-11.882428749886,1.46060842199158e-32,4.3364998604668e-31,"ENSG00000282012.1","AP000357.2","lncRNA"
2935.32547330438,-2.17393507875601,0.183040960529479,-11.8767683062169,1.5629371411513e-32,4.62977238988582e-31,"ENSG00000090530.10","P3H2","protein_coding"
212.482463534578,-2.81510752547903,0.237035374407915,-11.8763181761828,1.57137369870039e-32,4.65124237547994e-31,"ENSG00000147655.12","RSPO2","protein_coding"
2235.81479991556,-1.44767756875986,0.121992391998046,-11.8669496109482,1.7575990739145e-32,5.18677295334452e-31,"ENSG00000128512.23","DOCK4","protein_coding"
4.73770920811094,-3.09417139347941,0.260834114794445,-11.8626023897136,1.85130146968412e-32,5.45917692616497e-31,"ENSG00000236013.7","AL357146.1","lncRNA"
185.299815860049,-3.79852102950169,0.320713550281768,-11.8439680087244,2.31247408997751e-32,6.80371606127144e-31,"ENSG00000116147.17","TNR","protein_coding"
520.627373992359,-1.36547522660702,0.115429532353564,-11.8295136328244,2.74729005748217e-32,8.04070360802804e-31,"ENSG00000279453.1","Z99129.4","TEC"
4.32854734224639,-3.5689194526446,0.30186769407022,-11.8227936369183,2.97619928330305e-32,8.6911682205173e-31,"ENSG00000254089.2","AC016885.2","lncRNA"
73.7699596823176,-1.33002158098522,0.112520036100772,-11.8203088718712,3.06555349637385e-32,8.93876109289158e-31,"ENSG00000277782.1","AC068870.2","lncRNA"
1520.3945907128,-1.40457517592407,0.118868194528792,-11.8162405132169,3.21764138077989e-32,9.36130296440875e-31,"ENSG00000188921.14","HACD4","protein_coding"
12.8246452796228,-1.90249793443,0.16100952761769,-11.8160581089797,3.22463298178994e-32,9.37467408695559e-31,"ENSG00000200253.1","RNU6-529P","snRNA"
159.324426025668,-2.40031884662177,0.203155721449863,-11.8151673479408,3.25899339247388e-32,9.4675330691088e-31,"ENSG00000129048.7","ACKR4","protein_coding"
3241.11067054521,-1.23155248331326,0.10424557333434,-11.8139547217356,3.3063545445554e-32,9.59799404176539e-31,"ENSG00000235750.10","KIAA0040","protein_coding"
9066.88833939439,-1.83101695558055,0.155002688207135,-11.8128077439129,3.35178040903369e-32,9.72264782697533e-31,"ENSG00000179820.16","MYADM","protein_coding"
5713.56398082627,-1.17572875353556,0.0995317542213097,-11.8125995340273,3.36009273608202e-32,9.73953991523152e-31,"ENSG00000111412.6","SPRING1","protein_coding"
5932.47591914333,-1.07014705715252,0.0906420818229564,-11.8062938938533,3.62176417307697e-32,1.04824891905825e-30,"ENSG00000156052.11","GNAQ","protein_coding"
258.316221473194,-2.06893203774,0.175293770799867,-11.8026557834853,3.78184185788958e-32,1.09215685417769e-30,"ENSG00000137960.6","GIPC2","protein_coding"
954.641557322234,-2.38130537178727,0.201894694240151,-11.7947892625387,4.15238773875634e-32,1.1973992970175e-30,"ENSG00000144218.19","AFF3","protein_coding"
246.488072345412,-2.47459279289924,0.210015731555343,-11.7828925222544,4.78232788144984e-32,1.37600935536039e-30,"ENSG00000004776.13","HSPB6","protein_coding"
7394.93727824487,-2.30605353830976,0.195848422598,-11.7746852781306,5.27134690499226e-32,1.51337546397104e-30,"ENSG00000038945.15","MSR1","protein_coding"
8.24075086422837,-3.70386264410677,0.314706718950132,-11.7692518814435,5.62208620325085e-32,1.61170589904329e-30,"ENSG00000205240.4","OR7E36P","unprocessed_pseudogene"
361.154876713501,-2.47672757609588,0.210682668359043,-11.7557253066259,6.59916357893439e-32,1.88628100808825e-30,"ENSG00000164850.15","GPER1","protein_coding"
32.053567799313,-3.61374896889995,0.307516587019905,-11.7513952789351,6.94623234047994e-32,1.98114444398922e-30,"ENSG00000256234.1","AC022509.2","lncRNA"
119.93234500566,-1.8388210764798,0.156514532826095,-11.7485644513468,7.18287070199836e-32,2.04416664319926e-30,"ENSG00000103313.13","MEFV","protein_coding"
1297.30856397577,-2.28282580177272,0.194315996917012,-11.7480075649545,7.23035633991583e-32,2.05551597614587e-30,"ENSG00000170909.13","OSCAR","protein_coding"
3674.62643811099,-2.37144203578731,0.201861636863321,-11.7478589425736,7.24308196056562e-32,2.05681451523145e-30,"ENSG00000113070.8","HBEGF","protein_coding"
1219.80197130483,-3.59308470995227,0.306028313583416,-11.7410205215305,7.85330405093781e-32,2.2236442895604e-30,"ENSG00000115602.17","IL1RL1","protein_coding"
7242.02348654387,-1.21004298659762,0.103148158489023,-11.7311157496466,8.82871561316419e-32,2.49621727354572e-30,"ENSG00000119280.17","C1orf198","protein_coding"
270.276408746297,-3.2083923495974,0.273857074344842,-11.715572282633,1.0607254848043e-31,2.98828286147423e-30,"ENSG00000259417.3","CTXND1","protein_coding"
30.7411281706863,-2.35578528325127,0.201493768607649,-11.6916036636274,1.40704398698409e-31,3.94971580019186e-30,"ENSG00000260398.1","AC068700.1","lncRNA"
1882.25739480271,-1.86449877463568,0.159616014539026,-11.6811510425216,1.59125991205846e-31,4.44768511562569e-30,"ENSG00000078596.11","ITM2A","protein_coding"
112.003161545779,-3.09825857755096,0.265250004712396,-11.6805222337708,1.60307583893471e-31,4.47431959011085e-30,"ENSG00000150275.19","PCDH15","protein_coding"
547.906501292359,-1.73782598659053,0.148870439227077,-11.6734120998983,1.74289803463648e-31,4.85764551234758e-30,"ENSG00000169860.7","P2RY1","protein_coding"
791.347319162383,-1.82653144630022,0.15649531553687,-11.6714768108819,1.7830087907968e-31,4.96590156531455e-30,"ENSG00000149557.14","FEZ1","protein_coding"
13338.2497935714,-1.61902905845629,0.138718874259053,-11.671296116726,1.78680030815252e-31,4.97292196716331e-30,"ENSG00000101335.10","MYL9","protein_coding"
236.003937466741,-2.39079894235848,0.204877894211799,-11.6693845939617,1.82740344361671e-31,5.08231159574736e-30,"ENSG00000120645.12","IQSEC3","protein_coding"
3783.27967096678,-1.38801925915627,0.119009048933124,-11.6631405056959,1.96652668851947e-31,5.44986939436653e-30,"ENSG00000173482.17","PTPRM","protein_coding"
38.9674524598563,-2.26305329179909,0.194042607890763,-11.6626617030064,1.97761897601754e-31,5.47673093775954e-30,"ENSG00000283913.1","AL512662.1","lncRNA"
161.473205483872,-1.57723898243154,0.135241624914795,-11.6623782317406,1.98421532605436e-31,5.49111244157237e-30,"ENSG00000153902.14","LGI4","protein_coding"
592.774736265049,-2.15621348541843,0.185288494883961,-11.637060826517,2.67060895374187e-31,7.34905759274775e-30,"ENSG00000133246.12","PRAM1","protein_coding"
7.28582623592693,-3.05711776966534,0.262961022415487,-11.6257449168075,3.04921878484509e-31,8.35567088723901e-30,"ENSG00000124003.13","MOGAT1","protein_coding"
105.465460075726,-2.82512076436333,0.24309242920453,-11.6215909051876,3.20118977101459e-31,8.75984314192811e-30,"ENSG00000183379.9","SYNDIG1L","protein_coding"
4.92487302186609,-2.86977285726873,0.247065886646225,-11.6154152085673,3.44112631685068e-31,9.39014741315787e-30,"ENSG00000272411.1","AC116312.1","lncRNA"
423.543106361955,-2.30935467806818,0.198935213939938,-11.6085766432755,3.72768993843279e-31,1.01579550822294e-29,"ENSG00000235997.3","LINC01936","lncRNA"
17.3732823943466,-3.10935857786543,0.268047816682581,-11.6000145658619,4.1200811675058e-31,1.12116061311314e-29,"ENSG00000182533.7","CAV3","protein_coding"
76.6789318609126,-1.52548042611837,0.131639077380568,-11.5883554980275,4.7210980792732e-31,1.28114624785048e-29,"ENSG00000068976.14","PYGM","protein_coding"
26.5465430910173,-2.63930801512219,0.227757542991019,-11.5882353684605,4.72772318739951e-31,1.28205499685468e-29,"ENSG00000275830.2","AL390755.1","lncRNA"
1590.61261209426,-1.64537688975304,0.141988269882577,-11.5881184488955,4.73418012734977e-31,1.28291691525848e-29,"ENSG00000113555.6","PCDH12","protein_coding"
10.091988875282,-2.07008888804744,0.17865288588834,-11.5872121390822,4.78452936784463e-31,1.29566379718428e-29,"ENSG00000279447.1","AL118508.3","TEC"
145.878165719826,-2.72665765660903,0.235464779285386,-11.579896003488,5.21092316928369e-31,1.41015653206943e-29,"ENSG00000118729.12","CASQ2","protein_coding"
190.572148158531,-2.04122937299445,0.176274849758148,-11.5798105957546,5.21611728672242e-31,1.41058663128359e-29,"ENSG00000174326.14","SLC16A11","protein_coding"
21.5217145765605,-3.25693630490388,0.281396674710392,-11.5741819204362,5.57000337429862e-31,1.50006746069979e-29,"ENSG00000253821.2","AC090796.1","lncRNA"
9.80727882444615,-2.39817381667218,0.207225410719657,-11.5727786874387,5.66187691951184e-31,1.52376138746505e-29,"ENSG00000283175.1","AC007920.2","lncRNA"
646.512801992593,-1.1704487010426,0.101256001254942,-11.5593020318435,6.62450319748288e-31,1.78038073228504e-29,"ENSG00000019485.13","PRDM11","protein_coding"
2.25922928481557,-4.05650882283383,0.351021788113374,-11.5562878436584,6.86111370078136e-31,1.84270583545145e-29,"ENSG00000222429.1","RNU6-955P","snRNA"
5724.13983392563,-2.11996578324147,0.183464087939979,-11.5552084718347,6.94786752043726e-31,1.86472567861612e-29,"ENSG00000168685.15","IL7R","protein_coding"
12346.9163838075,-1.52287427084764,0.131840707892332,-11.5508653980476,7.30808277252442e-31,1.95603684659133e-29,"ENSG00000064042.18","LIMCH1","protein_coding"
313.726774920805,-1.69356165858469,0.146969925013347,-11.5231851579899,1.0081409464379e-30,2.67817809742439e-29,"ENSG00000188001.10","TPRG1","protein_coding"
18019.0256870842,-1.20373339071233,0.104478239048619,-11.5213790132141,1.02950012875312e-30,2.73121149411785e-29,"ENSG00000148175.13","STOM","protein_coding"
5174.33171104391,-2.04342219531492,0.177364812919415,-11.5210123230212,1.03389109548651e-30,2.74100219901644e-29,"ENSG00000138772.13","ANXA3","protein_coding"
5689.71825968413,-1.98674990425403,0.172498295492516,-11.517504556097,1.07684601084979e-30,2.84909136244512e-29,"ENSG00000174640.15","SLCO2A1","protein_coding"
26051.1270348013,-2.25574649941651,0.195931222759855,-11.5129506550433,1.13526412317792e-30,2.99959624605504e-29,"ENSG00000167972.14","ABCA3","protein_coding"
482.385230649026,-2.06401930362156,0.179325236150053,-11.5099210124249,1.1758605040374e-30,3.10057933850995e-29,"ENSG00000155011.9","DKK2","protein_coding"
2912.65217953991,-1.9956639213632,0.173395766967515,-11.5093001188264,1.18435654522352e-30,3.12087918997585e-29,"ENSG00000018280.17","SLC11A1","protein_coding"
2440.65961093402,-1.44908195060568,0.125923561162678,-11.5076315919436,1.20749103674439e-30,3.17969931082402e-29,"ENSG00000073910.22","FRY","protein_coding"
10.3404703029441,-4.19337256979236,0.364425193026209,-11.506813058039,1.21900363374648e-30,3.20785683874469e-29,"ENSG00000264125.1","AC104984.1","lncRNA"
1880.19764240379,-1.35785052510534,0.11804779165863,-11.5025491457897,1.28076045422963e-30,3.3568276848265e-29,"ENSG00000129675.16","ARHGEF6","protein_coding"
200.805064961451,-2.67777268080328,0.232804884482623,-11.5022186358085,1.28567513120579e-30,3.36745338415084e-29,"ENSG00000176697.20","BDNF","protein_coding"
5059.11083358318,-1.67136221073461,0.145418150480294,-11.4934910478118,1.42244966950616e-30,3.71822832447865e-29,"ENSG00000078114.19","NEBL","protein_coding"
468.763919113766,-1.76209477921525,0.153406527034846,-11.4864394186761,1.54343157857563e-30,4.02371892746456e-29,"ENSG00000161281.11","COX7A1","protein_coding"
23.7347384071404,-2.16602832861291,0.188636799290469,-11.4825332955188,1.61478723152208e-30,4.20414099512245e-29,"ENSG00000231768.2","LINC01354","lncRNA"
1811.41592047826,-1.8000534878448,0.156781848381344,-11.4812620620882,1.63870856626619e-30,4.26358410282994e-29,"ENSG00000143110.12","C1orf162","protein_coding"
93880.5623581028,-1.75953404007898,0.153268618366762,-11.4800672102917,1.66151314031548e-30,4.31717600887682e-29,"ENSG00000175899.15","A2M","protein_coding"
42.0870515600109,-1.43588478544167,0.125093319216575,-11.4785089598248,1.69172730653119e-30,4.39276584153099e-29,"ENSG00000285928.1","AC103591.4","lncRNA"
12.9458668756757,-2.40871790823043,0.209885721613275,-11.4763304988827,1.73488342070011e-30,4.5018384042053e-29,"ENSG00000234506.5","LINC01506","lncRNA"
211.734078106397,-1.71300656196813,0.149329809535019,-11.4712967712345,1.83882827321685e-30,4.76209061278946e-29,"ENSG00000134532.19","SOX5","protein_coding"
282.201418581716,-3.66584800381391,0.319759759291674,-11.4643819220231,1.99176479718376e-30,5.14793581760883e-29,"ENSG00000164530.15","PI16","protein_coding"
1683.4676424796,-1.68864704749645,0.147354042212642,-11.4597945338997,2.10012417866952e-30,5.41369955438188e-29,"ENSG00000147027.4","TMEM47","protein_coding"
16.0403072811221,-2.38870480215148,0.208860081697976,-11.4368661676849,2.73590232559337e-30,7.0018701048263e-29,"ENSG00000171446.7","KRT27","protein_coding"
6790.52103873881,-1.39840018365212,0.122329942550008,-11.4313810217026,2.91436448628363e-30,7.43913872881701e-29,"ENSG00000123146.20","ADGRE5","protein_coding"
269.258302433181,-2.04177177942999,0.178648055992474,-11.4290176183949,2.99477669568444e-30,7.63941374699009e-29,"ENSG00000250899.3","AC125807.2","lncRNA"
326.275830634947,-2.6311985025118,0.230317870535623,-11.4242047149565,3.1654012644505e-30,8.06414823432374e-29,"ENSG00000174837.15","ADGRE1","protein_coding"
379.690393980022,-2.50534108861025,0.219596041724732,-11.408862695944,3.77634449547892e-30,9.55217430204174e-29,"ENSG00000205038.12","PKHD1L1","protein_coding"
3423.95702584965,-1.35809988935081,0.119071925907977,-11.4057102796875,3.91568096064802e-30,9.89183419439107e-29,"ENSG00000073712.15","FERMT2","protein_coding"
20.925298627203,-2.18748869314353,0.191807632535147,-11.4045967005129,3.96611086551139e-30,1.00127667276339e-28,"ENSG00000272839.1","AC011899.2","lncRNA"
8.53332597821771,-2.34892473288255,0.206398504382508,-11.3805317529308,5.22799803961706e-30,1.31476086946179e-28,"ENSG00000273650.1","AC100793.4","lncRNA"
319.755083070161,-2.17624308640474,0.191245849126205,-11.3792957930742,5.30261730745028e-30,1.33266999266434e-28,"ENSG00000157927.17","RADIL","protein_coding"
602.331337170414,-1.46991340559558,0.12925821965452,-11.3719143705085,5.77078372109799e-30,1.44847041558875e-28,"ENSG00000131370.16","SH3BP5","protein_coding"
4565.49071782474,-1.29648920262836,0.114048358553761,-11.3678900693446,6.04307190929864e-30,1.51487153672495e-28,"ENSG00000103994.18","ZNF106","protein_coding"
6.9222811150525,-2.61706664435491,0.23035640041507,-11.3609460802449,6.5432159862623e-30,1.63919708552132e-28,"ENSG00000287124.1","AL512603.2","lncRNA"
349.221317513848,-1.12475168860044,0.0990206329208772,-11.3587608503692,6.70894807590821e-30,1.67642303421688e-28,"ENSG00000171943.12","SRGAP2C","protein_coding"
62600.2507941009,-1.95192715223586,0.17198191807641,-11.349606831159,7.44969254184634e-30,1.85323533919256e-28,"ENSG00000124942.14","AHNAK","protein_coding"
230.2348159852,-1.88490683006945,0.166299801233604,-11.3343901561355,8.8647416664283e-30,2.1968727431856e-28,"ENSG00000160801.14","PTH1R","protein_coding"
6.99800966465815,-2.16832943526865,0.191323552388578,-11.333311598066,8.97461242918685e-30,2.22269341118045e-28,"ENSG00000255363.3","LINC02757","lncRNA"
9828.28006339303,-1.53267274653831,0.13535621107513,-11.3232539117661,1.00664748036157e-29,2.48681329255231e-28,"ENSG00000106991.14","ENG","protein_coding"
1081.18405122142,-1.92622693608878,0.170144995963748,-11.3210907272242,1.03180079261513e-29,2.54734364768597e-28,"ENSG00000106034.18","CPED1","protein_coding"
21.9830719338906,-2.33887988782681,0.207058769550792,-11.2957296756904,1.37755155430017e-29,3.38386502644821e-28,"ENSG00000286277.1","AL009177.1","lncRNA"
2045.96443885881,-1.49241708123546,0.132188820979805,-11.2900400364676,1.46969712891232e-29,3.60117209464421e-28,"ENSG00000110328.6","GALNT18","protein_coding"
29.9077289750747,-2.28757655789397,0.202655585518114,-11.2880015226104,1.5041786719946e-29,3.67875097586379e-28,"ENSG00000280255.1","AC004947.2","TEC"
769.803280129687,-1.85408215784542,0.164306228218585,-11.2843084400845,1.56870430218974e-29,3.82699302051039e-28,"ENSG00000101955.15","SRPX","protein_coding"
2430.29229436851,-1.49365635365706,0.132465469989563,-11.2758166620686,1.7276795377089e-29,4.20957833064054e-28,"ENSG00000183722.9","LHFPL6","protein_coding"
2315.86763303148,-1.45835614605283,0.129377307559237,-11.2721169853152,1.80184731165384e-29,4.38483129056757e-28,"ENSG00000133574.10","GIMAP4","protein_coding"
3446.81595276608,-1.17297430669695,0.104061163713925,-11.2719699149395,1.80486005365167e-29,4.38943311121463e-28,"ENSG00000064999.15","ANKS1A","protein_coding"
199.338082148913,-1.86082815639609,0.165092695489381,-11.2714142250817,1.81628857330606e-29,4.41448373677263e-28,"ENSG00000178175.12","ZNF366","protein_coding"
2412.57623804931,-3.24114689843542,0.287595091156344,-11.2698269132607,1.84933083747209e-29,4.49200279336564e-28,"ENSG00000164161.10","HHIP","protein_coding"
10.7475104626804,-2.69969390853018,0.239568331969105,-11.2689932193473,1.86692363202162e-29,4.52911274920261e-28,"ENSG00000143595.13","AQP10","protein_coding"
544.568356165661,-1.6853625923191,0.149588937000276,-11.2666259023954,1.91778973932571e-29,4.64675110152039e-28,"ENSG00000124191.18","TOX2","protein_coding"
1231.61041496101,-2.14402489783528,0.190301355414093,-11.2664720289034,1.92114318768146e-29,4.65199592061653e-28,"ENSG00000233476.3","EEF1A1P6","processed_pseudogene"
9377.05398658273,-1.85936368064388,0.165070757833779,-11.2640403730151,1.97491670957784e-29,4.77629578260139e-28,"ENSG00000102575.13","ACP5","protein_coding"
118.73576038645,-2.05268041541957,0.182254551106711,-11.2627114272593,2.00493338982361e-29,4.84589552051808e-28,"ENSG00000140090.18","SLC24A4","protein_coding"
41.9620771622399,-2.62728106152309,0.233287879904007,-11.2619698143091,2.02188043167097e-29,4.88383970195781e-28,"ENSG00000204020.6","LIPN","protein_coding"
2197.69429473469,-2.1308088864282,0.189317945972388,-11.2551870108446,2.18362429088139e-29,5.26802725810603e-28,"ENSG00000106688.12","SLC1A1","protein_coding"
808.750225920675,-2.11183693548717,0.187675752095305,-11.2525827759291,2.24908094716566e-29,5.42259929411828e-28,"ENSG00000156218.13","ADAMTSL3","protein_coding"
6.00796112941301,-3.7597264151133,0.334177211770905,-11.2506965845737,2.29770201131319e-29,5.53641486482121e-28,"ENSG00000236054.1","SYN3-AS1","lncRNA"
409.644661403016,-2.17679474089976,0.193559683881031,-11.2461164290685,2.42015100201228e-29,5.82428836775784e-28,"ENSG00000172322.14","CLEC12A","protein_coding"
4578.47936102122,-1.91345259872865,0.170181045975137,-11.2436293229047,2.48933333519659e-29,5.97974848002319e-28,"ENSG00000012779.11","ALOX5","protein_coding"
10.2634572896911,-3.46445231671472,0.308189557199207,-11.2413033984645,2.55580642774452e-29,6.13189830313125e-28,"ENSG00000237923.1","LINC02570","lncRNA"
36.2639443885688,-1.37787384221653,0.122597665493584,-11.2389892309054,2.62369106558045e-29,6.29091023818802e-28,"ENSG00000259523.1","AC022613.2","lncRNA"
14.3819306179584,-2.99898704187876,0.267114136116953,-11.2273617767863,2.99281576233307e-29,7.17157829735794e-28,"ENSG00000239268.3","AC092691.1","lncRNA"
18.7349322581282,-2.187750768966,0.19487282741193,-11.2265563035191,3.02021594869743e-29,7.23280723919701e-28,"ENSG00000165682.14","CLEC1B","protein_coding"
31.7222027419082,-2.06180294654863,0.183756866226645,-11.220277037189,3.24253064019134e-29,7.75097535011162e-28,"ENSG00000251600.8","AC107223.1","lncRNA"
1507.81226127696,-1.8223402630697,0.16250762995353,-11.2138750875317,3.48590342919425e-29,8.30061697980151e-28,"ENSG00000153823.19","PID1","protein_coding"
1946.18956718506,-2.25242515958308,0.200861195613231,-11.2138392520587,3.48731550811216e-29,8.30061697980151e-28,"ENSG00000160867.15","FGFR4","protein_coding"
825.171342448965,-1.71813393922902,0.153295155839357,-11.208011954595,3.72465217003012e-29,8.85476087882434e-28,"ENSG00000176438.12","SYNE3","protein_coding"
3369.51370595395,-1.68608826593963,0.150480237221346,-11.204715629598,3.86593252329167e-29,9.17947849326009e-28,"ENSG00000159200.18","RCAN1","protein_coding"
1181.19408536144,-1.47564579698078,0.131704824182661,-11.2041894147644,3.88897303164003e-29,9.22858724688334e-28,"ENSG00000157510.14","AFAP1L1","protein_coding"
53.7034581553575,-2.30487625793023,0.205791412502543,-11.2000604393623,4.07455425004175e-29,9.65141539699659e-28,"ENSG00000240563.2","L1TD1","protein_coding"
279.87875205957,-1.73482846176785,0.154962047162304,-11.1951829079208,4.30512858565656e-29,1.01914087528933e-27,"ENSG00000254122.3","PCDHGB7","protein_coding"
151.773217453532,-2.81280505401551,0.25149837241124,-11.184187901686,4.87346491702393e-29,1.14950907575686e-27,"ENSG00000070193.5","FGF10","protein_coding"
759.385603685922,-1.3409176728716,0.119911264228986,-11.1825830666829,4.96242209999572e-29,1.16978638069236e-27,"ENSG00000138639.18","ARHGAP24","protein_coding"
105.724646136024,-1.87505729126754,0.168024869884211,-11.1594033226133,6.44224904406391e-29,1.51315514611804e-27,"ENSG00000267280.5","TBX2-AS1","lncRNA"
64.2714132831358,-2.32666783897112,0.208503713185447,-11.1588796354036,6.4803065290909e-29,1.52118101253663e-27,"ENSG00000182950.3","ODF3L1","protein_coding"
963.002577085931,-1.3810965021501,0.123843694624307,-11.1519323316363,7.00679892522059e-29,1.64378326584417e-27,"ENSG00000163637.13","PRICKLE2","protein_coding"
138.062174512669,-1.46603607412414,0.131539989893305,-11.1451739909154,7.55963945099669e-29,1.7681784301073e-27,"ENSG00000113231.14","PDE8B","protein_coding"
68.3334503173021,-1.76150185289345,0.158123160761116,-11.1400622427137,8.00633740112658e-29,1.87042381399095e-27,"ENSG00000225194.3","LINC00092","lncRNA"
5.12921081363319,-4.0400554431503,0.362719378152976,-11.1382398804357,8.17183948788769e-29,1.90794899164996e-27,"ENSG00000261340.1","LINC01616","lncRNA"
840.420293816735,-1.20958645529599,0.108607353628077,-11.1372426901975,8.26383384657493e-29,1.92827717501684e-27,"ENSG00000173611.18","SCAI","protein_coding"
12652.285644749,-1.33732633926396,0.120103995923207,-11.134736433907,8.49960623818542e-29,1.97975054587163e-27,"ENSG00000092964.18","DPYSL2","protein_coding"
5.6969132202651,-4.17307275167612,0.375198986138453,-11.1222921858755,9.77283590562369e-29,2.26686924613492e-27,"ENSG00000286425.1","AL773573.1","lncRNA"
7.40987503622566,-1.91602044961839,0.172308219950183,-11.1197274870133,1.00578735177433e-28,2.33160336861856e-27,"ENSG00000178722.13","C5orf64","lncRNA"
30.97799085172,-1.94469074194963,0.175141220912897,-11.1035582132706,1.20547099713626e-28,2.77968683494043e-27,"ENSG00000100191.6","SLC5A4","protein_coding"
500.360919064718,-1.74578340741646,0.157233377823542,-11.1031349169111,1.21119550715749e-28,2.79124213136513e-27,"ENSG00000186642.16","PDE2A","protein_coding"
1075.6388067971,-1.04103976979797,0.0938785179957075,-11.0892224549771,1.41512416888102e-28,3.24210912485264e-27,"ENSG00000144815.16","NXPE3","protein_coding"
2150.74308513698,-1.82116904844797,0.164251901208392,-11.0876588645229,1.44007308281928e-28,3.2973376128614e-27,"ENSG00000160593.19","JAML","protein_coding"
24.8493836593962,-2.57606745093004,0.232422293109715,-11.0835643881803,1.50749179855093e-28,3.44968781105828e-27,"ENSG00000169271.3","HSPB3","protein_coding"
16234.7433077906,-1.45799122992938,0.131653255130553,-11.0744791572648,1.66847472629651e-28,3.80694370348155e-27,"ENSG00000136153.20","LMO7","protein_coding"
24.1237667051635,-2.13768373518002,0.193129616611818,-11.0686479509596,1.78066851401626e-28,4.0605675770379e-27,"ENSG00000260468.1","LINC01290","lncRNA"
397.648176835256,-2.86019616814881,0.258537600007347,-11.0629794972473,1.89689648448079e-28,4.31554978687313e-27,"ENSG00000279662.1","AC131649.2","TEC"
4.55840685035611,-2.63229139133742,0.237998860153816,-11.0601008325679,1.95877198294693e-28,4.45114439400094e-27,"ENSG00000266964.6","FXYD1","protein_coding"
1150.40851993907,-1.85048316640996,0.167366187771218,-11.0564934952064,2.03914342033669e-28,4.6230429421318e-27,"ENSG00000179348.12","GATA2","protein_coding"
59.7249344539126,-2.40032093770599,0.217099293764509,-11.0563277110872,2.04291470179781e-28,4.62891112889693e-27,"ENSG00000171611.10","PTCRA","protein_coding"
7.40215479814726,-2.53443054885893,0.229361434421299,-11.049942006395,2.19356539497438e-28,4.95591267152092e-27,"ENSG00000237470.3","DCLRE1CP1","unprocessed_pseudogene"
13.8937384881659,-2.81555065400753,0.254901369038159,-11.0456474385826,2.30102887672625e-28,5.19570461483986e-27,"ENSG00000228307.2","OR2S1P","transcribed_unprocessed_pseudogene"
3553.30908160881,-1.75145036555351,0.158570926026544,-11.0452174899977,2.31207095612246e-28,5.21762679261984e-27,"ENSG00000116701.15","NCF2","protein_coding"
2214.28129946371,-1.99527386910491,0.180676134857562,-11.0433725554175,2.36005295672669e-28,5.31364972667849e-27,"ENSG00000172201.12","ID4","protein_coding"
586.128364849974,-1.33515763683433,0.121007879047444,-11.0336421673075,2.62993887737742e-28,5.89079211280228e-27,"ENSG00000108387.15","SEPTIN4","protein_coding"
378.859204692066,-2.50282399115437,0.226842563696684,-11.0333085218564,2.63971679313056e-28,5.90931108878673e-27,"ENSG00000114200.10","BCHE","protein_coding"
7416.6894456564,-1.18661097529806,0.107563224736399,-11.0317534473891,2.68576813421864e-28,6.00896471470039e-27,"ENSG00000112531.17","QKI","protein_coding"
3848.40496400937,-2.24063384732406,0.203133580542717,-11.0303468355045,2.72810894787952e-28,6.1002074993985e-27,"ENSG00000169442.9","CD52","protein_coding"
3390.48938087696,-1.57361643617896,0.142706751912747,-11.0269234993246,2.83394263721366e-28,6.32601308253323e-27,"ENSG00000166025.18","AMOTL1","protein_coding"
992.161601619276,-3.33078698869099,0.302319027160908,-11.0174573528188,3.14826594129804e-28,7.0156488923083e-27,"ENSG00000170477.13","KRT4","protein_coding"
7.74888754716793,-2.58194456883084,0.234420880548634,-11.0141407317817,3.26638329397076e-28,7.26232072024828e-27,"ENSG00000287658.1","AC109642.1","lncRNA"
434.846419187853,-2.57384139504927,0.233696485071186,-11.0136076469668,3.28577422736376e-28,7.3012851386128e-27,"ENSG00000119457.8","SLC46A2","protein_coding"
1501.69893796348,-1.31503087929066,0.119550677497911,-10.9997777245021,3.83074990555584e-28,8.48816956706146e-27,"ENSG00000166313.19","APBB1","protein_coding"
52.5750240558476,-1.12037706502113,0.102000747161818,-10.9840084136219,4.56220915971823e-28,1.00463594051173e-26,"ENSG00000244617.2","ASPRV1","protein_coding"
26.1481050625633,-2.131167120879,0.194237449366275,-10.9719682163878,5.21251979586124e-28,1.14590512433621e-26,"ENSG00000225938.1","AL109741.1","lncRNA"
7621.8501440845,-1.225513902052,0.111703932805347,-10.971090016925,5.26340071460493e-28,1.15514376535729e-26,"ENSG00000204217.15","BMPR2","protein_coding"
4.08136375329927,-3.09013993225614,0.281760640320438,-10.9672519509532,5.49161317461298e-28,1.20253114233789e-26,"ENSG00000262950.2","AC007861.1","lncRNA"
1967.29590585227,-1.05123295639952,0.0958948176040187,-10.9623541987473,5.79713876681315e-28,1.26589194801432e-26,"ENSG00000144791.10","LIMD1","protein_coding"
793.985233509859,-1.85721438556622,0.169556722712299,-10.9533515148055,6.40336089481805e-28,1.3951554297056e-26,"ENSG00000186074.19","CD300LF","protein_coding"
233.855462636685,-1.01972249047141,0.0933621024120013,-10.9222314421695,9.02507989542407e-28,1.95008504355516e-26,"ENSG00000271643.2","AC112220.2","lncRNA"
20.3669021428985,-2.59554097537237,0.237660025852266,-10.9212349281903,9.12466137010823e-28,1.97051392976658e-26,"ENSG00000226252.1","AL135960.1","lncRNA"
19536.6671871031,-2.67578005645317,0.245262928824532,-10.9098430377446,1.03434785293402e-27,2.22757654557849e-26,"ENSG00000133661.17","SFTPD","protein_coding"
1362.26901965369,-1.29761656765402,0.118965759101277,-10.9074794079979,1.06159059812131e-27,2.28436762330744e-26,"ENSG00000120318.16","ARAP3","protein_coding"
2116.26575605926,-1.70071432588171,0.15593745296564,-10.9063877441711,1.07441198950685e-27,2.31004481106553e-26,"ENSG00000158352.16","SHROOM4","protein_coding"
1060.67910237954,-1.46955656365419,0.134766175158345,-10.9044911449592,1.09705342117481e-27,2.35484352298363e-26,"ENSG00000234456.8","MAGI2-AS3","lncRNA"
165.225921406092,-2.06369061695461,0.189546791642472,-10.8874995934893,1.32220652020121e-27,2.82728214983571e-26,"ENSG00000233117.4","LINC00702","lncRNA"
20.763555638767,-2.2489009610502,0.206700343376662,-10.880005926996,1.4355363129963e-27,3.06459200566602e-26,"ENSG00000288543.1","AL035409.2","lncRNA"
280.946888903775,-1.38223509360641,0.12710825951756,-10.8744710914356,1.52537888699034e-27,3.25106760494657e-26,"ENSG00000243701.7","DUBR","lncRNA"
2939.16547584233,-2.21190711809338,0.203462671312868,-10.8713166096797,1.57905502993447e-27,3.36180644049869e-26,"ENSG00000197766.8","CFD","protein_coding"
75.5153477626183,-2.89376425241444,0.266199880897494,-10.8706444295095,1.5907326100204e-27,3.38482641450291e-26,"ENSG00000273760.1","AC245041.1","lncRNA"
870.808334616583,-1.39152856103103,0.128123992949376,-10.8607960850927,1.77197661216435e-27,3.76026121532555e-26,"ENSG00000122707.12","RECK","protein_coding"
20.8566853255335,-1.56602069397616,0.144199936419473,-10.8600650795064,1.78621865521531e-27,3.78842938738375e-26,"ENSG00000248896.3","AC105001.1","lncRNA"
6.26850607971724,-2.22147903863693,0.204692302095259,-10.8527727515767,1.93465735441691e-27,4.09437949895555e-26,"ENSG00000173626.10","TRAPPC3L","protein_coding"
43.5814974777061,-1.81421276356297,0.167268124871452,-10.8461355979044,2.08036113096532e-27,4.39560536802396e-26,"ENSG00000070808.16","CAMK2A","protein_coding"
738.037348182051,-1.25445034832732,0.115681059940439,-10.8440426546333,2.1285255090106e-27,4.49494504549886e-26,"ENSG00000161544.10","CYGB","protein_coding"
916.127720717995,-2.1654054331294,0.199763757078507,-10.8398313327597,2.22881590891603e-27,4.69304487509546e-26,"ENSG00000103034.14","NDRG4","protein_coding"
898.107084690106,-1.34869036791483,0.124439820917597,-10.8380931278254,2.27156391876685e-27,4.77895525297126e-26,"ENSG00000124615.20","MOCS1","protein_coding"
1873.85137624532,-1.13804985197026,0.105038749033548,-10.8345716456198,2.36067631921841e-27,4.9610969413177e-26,"ENSG00000134030.14","CTIF","protein_coding"
406.632024523739,-2.00885673365239,0.185428224616821,-10.8336081942412,2.38565506281306e-27,5.01090006779055e-26,"ENSG00000108823.16","SGCA","protein_coding"
81.0957383589264,-1.71197495590088,0.158105569127706,-10.8280496717866,2.53497041456457e-27,5.31596609283635e-26,"ENSG00000172476.4","RAB40A","protein_coding"
1122.03843137821,-1.9928481617041,0.184189407652182,-10.8195589915102,2.78112360300763e-27,5.81657657452119e-26,"ENSG00000140807.7","NKD1","protein_coding"
446.992563709946,-1.07195789355067,0.0990781165355213,-10.8193204618131,2.78837074348078e-27,5.82861835273218e-26,"ENSG00000113966.10","ARL6","protein_coding"
21799.1493424073,-1.39402990412602,0.128900743778161,-10.8147545410999,2.93076176647394e-27,6.11646072980756e-26,"ENSG00000149131.17","SERPING1","protein_coding"
569.729367886353,-1.74659989974056,0.161754685663812,-10.797831868504,3.52427239428796e-27,7.3160903480574e-26,"ENSG00000118407.15","FILIP1","protein_coding"
867.85465987928,-2.46471464449982,0.22833366420805,-10.794355063886,3.66023242533195e-27,7.57823042516744e-26,"ENSG00000163710.9","PCOLCE2","protein_coding"
8.68954647618856,-1.77490600268818,0.164485075857859,-10.7906811206506,3.80955565067146e-27,7.88322169045082e-26,"ENSG00000171496.4","OR1L8","protein_coding"
189.30848816923,-2.04793194130302,0.189900281279577,-10.7842491201369,4.08566273324215e-27,8.44564545242993e-26,"ENSG00000214708.4","AC116407.1","lncRNA"
1278.13706239636,-2.74475511309754,0.254863458227356,-10.7695121622694,4.79535266106616e-27,9.88135571248972e-26,"ENSG00000206384.10","COL6A6","protein_coding"
16.7563882428972,-1.68355008235183,0.156336249390075,-10.7687762046229,4.83383474665198e-27,9.95540986690729e-26,"ENSG00000277351.1","AC013553.3","lncRNA"
1318.80282066021,-2.02582041987372,0.188311393494208,-10.7578218305523,5.44417481306544e-27,1.11829923679824e-25,"ENSG00000160883.11","HK3","protein_coding"
482.272693900952,-1.65203902595623,0.153602091075852,-10.7553159881165,5.59419559003637e-27,1.14851242200269e-25,"ENSG00000161929.15","SCIMP","protein_coding"
8153.56826809763,-1.07552623780272,0.100039328427138,-10.7510341653889,5.86008631053817e-27,1.2024700441409e-25,"ENSG00000116005.12","PCYOX1","protein_coding"
12.8995833085122,-1.68700774708839,0.156924367833398,-10.7504511273828,5.89724773151087e-27,1.20946122107836e-25,"ENSG00000226851.1","AC004112.1","lncRNA"
3501.26329273264,-2.18328792089746,0.203125439979688,-10.7484710980357,6.02520283265992e-27,1.235056113383e-25,"ENSG00000184347.15","SLIT3","protein_coding"
2133.73181002684,-2.25949174729361,0.210252701550244,-10.7465527464514,6.15179665660653e-27,1.26034531397733e-25,"ENSG00000136546.16","SCN7A","protein_coding"
3729.61819444857,-2.51100964466087,0.233672992463504,-10.7458273983163,6.2003471607666e-27,1.26896330935124e-25,"ENSG00000168477.19","TNXB","protein_coding"
1381.42151590334,-1.18737463052812,0.110588638917332,-10.736859067555,6.83296200721495e-27,1.39624353161529e-25,"ENSG00000157077.15","ZFYVE9","protein_coding"
5160.67758974152,-1.1040814461612,0.1028429757061,-10.7356038521911,6.92646447620181e-27,1.41461107212032e-25,"ENSG00000018408.15","WWTR1","protein_coding"
82.3081652584575,-2.12358415810093,0.19782265300742,-10.7347875777466,6.98794934809193e-27,1.42642381815433e-25,"ENSG00000047617.15","ANO2","protein_coding"
84.5093825636225,-2.94424825259277,0.274342076150159,-10.7320331387347,7.19944556222692e-27,1.46653568087195e-25,"ENSG00000107295.10","SH3GL2","protein_coding"
27.3417628168464,-1.75707513054848,0.163790778252367,-10.7275583478894,7.55664798865227e-27,1.53530214145354e-25,"ENSG00000164303.11","ENPP6","protein_coding"
1888.99764519207,-2.20808450693188,0.206131194144244,-10.7120347121588,8.93755334165413e-27,1.81116209120802e-25,"ENSG00000154065.17","ANKRD29","protein_coding"
2326.69048145261,-2.29374123220359,0.214357233882771,-10.7005543533838,1.01171128978578e-26,2.04490054135368e-25,"ENSG00000101938.15","CHRDL1","protein_coding"
12008.0352161844,-1.69350131932121,0.158353825703441,-10.6944136764509,1.08101179152318e-26,2.18271787482424e-25,"ENSG00000071967.12","CYBRD1","protein_coding"
378.472949347055,-2.24672432312463,0.210408892435964,-10.677896248175,1.29165581523252e-26,2.59731673719753e-25,"ENSG00000111863.13","ADTRP","protein_coding"
200.460568220133,-2.20336785187449,0.206357666859278,-10.6774218055927,1.29827257840023e-26,2.60928116411811e-25,"ENSG00000144891.18","AGTR1","protein_coding"
474.114734257721,-1.7095366924633,0.160209543758552,-10.6706295540027,1.39676784885984e-26,2.80435724441942e-25,"ENSG00000255399.4","TBX5-AS1","lncRNA"
1158.70709786784,-1.34805595263676,0.126368747286633,-10.6676372250416,1.4424775941211e-26,2.89316200592275e-25,"ENSG00000162616.9","DNAJB4","protein_coding"
18.2663224750288,-2.09515933211163,0.196458526662104,-10.6646393399619,1.48975901516384e-26,2.98188030804993e-25,"ENSG00000284690.3","CD300H","polymorphic_pseudogene"
562.284171585659,-1.31911676440838,0.123745079567936,-10.6599532604784,1.56676162161174e-26,3.13280270900812e-25,"ENSG00000119865.9","CNRIP1","protein_coding"
1539.6700432209,-2.31661740188333,0.21748553386768,-10.6518229543156,1.70983447033194e-26,3.41364962543669e-25,"ENSG00000171303.7","KCNK3","protein_coding"
2672.89861662877,-1.4820403304137,0.139151574278244,-10.6505466294636,1.73344150391522e-26,3.45725277725314e-25,"ENSG00000155465.20","SLC7A7","protein_coding"
621.972140259073,-1.57889376079782,0.148336909710455,-10.643970970406,1.86028301075923e-26,3.70834103382677e-25,"ENSG00000153093.20","ACOXL","protein_coding"
12.6793603119226,-2.68142351270259,0.252142311306422,-10.6345638651814,2.05789281482805e-26,4.09183962078437e-25,"ENSG00000257277.2","AC092652.1","lncRNA"
906.802216578705,-1.01054341482604,0.0950897973641891,-10.6272538467582,2.22569816873415e-26,4.41652104669048e-25,"ENSG00000138613.14","APH1B","protein_coding"
302.744458684995,-1.68040127327652,0.158299084104586,-10.6153568909237,2.52826405521577e-26,4.99916628320608e-25,"ENSG00000123360.12","PDE1B","protein_coding"
11.0724497395525,-2.37622276268173,0.224006346863088,-10.6078367687237,2.74019760499569e-26,5.39098403625371e-25,"ENSG00000286942.1","AC017104.5","lncRNA"
2629.38323785128,-1.38063235998777,0.130180804816037,-10.605498728778,2.80960955504653e-26,5.52199053232174e-25,"ENSG00000119326.15","CTNNAL1","protein_coding"
667.3205159385,-1.71883280537833,0.162102981687738,-10.6033386152597,2.8752870171004e-26,5.63974216872961e-25,"ENSG00000087589.16","CASS4","protein_coding"
9896.43118350014,-1.08335444613142,0.102181449377095,-10.6022614939954,2.90860288971425e-26,5.70223144676395e-25,"ENSG00000136205.17","TNS3","protein_coding"
28.7497442347632,-2.25442509523496,0.212690503447846,-10.5995569086974,2.99395333402163e-26,5.86368307875877e-25,"ENSG00000281852.1","LINC00891","lncRNA"
153.570031106408,-1.65707210504398,0.156435688527123,-10.5926730699732,3.22255722818294e-26,6.29879554925208e-25,"ENSG00000124019.10","FAM124B","protein_coding"
919.505588494765,-1.48987274242325,0.140660039578689,-10.5920113977344,3.24542162875982e-26,6.33715537699604e-25,"ENSG00000204161.14","TMEM273","protein_coding"
36.4574151261425,-2.38169517595103,0.224960992779923,-10.5871473383878,3.41851105448468e-26,6.66515974454609e-25,"ENSG00000287059.1","AC090004.2","lncRNA"
5380.23012398712,-1.33967919924815,0.126600854359622,-10.5819127842744,3.61501670430734e-26,7.02030861817621e-25,"ENSG00000111077.18","TNS2","protein_coding"
36.8646000440439,-2.07725265247439,0.196406064735167,-10.5763162419416,3.83750685632457e-26,7.441302318872e-25,"ENSG00000237813.4","AC002066.1","lncRNA"
2394.56862426371,-1.28615522498494,0.12167137241347,-10.5707299874473,4.07311702842472e-26,7.89035358610335e-25,"ENSG00000143554.14","SLC27A3","protein_coding"
2503.6039212852,-1.28630699788802,0.121700996222905,-10.5694040131935,4.13111560430087e-26,7.98689153714907e-25,"ENSG00000039523.20","RIPOR1","protein_coding"
1577.37031221493,-1.51256023242009,0.143130313162051,-10.5677141271086,4.20621968904928e-26,8.12807815566357e-25,"ENSG00000138735.16","PDE5A","protein_coding"
210.301601960768,-2.50378053669372,0.236930239819264,-10.5675853728239,4.21199713126862e-26,8.13522506138561e-25,"ENSG00000091181.20","IL5RA","protein_coding"
164.113751559417,-2.24338771782818,0.212427464607217,-10.5607235014373,4.53155512080551e-26,8.72658875158663e-25,"ENSG00000286646.1","AL121933.2","lncRNA"
4936.31925709652,-2.13253493980954,0.20197745205581,-10.5582822146914,4.65094846510765e-26,8.95210351146717e-25,"ENSG00000154734.16","ADAMTS1","protein_coding"
1844.69128796662,-1.61066074206321,0.152919230630732,-10.5327546798389,6.10221160089074e-26,1.16765595185553e-24,"ENSG00000136869.16","TLR4","protein_coding"
2692.75181559946,-2.37238935265517,0.225271966480305,-10.5312231686963,6.20232378320474e-26,1.18565281856661e-24,"ENSG00000025423.11","HSD17B6","protein_coding"
3750.7205085779,-1.7169001075905,0.16317060364462,-10.5221165408559,6.83213104989638e-26,1.30350131698438e-24,"ENSG00000117114.20","ADGRL2","protein_coding"
9.94077548745562,-1.3365380822659,0.127091736562003,-10.5163255961481,7.26518563182188e-26,1.3834256883641e-24,"ENSG00000183154.1","AC138356.1","lncRNA"
1844.63921227579,-1.92152813848651,0.182818272690989,-10.5105912565666,7.72079677032854e-26,1.4673263643503e-24,"ENSG00000143382.15","ADAMTSL4","protein_coding"
1720.97341664932,-1.61823765700874,0.153963655432811,-10.5105172546058,7.7268578140795e-26,1.46776540350847e-24,"ENSG00000118946.12","PCDH17","protein_coding"
6.70370910485058,-3.30844213213634,0.315018085633843,-10.5023879041087,8.42221828854364e-26,1.59366452538202e-24,"ENSG00000224525.2","AL591686.1","lncRNA"
3.23952790222264,-2.95678626379221,0.281556296311848,-10.5015810426676,8.49452968675841e-26,1.60657052282525e-24,"ENSG00000241720.2","AL158847.1","lncRNA"
1444.42979763394,-1.69833295856813,0.162001077472387,-10.4834670550732,1.02900785746294e-25,1.93401087753997e-24,"ENSG00000069535.14","MAOB","protein_coding"
3.5268856087075,-3.90543554543829,0.372546900513769,-10.4830708296121,1.03332935045404e-25,1.94120071111941e-24,"ENSG00000267489.5","LINC01837","lncRNA"
5.28738693106192,-2.63446436713051,0.251352077480152,-10.4811720417888,1.0542897123698e-25,1.97867677384857e-24,"ENSG00000229081.1","LINC01165","lncRNA"
38.1907569372549,-3.3220114860672,0.316976970647571,-10.4802928720041,1.0641368992439e-25,1.99620043165452e-24,"ENSG00000174156.15","GSTA3","protein_coding"
7.04564414097717,-2.37861280650955,0.227207166419925,-10.4689162933945,1.200089777146e-25,2.24584950117169e-24,"ENSG00000286508.1","AC000050.2","lncRNA"
62.1873800379631,-2.68108608172499,0.256113962786834,-10.4683323492069,1.20751468336999e-25,2.25866429612576e-24,"ENSG00000156206.14","CFAP161","protein_coding"
4.02528553909753,-2.24876436713118,0.214948936905634,-10.4618538686628,1.29300685813712e-25,2.41051221370956e-24,"ENSG00000200378.1","RNU5B-4P","snRNA"
855.032972537803,-1.74275615792524,0.166626611996139,-10.4590505504944,1.33183499010982e-25,2.48053474526355e-24,"ENSG00000159433.12","STARD9","protein_coding"
1128.2378002212,-1.68417746127678,0.161122151729876,-10.452798967707,1.42263557808409e-25,2.6458722816544e-24,"ENSG00000147113.17","DIPK2B","protein_coding"
331.184801213947,-2.86737747282821,0.274408032825539,-10.4493204637752,1.47578824286324e-25,2.74081963604563e-24,"ENSG00000154764.6","WNT7A","protein_coding"
4050.29815559573,-1.92978516999093,0.184681370898443,-10.4492681671295,1.47660218751899e-25,2.74103037000974e-24,"ENSG00000132965.10","ALOX5AP","protein_coding"
10.3041950173278,-1.56753652032941,0.150050374392634,-10.446735149275,1.51656330756832e-25,2.81254212267563e-24,"ENSG00000260037.5","AC104938.1","lncRNA"
3059.05986238912,-1.11338591862352,0.106582924833692,-10.4461940818458,1.5252371722023e-25,2.82728828922067e-24,"ENSG00000121671.12","CRY2","protein_coding"
397.306662220495,-4.19355014919059,0.401463775393922,-10.4456501587866,1.53400637021631e-25,2.84219712466546e-24,"ENSG00000203878.11","CHIAP2","transcribed_unprocessed_pseudogene"
1154.05287660176,-1.56310469852702,0.149699400209297,-10.4416229880789,1.60050628274573e-25,2.95840393718107e-24,"ENSG00000161940.11","BCL6B","protein_coding"
1173.16239385665,-2.06994503895244,0.198441596207507,-10.4310037739665,1.78987376916879e-25,3.29720896243957e-24,"ENSG00000064205.10","CCN5","protein_coding"
102.841758580224,-2.43497960662483,0.233470799129658,-10.4294824693369,1.81876184340911e-25,3.34759970340743e-24,"ENSG00000149201.10","CCDC81","protein_coding"
2710.21905850672,-1.74046808219685,0.166932956409579,-10.4261502319921,1.88366218261719e-25,3.46542477047453e-24,"ENSG00000152137.8","HSPB8","protein_coding"
20.1970481307974,-2.30996310128,0.221591230265915,-10.4244337580869,1.91798343387567e-25,3.52690835296e-24,"ENSG00000234964.4","FABP5P7","processed_pseudogene"
53.5325133498981,-1.61638251970849,0.155133888513312,-10.4192741843752,2.02492570865376e-25,3.71657447961211e-24,"ENSG00000287382.1","AC110611.2","lncRNA"
352.484689596349,-1.9633865916885,0.188441249663167,-10.4190913358832,2.02882211253423e-25,3.72198021967075e-24,"ENSG00000187116.14","LILRA5","protein_coding"
8791.34811188929,-1.03779916068828,0.0997502838934865,-10.4039720006857,2.37808932191846e-25,4.34439837796412e-24,"ENSG00000107438.9","PDLIM1","protein_coding"
283.422184538686,-1.78713480241234,0.171835145094959,-10.4002868646268,2.47187908483034e-25,4.50942193326321e-24,"ENSG00000184005.11","ST6GALNAC3","protein_coding"
29.7971219234976,-2.92077774878105,0.28090616288598,-10.3976990706558,2.53992238436621e-25,4.63139342137158e-24,"ENSG00000125414.19","MYH2","protein_coding"
4341.26917110345,-1.71916495101884,0.165387057345461,-10.3947973838596,2.61842854956481e-25,4.7700990490233e-24,"ENSG00000165140.11","FBP1","protein_coding"
119.863163130201,-2.32051369559377,0.223248874088415,-10.3942906994226,2.63238158835843e-25,4.79328636268281e-24,"ENSG00000241158.7","ADAMTS9-AS1","lncRNA"
195.920950785945,-2.35157663052571,0.226258113242665,-10.3933361629495,2.65886799884246e-25,4.83926342617229e-24,"ENSG00000205002.4","AARD","protein_coding"
803.224193642401,-1.05096718346397,0.101254651045903,-10.379446006757,3.07554674055486e-25,5.57688690939075e-24,"ENSG00000114853.14","ZBTB47","protein_coding"
4587.008217606,-1.13077643471836,0.108964857639558,-10.3774414908964,3.14079563349877e-25,5.69256479548126e-24,"ENSG00000076067.13","RBMS2","protein_coding"
1109.77033499687,-2.25956012498195,0.217867972223686,-10.3712358540798,3.35161752369165e-25,6.06904883477918e-24,"ENSG00000138722.10","MMRN1","protein_coding"
19.0425226729286,-1.84957314969955,0.178401782089553,-10.3674589347494,3.48673239011649e-25,6.29623097174197e-24,"ENSG00000273771.1","AC024337.2","lncRNA"
803.195766786538,-1.52213858779152,0.146936579172704,-10.3591535638138,3.80312565620479e-25,6.8517546064894e-24,"ENSG00000146966.13","DENND2A","protein_coding"
56.0421124735874,-2.63824879684529,0.254736234687235,-10.3567865014749,3.8983979320679e-25,7.01048756800317e-24,"ENSG00000166317.12","SYNPO2L","protein_coding"
790.374738107885,-1.53782052596546,0.148644373723897,-10.3456356096055,4.38000095776131e-25,7.8548953931328e-24,"ENSG00000183801.8","OLFML1","protein_coding"
339.510793328237,-2.19729885237416,0.212572012257857,-10.3367269709465,4.80674844530467e-25,8.58865812390007e-24,"ENSG00000116194.13","ANGPTL1","protein_coding"
1239.6667584994,-1.33949063753928,0.129586108741492,-10.3366838509781,4.80891108059213e-25,8.58865812390007e-24,"ENSG00000197872.11","CYRIA","protein_coding"
22.5119671297585,-2.27527824446968,0.220159090616143,-10.3347004118795,4.9094374080202e-25,8.76419686191781e-24,"ENSG00000230910.4","AL391807.1","lncRNA"
3.92025187878623,-2.85610932386252,0.276390666543371,-10.3335954125439,4.96634219985689e-25,8.86173901607843e-24,"ENSG00000214100.8","PLAC9P1","transcribed_unprocessed_pseudogene"
4.05074426236693,-3.09843423766371,0.29999780373294,-10.3281897370887,5.25427969137668e-25,9.36698034639001e-24,"ENSG00000287958.1","AC092053.5","lncRNA"
17.0426732720715,-1.79576385744087,0.174015414678847,-10.3195677276926,5.74813625237226e-25,1.02380664402175e-23,"ENSG00000102145.15","GATA1","protein_coding"
861.170548842146,-3.50190766765622,0.339455701642801,-10.3162434765676,5.95059597084629e-25,1.05938476312642e-23,"ENSG00000180772.7","AGTR2","protein_coding"
34518.6890250721,-1.08625244496602,0.105305809253742,-10.3152186252956,6.01442668767637e-25,1.07026162217128e-23,"ENSG00000116133.13","DHCR24","protein_coding"
1242.08998605481,-1.77988037728153,0.172570094220018,-10.3139561076688,6.09399329868367e-25,1.08343503757742e-23,"ENSG00000181409.14","AATK","protein_coding"
1234.29921648647,-1.40436646274657,0.136220915610889,-10.3094774869823,6.38475018157068e-25,1.13358284643849e-23,"ENSG00000138193.16","PLCE1","protein_coding"
512.416543512157,-1.27959813340682,0.124135260891561,-10.3080955742673,6.47720989752778e-25,1.14947709977397e-23,"ENSG00000108622.11","ICAM2","protein_coding"
4701.21412819543,-1.57317602216721,0.15264003502298,-10.3064443213104,6.5894314885295e-25,1.16886239155779e-23,"ENSG00000119138.4","KLF9","protein_coding"
559.682933665679,-1.93689365863296,0.187973372717888,-10.3040852575426,6.75310669362908e-25,1.19681077005616e-23,"ENSG00000112139.16","MDGA1","protein_coding"
5717.11149524156,-1.68272118698009,0.163316381417925,-10.3034439801481,6.79829154803151e-25,1.20427318499783e-23,"ENSG00000135929.9","CYP27A1","protein_coding"
2207.30429970932,-1.57066890501401,0.152513386585235,-10.2985642125009,7.1520785939805e-25,1.26237251899437e-23,"ENSG00000174099.12","MSRB3","protein_coding"
1673.73917087146,-1.10003578051908,0.106841245519217,-10.2959842444108,7.34643893519633e-25,1.29550924728782e-23,"ENSG00000173638.19","SLC19A1","protein_coding"
10227.0447418279,-1.31290671113843,0.12755461341109,-10.2928986731913,7.58577099078185e-25,1.33711173261389e-23,"ENSG00000024422.12","EHD2","protein_coding"
2628.35477512787,-1.65938461052019,0.161233539978169,-10.2918078381512,7.6722167278286e-25,1.35113192068704e-23,"ENSG00000066056.14","TIE1","protein_coding"
1762.63655643664,-1.42123025862182,0.138385504509549,-10.2700804080513,9.61245095062017e-25,1.68523664045124e-23,"ENSG00000251322.9","SHANK3","protein_coding"
7.21084611585593,-1.79836410543654,0.175165683021697,-10.266646265489,9.96073269431515e-25,1.74395271168343e-23,"ENSG00000225611.1","LINC02158","lncRNA"
327.964477027391,-1.533519911669,0.149437194882039,-10.261969336881,1.04552417066487e-24,1.82644671081639e-23,"ENSG00000112320.12","SOBP","protein_coding"
10.1511949506236,-3.51808352713846,0.342881934347446,-10.2603350445799,1.06337143453947e-24,1.85596733296004e-23,"ENSG00000243384.1","AC119424.1","lncRNA"
1459.99364907249,-4.47889800019702,0.436541734088762,-10.2599537465674,1.0675786287931e-24,1.86247968449856e-23,"ENSG00000108342.13","CSF3","protein_coding"
3.40158008663989,-2.99859253651518,0.292394976932194,-10.255280606994,1.1205007682888e-24,1.95306528124317e-23,"ENSG00000224228.2","AL031599.1","lncRNA"
717.332464084216,-1.79179822166438,0.174741865626165,-10.2539721390962,1.13577907855842e-24,1.97881438660149e-23,"ENSG00000204175.5","GPRIN2","protein_coding"
32.7866785125834,-2.39093602944192,0.233531218960227,-10.2381858840429,1.3372011192274e-24,2.31736124873726e-23,"ENSG00000228997.1","AL136452.1","processed_pseudogene"
2586.95118178913,-1.78898245007604,0.174796183076442,-10.2346768595839,1.38657287807679e-24,2.39867300141569e-23,"ENSG00000197405.8","C5AR1","protein_coding"
4079.24393462063,-2.07032879125356,0.202287981728682,-10.2345615076153,1.38822617063798e-24,2.40047186404042e-23,"ENSG00000136826.15","KLF4","protein_coding"
4076.66192138088,-1.14811247998253,0.112209285677367,-10.2318847593743,1.42714416440181e-24,2.46667748662575e-23,"ENSG00000068001.14","HYAL2","protein_coding"
2876.30268338637,-1.34110561812366,0.131108731473534,-10.2289573169608,1.47094529942009e-24,2.53789949345713e-23,"ENSG00000112419.14","PHACTR2","protein_coding"
1712.70690905736,-1.60444277989938,0.156959555921097,-10.2220140117237,1.58023020440466e-24,2.71687118315285e-23,"ENSG00000100311.17","PDGFB","protein_coding"
1293.29741642052,-1.93253501916765,0.189310029232848,-10.208307647508,1.82011639544048e-24,3.11970979719585e-23,"ENSG00000122877.16","EGR2","protein_coding"
1036.01877027012,-2.02846047433321,0.198769931334524,-10.2050670376264,1.88191151055369e-24,3.22280434658539e-23,"ENSG00000176971.4","FIBIN","protein_coding"
13.6560458958011,-1.89442129228281,0.185638100269056,-10.2049163912856,1.88483419559189e-24,3.22639750252434e-23,"ENSG00000272783.1","AC147067.2","lncRNA"
8.67047226903721,-2.46095216719664,0.241411596329393,-10.1940097518713,2.10882606018143e-24,3.59723071320661e-23,"ENSG00000283945.1","LINC00032","transcribed_unprocessed_pseudogene"
1553.30887032113,-2.39868235608807,0.23544601488071,-10.1878231292357,2.24740155621796e-24,3.82527491502241e-23,"ENSG00000213088.12","ACKR1","protein_coding"
1921.40707514046,-1.41915192114567,0.139515296976705,-10.1720166311414,2.64377459726217e-24,4.49407227478133e-23,"ENSG00000196814.15","MVB12B","protein_coding"
2479.22108030584,-1.38098570477131,0.135793195524739,-10.169771021551,2.7054391223915e-24,4.59689701686069e-23,"ENSG00000128284.19","APOL3","protein_coding"
84.7631704042277,-1.66988529357478,0.164383377528886,-10.1584802470757,3.03774480506313e-24,5.1458870981353e-23,"ENSG00000272143.1","FGF14-AS2","lncRNA"
4.6861634065271,-2.05961733118463,0.202990910830339,-10.1463524783436,3.43980229796941e-24,5.81049923810154e-23,"ENSG00000283422.1","LINC02452","lncRNA"
3415.23448235547,-1.1164719736588,0.110053554452515,-10.1448061283702,3.49471631486241e-24,5.89701354535925e-23,"ENSG00000146376.11","ARHGAP18","protein_coding"
803.823140747127,-1.71494028950462,0.169210360342375,-10.134960330057,3.86530431916846e-24,6.50831425616958e-23,"ENSG00000046889.19","PREX2","protein_coding"
62.1404309423384,-2.82626318430184,0.27896677930204,-10.1311818969018,4.01763530350553e-24,6.75318243391215e-23,"ENSG00000165383.11","LRRC18","protein_coding"
24.7763922040948,-1.91342190219525,0.188893116719106,-10.1296539303791,4.08091186562631e-24,6.85365503063619e-23,"ENSG00000185271.9","KLHL33","protein_coding"
33.5836019898042,-2.15909623530372,0.213303757606014,-10.122166901962,4.40552337641805e-24,7.38297795471583e-23,"ENSG00000226822.3","LINC02785","lncRNA"
5778.34679961958,-1.23401944761178,0.121916907479213,-10.1218073286692,4.42174106600068e-24,7.40698414613324e-23,"ENSG00000150938.10","CRIM1","protein_coding"
7760.86372588253,-1.15994219066701,0.114692162054957,-10.1135262417601,4.81204437164306e-24,8.04954671298932e-23,"ENSG00000101347.10","SAMHD1","protein_coding"
196.341728586642,-1.6346879966439,0.161737232407881,-10.1070605222268,5.14034355984846e-24,8.58134743346544e-23,"ENSG00000148541.13","FAM13C","protein_coding"
1223.87692723897,-1.64971731595867,0.16326234348882,-10.1047019214914,5.26554515747844e-24,8.77164953415448e-23,"ENSG00000163431.13","LMOD1","protein_coding"
1504.07732535692,-1.34360663806155,0.133015167899916,-10.1011535697381,5.45961392838241e-24,9.07947949985262e-23,"ENSG00000137460.9","FHDC1","protein_coding"
403435.734917968,-3.09944606157967,0.306874631699003,-10.1000400209678,5.5219649647255e-24,9.17926979756472e-23,"ENSG00000122852.15","SFTPA1","protein_coding"
291.078124995523,-1.24494948113637,0.123288320123249,-10.0978704218843,5.64548023574107e-24,9.37662508933717e-23,"ENSG00000260804.3","LINC01963","lncRNA"
4002.18841941987,-1.06277508090815,0.10527675620613,-10.0950591489279,5.8096040202972e-24,9.63694849165959e-23,"ENSG00000136848.17","DAB2IP","protein_coding"
3.01944450952796,-2.44441283888449,0.242151390776183,-10.0945645244872,5.83896546439723e-24,9.6774484365662e-23,"ENSG00000236972.2","FABP5P1","processed_pseudogene"
104.456277355316,-2.90631379256145,0.287926054044102,-10.0939590278144,5.8751085552796e-24,9.73322916497231e-23,"ENSG00000137976.7","DNASE2B","protein_coding"
2055.7600242237,-1.69220817672522,0.167757189910688,-10.0872467977446,6.29092245797038e-24,1.04088831586824e-22,"ENSG00000163406.11","SLC15A2","protein_coding"
69.5734591803149,-3.53153327648902,0.350730857647556,-10.0690692007425,7.56910013740107e-24,1.24395824223705e-22,"ENSG00000158578.21","ALAS2","protein_coding"
18.2463739443988,-1.7855123707235,0.177620014653199,-10.0524277864164,8.96315413113028e-24,1.466292576527e-22,"ENSG00000227467.3","LINC01537","lncRNA"
1872.78157470919,-1.55849190095605,0.155278631751753,-10.0367441635346,1.05085537405385e-23,1.7105250267097e-22,"ENSG00000162817.7","C1orf115","protein_coding"
4.98255500944959,-2.64148173660774,0.263180171131463,-10.0367809825926,1.05046332776795e-23,1.7105250267097e-22,"ENSG00000229111.1","MED4-AS1","lncRNA"
6.4308877883954,-2.64923769921211,0.264030168491525,-10.0338446714173,1.08218829335579e-23,1.76006276422716e-22,"ENSG00000204978.3","ERICH4","protein_coding"
15.6512582724755,-1.8326867447729,0.182749091029348,-10.0284315202344,1.14318092501875e-23,1.85617480402111e-22,"ENSG00000165702.14","GFI1B","protein_coding"
2277.04466094085,-1.64622153215769,0.164222368374023,-10.0243441161946,1.1914803080906e-23,1.93299402719293e-22,"ENSG00000111452.13","ADGRD1","protein_coding"
134.67455509071,-2.6273979801855,0.262125681629726,-10.0234283182405,1.20257605975215e-23,1.94857158567955e-22,"ENSG00000249364.6","AC112206.2","lncRNA"
2.13079016831747,-3.42341088863689,0.341549467070529,-10.0231773687118,1.20563437031706e-23,1.95271848281775e-22,"ENSG00000229616.2","AL356095.1","unprocessed_pseudogene"
1156.18451031977,-1.51079836670282,0.150767074125476,-10.0207447512409,1.23568267933187e-23,2.00055849916986e-22,"ENSG00000171522.6","PTGER4","protein_coding"
1028.91477302436,-1.17149763937568,0.116925839905607,-10.0191509449188,1.25577070573961e-23,2.03224001184022e-22,"ENSG00000274180.1","NATD1","protein_coding"
23.0636655510845,-2.30774213767368,0.230410582026296,-10.0157819028047,1.29930393162048e-23,2.09835171887087e-22,"ENSG00000276772.1","AC025271.4","lncRNA"
8.36999268993914,-2.16287383104567,0.216067197093239,-10.0101906265407,1.37487365233585e-23,2.21582293614308e-22,"ENSG00000242324.1","AL049634.1","unprocessed_pseudogene"
765.339120173546,-1.16338245961874,0.116236079480344,-10.0087895670592,1.39448202443424e-23,2.24649963351735e-22,"ENSG00000151474.23","FRMD4A","protein_coding"
428.633256027653,-1.73178979661294,0.173278378943928,-9.99426360730979,1.61482969561778e-23,2.5961339695653e-22,"ENSG00000172260.15","NEGR1","protein_coding"
4.64607536518194,-2.83175291048146,0.283431950942372,-9.99094456735125,1.66982888837309e-23,2.68015070676486e-22,"ENSG00000287289.1","AP000428.2","lncRNA"
1261.14191344493,-1.81965052424989,0.182174681136454,-9.98849298320941,1.71164092796128e-23,2.74334464853536e-22,"ENSG00000152402.11","GUCY1A2","protein_coding"
3.452926059237,-3.83668038556097,0.38441199104162,-9.9806470010598,1.85254812872985e-23,2.96127699449868e-22,"ENSG00000214946.14","TBC1D26","protein_coding"
33.0015404052928,-3.37856039213982,0.338836947722015,-9.97105072175194,2.04058516946031e-23,3.25520335369554e-22,"ENSG00000124205.18","EDN3","protein_coding"
2856.94419908141,-1.42792266794846,0.143271188031388,-9.96657239720546,2.13468864965923e-23,3.401160486556e-22,"ENSG00000110876.10","SELPLG","protein_coding"
394.495316527919,-1.50957454130499,0.151560729776414,-9.9601957811364,2.27614038632375e-23,3.61622612493848e-22,"ENSG00000065675.15","PRKCQ","protein_coding"
3750.13775259599,-1.56896948319456,0.157596132649225,-9.95563442338234,2.38298062493699e-23,3.78289715352573e-22,"ENSG00000250722.6","SELENOP","protein_coding"
474.931199306945,-2.19521400172426,0.220656663758015,-9.94855067749807,2.55882520731952e-23,4.0554633125808e-22,"ENSG00000163145.13","C1QTNF7","protein_coding"
1578.52952326494,-1.07770195707051,0.108331099461268,-9.94822320118543,2.56725797745268e-23,4.06718104921866e-22,"ENSG00000067606.17","PRKCZ","protein_coding"
1846.3949591293,-1.63084541030477,0.163945599932313,-9.94747898679861,2.58652454266928e-23,4.09604580652334e-22,"ENSG00000148339.12","SLC25A25","protein_coding"
595.185464814213,-1.2174991073318,0.122403598470329,-9.94659570916883,2.60957711261756e-23,4.13088033955654e-22,"ENSG00000026652.15","AGPAT4","protein_coding"
1948.23468381584,-1.82929740212116,0.183919251875115,-9.94619858155627,2.62000788933092e-23,4.1457148692846e-22,"ENSG00000116678.20","LEPR","protein_coding"
283.904245980077,-2.36186008005256,0.237471071161838,-9.9458854861649,2.62826060853388e-23,4.15709239581807e-22,"ENSG00000223573.7","TINCR","protein_coding"
339.897603299176,-1.22104621934702,0.122858245402749,-9.93865910541239,2.82605494836008e-23,4.46633102521318e-22,"ENSG00000179044.16","EXOC3L1","protein_coding"
4.49351923710644,-3.12410290897202,0.314401061494696,-9.93668053828985,2.88273452213188e-23,4.55406881653381e-22,"ENSG00000156920.11","ADGRG4","protein_coding"
1268.37775817193,-1.04556416380445,0.105242233342418,-9.93483443478986,2.93663387376246e-23,4.63734544447937e-22,"ENSG00000090674.16","MCOLN1","protein_coding"
387.104549764565,-1.76599094966452,0.177809445464081,-9.93192990988357,3.02346188341126e-23,4.76868548810021e-22,"ENSG00000115604.11","IL18R1","protein_coding"
34.4030642540115,-1.61622328936414,0.1627599912509,-9.93010184470137,3.07940857672556e-23,4.85496925930088e-22,"ENSG00000234405.2","Z69733.1","lncRNA"
1840.23262174027,-1.0512565684875,0.105904608902518,-9.92644776635882,3.19432943004822e-23,5.02602754029822e-22,"ENSG00000150457.9","LATS2","protein_coding"
8.29356803649953,-2.87595959507809,0.289876730890671,-9.92131926643944,3.36281562124496e-23,5.28051115870531e-22,"ENSG00000205037.2","AC134312.1","lncRNA"
55.1563307423035,-3.11625243685233,0.314133719032459,-9.92014625634739,3.40257219811456e-23,5.34079633712077e-22,"ENSG00000236242.1","MYO16-AS1","lncRNA"
259.200313944793,-2.54936193927046,0.256996568350914,-9.91982871844986,3.41341424944109e-23,5.353519558913e-22,"ENSG00000134962.7","KLB","protein_coding"
2.96029178664441,-3.16635641559037,0.319402868703643,-9.91336248306607,3.64179068232032e-23,5.70255747058329e-22,"ENSG00000278702.1","Metazoa_SRP","misc_RNA"
346.173948358609,-1.20674920652572,0.121730188715313,-9.91331089897439,3.64367205501563e-23,5.70322124739266e-22,"ENSG00000138738.11","PRDM5","protein_coding"
1677.4299791412,-1.30468848469044,0.13167765292363,-9.90819972654832,3.83493802879767e-23,5.98822665622033e-22,"ENSG00000138670.18","RASGEF1B","protein_coding"
510.567614051481,-1.76599991955415,0.178738494057487,-9.88035581739968,5.06527298563869e-23,7.85920686760617e-22,"ENSG00000118777.12","ABCG2","protein_coding"
1115.69903328249,-1.14901641474967,0.116303460764784,-9.87946882400585,5.11030697286902e-23,7.9196602833797e-22,"ENSG00000150764.14","DIXDC1","protein_coding"
7997.01822218183,-1.53670281550917,0.155623968749175,-9.87446103489323,5.37209708637457e-23,8.3187784363642e-22,"ENSG00000156675.16","RAB11FIP1","protein_coding"
58.286195488588,-1.12287436168705,0.113723238942956,-9.87374587748317,5.41055081652586e-23,8.37501044309626e-22,"ENSG00000244513.7","AC109587.1","lncRNA"
1814.26251180995,-2.08061065974756,0.210743770524077,-9.8727030202293,5.46711375395613e-23,8.45921820110942e-22,"ENSG00000123342.16","MMP19","protein_coding"
5.53769463833363,-3.46921957079077,0.351729069944942,-9.86332909967841,6.00254879032132e-23,9.26936608974205e-22,"ENSG00000234575.2","CTSLP8","unprocessed_pseudogene"
651.119232791059,-1.43127897810152,0.145114775617844,-9.86308232230435,6.01732448993723e-23,9.28851773632086e-22,"ENSG00000089225.20","TBX5","protein_coding"
2.72200532578571,-2.99551823865281,0.304010089546573,-9.85335139080611,6.62957105059111e-23,1.02054187561243e-21,"ENSG00000227260.2","LINC01985","lncRNA"
1532.21761439114,-2.40573704343196,0.24429275171914,-9.84776268023624,7.00867195168562e-23,1.07678186942053e-21,"ENSG00000058335.16","RASGRF1","protein_coding"
3970.54044860935,-3.06917582613293,0.312200508181622,-9.83078420983043,8.29701400891683e-23,1.27122339539125e-21,"ENSG00000156076.10","WIF1","protein_coding"
55.1204047292967,-2.34844875618651,0.238942351136861,-9.82851614631252,8.48598648240581e-23,1.29915937810259e-21,"ENSG00000244953.1","AC087521.1","lncRNA"
1136.69712268857,-1.70720047051116,0.173838105097761,-9.82063437444327,9.17642452304311e-23,1.40157169403279e-21,"ENSG00000087903.13","RFX2","protein_coding"
239.234232895448,-1.89450752482698,0.192956958833626,-9.81829075395248,9.39224826198426e-23,1.43341679695673e-21,"ENSG00000182389.20","CACNB4","protein_coding"
700.74882815153,-1.13623663950308,0.115743820634393,-9.8168233368776,9.52993277599455e-23,1.45329617871178e-21,"ENSG00000177406.5","NINJ2-AS1","lncRNA"
7.97722426993423,-2.91209888733206,0.296733906841431,-9.81383933615727,9.81610718862673e-23,1.49518914129293e-21,"ENSG00000278971.1","AC091305.1","TEC"
186.004363598721,-2.75025840120756,0.280391984167591,-9.8086199196184,1.03372614730086e-22,1.57212350835717e-21,"ENSG00000265190.7","ANXA8","protein_coding"
2538.84370827259,-1.98147746817478,0.202105248134293,-9.80418611820584,1.08014222405083e-22,1.63952852479958e-21,"ENSG00000078401.7","EDN1","protein_coding"
1651.82287496282,-1.56017750774462,0.159148256817282,-9.8032962405354,1.08970369902158e-22,1.65340036628203e-21,"ENSG00000265107.3","GJA5","protein_coding"
1375.47164953095,-1.70157524075885,0.173608310225436,-9.80123151103371,1.11221254223305e-22,1.68559213749502e-21,"ENSG00000145284.12","SCD5","protein_coding"
5.38395909066064,-2.78781176873377,0.284553773318181,-9.79713512924149,1.15824074695892e-22,1.75195665517006e-21,"ENSG00000213412.3","HNRNPA1P33","processed_pseudogene"
545.842448199565,-1.12106106947249,0.114440462705135,-9.79602006993794,1.17109309949844e-22,1.77002873991786e-21,"ENSG00000163686.15","ABHD6","protein_coding"
6.00853050322997,-2.86531904270078,0.292792952278147,-9.78616124604934,1.29104653099876e-22,1.94606863653746e-21,"ENSG00000184608.9","FAM167A-AS1","lncRNA"
12.038700285109,-2.66203734363324,0.272194498319896,-9.7799087052255,1.37334365863744e-22,2.06614035779091e-21,"ENSG00000266643.1","MIR3677","miRNA"
5.88258283508701,-2.62828315580132,0.26875543747286,-9.77946039163112,1.37944009409051e-22,2.07451461652021e-21,"ENSG00000287421.1","AC131237.1","lncRNA"
486.228230061174,-1.88599621172004,0.192880507977723,-9.77805498074416,1.39872585880815e-22,2.10109564610448e-21,"ENSG00000140945.17","CDH13","protein_coding"
3372.73521967293,-1.30578854054683,0.133544744359285,-9.77791036863099,1.40072538046405e-22,2.10329182129466e-21,"ENSG00000126458.4","RRAS","protein_coding"
10.9412715731527,-1.95585269299616,0.200032808335491,-9.77765952131136,1.40420050707425e-22,2.10770119072967e-21,"ENSG00000280304.1","AC104260.2","TEC"
264.858242396297,-2.18360681219043,0.223356867403922,-9.77631374208683,1.42299055243356e-22,2.13426766221839e-21,"ENSG00000018625.15","ATP1A2","protein_coding"
3159.53888192809,-1.09350154865788,0.111892622533364,-9.77277611248967,1.47357896863857e-22,2.20675922777635e-21,"ENSG00000186480.13","INSIG1","protein_coding"
559.978753456036,-1.58266677353527,0.161964390294838,-9.77169593053261,1.48937749018982e-22,2.22956505618278e-21,"ENSG00000139970.17","RTN1","protein_coding"
72.27995464249,-2.46856494314801,0.252676664481293,-9.76965937165428,1.51962118409528e-22,2.27310002120918e-21,"ENSG00000272274.2","LINC00551","lncRNA"
339.806701782454,-2.30062207257234,0.235559068232022,-9.76664617431015,1.56548671475132e-22,2.33813208530282e-21,"ENSG00000186188.11","FFAR4","protein_coding"
1430.84181400216,-1.74221264805648,0.178547408562206,-9.75770335781433,1.70983332251021e-22,2.54982803899188e-21,"ENSG00000050555.19","LAMC3","protein_coding"
130.339701729343,-1.57980638646019,0.161943396860957,-9.75529979661101,1.75082599475067e-22,2.60797761707608e-21,"ENSG00000036448.10","MYOM2","protein_coding"
313.39315979506,-2.30383042995765,0.236209112718605,-9.75335118718387,1.7847722549317e-22,2.65652046815262e-21,"ENSG00000164619.10","BMPER","protein_coding"
13.3952823264818,-2.02149295216192,0.207336998618236,-9.74979364818548,1.84843611247441e-22,2.74814413059408e-21,"ENSG00000286176.2","AC116317.1","lncRNA"
25.063377225968,-1.77662052826734,0.182349489241695,-9.74294216921284,1.97744552415374e-22,2.93437318186045e-21,"ENSG00000213876.4","RPL7AP64","processed_pseudogene"
149.853143455504,-2.03281233266205,0.208780036538833,-9.73662217117176,2.10433005137733e-22,3.1120385200471e-21,"ENSG00000130598.16","TNNI2","protein_coding"
54.9061276752365,-1.8945043474687,0.19459038901959,-9.73585775234753,2.12021320837776e-22,3.13434314533548e-21,"ENSG00000145777.15","TSLP","protein_coding"
26.7332809123533,-1.7083788171611,0.175482265895852,-9.73533598075951,2.13112270026151e-22,3.14809220022398e-21,"ENSG00000267325.2","LINC01415","lncRNA"
813.980565626264,-2.42894839060947,0.249690765434581,-9.72782628297022,2.29443436520537e-22,3.38167650263093e-21,"ENSG00000130518.17","IQCN","protein_coding"
33.1426917059565,-1.30825660534049,0.134560300346147,-9.72245604368521,2.41875702514095e-22,3.55820981769889e-21,"ENSG00000257038.1","AP002761.3","lncRNA"
132.321641071228,-2.56599712275792,0.263982459005828,-9.72033192061928,2.46975096686959e-22,3.62913349923297e-21,"ENSG00000112530.11","PACRG","protein_coding"
2899.35997479884,-1.35054260446716,0.138969958635078,-9.7182341977489,2.52115510341305e-22,3.70049963809662e-21,"ENSG00000106025.9","TSPAN12","protein_coding"
80.5197304557098,-2.09126704931005,0.215196497756955,-9.71794183970388,2.52840282829217e-22,3.70974619699667e-21,"ENSG00000030304.14","MUSK","protein_coding"
395.540993982873,-1.5618711840903,0.160727854516367,-9.71748916073069,2.53966570585459e-22,3.72487476520975e-21,"ENSG00000155846.17","PPARGC1B","protein_coding"
1471.86476716169,-1.02827052134463,0.105829606796127,-9.71628405768834,2.56989189484058e-22,3.76732781705867e-21,"ENSG00000114166.8","KAT2B","protein_coding"
311.119008467665,-2.187199253442,0.22520040423673,-9.71223502397813,2.67408057852621e-22,3.91468189743019e-21,"ENSG00000178568.15","ERBB4","protein_coding"
7621.65639416027,-1.10965960339762,0.114267565424455,-9.71106367126761,2.7049936384623e-22,3.95845572425836e-21,"ENSG00000138434.17","ITPRID2","protein_coding"
851.696780933626,-1.74696150441663,0.179895189265461,-9.71099622813561,2.70678425293861e-22,3.9595953122146e-21,"ENSG00000148082.10","SHC3","protein_coding"
108.862200392294,-1.55782837252991,0.160496852934566,-9.70628609873757,2.83478366344454e-22,4.13755761037852e-21,"ENSG00000172458.4","IL17D","protein_coding"
966.395774269378,-1.69429568925999,0.174595617382167,-9.70411350905446,2.89582597543254e-22,4.22350228269291e-21,"ENSG00000154330.13","PGM5","protein_coding"
496.300153521157,-1.02341592982763,0.105526335971189,-9.69820396405163,3.06852400981733e-22,4.46705405610722e-21,"ENSG00000175048.17","ZDHHC14","protein_coding"
157.566306742686,-2.59009384286508,0.267083507662763,-9.69769292582265,3.08392865048304e-22,4.48614171085694e-21,"ENSG00000163464.8","CXCR1","protein_coding"
172.984954441,-1.59555545215591,0.164582993206508,-9.69453417434151,3.18085847161695e-22,4.62198933727601e-21,"ENSG00000129244.9","ATP1B2","protein_coding"
95.972918452021,-2.53327359298332,0.261586012984411,-9.68428534875177,3.5165925912091e-22,5.09658461802235e-21,"ENSG00000276170.4","AC244153.1","lncRNA"
2992.24960106221,-1.45009198936468,0.149759913021564,-9.68277798849868,3.56884346592179e-22,5.16848311121338e-21,"ENSG00000165795.23","NDRG2","protein_coding"
15365.1280436406,-1.68875717119241,0.174575334146722,-9.67351533048247,3.9072140201976e-22,5.65015490851265e-21,"ENSG00000173372.17","C1QA","protein_coding"
18727.1475079577,-1.76662364409857,0.182761250770834,-9.6662921524528,4.19294696927081e-22,6.05887030482039e-21,"ENSG00000173369.17","C1QB","protein_coding"
18892.2738205235,-1.16887296778461,0.120929622539459,-9.66572906818766,4.2160710692896e-22,6.09003606542531e-21,"ENSG00000026508.20","CD44","protein_coding"
968.900621866153,-1.63246457358109,0.168924493830557,-9.66387133424577,4.293261072061e-22,6.19924719597118e-21,"ENSG00000141448.11","GATA6","protein_coding"
677.583397337974,-1.87146286026931,0.193741476016253,-9.65958812098819,4.47660139413611e-22,6.4497013679654e-21,"ENSG00000101916.12","TLR8","protein_coding"
936.944585507864,-1.36271181162762,0.141128907408394,-9.65579509295182,4.64541531900363e-22,6.67816851021054e-21,"ENSG00000119686.10","FLVCR2","protein_coding"
11.2335145902647,-2.89490062813406,0.29983068110789,-9.65511807343148,4.67620274521562e-22,6.71995922229278e-21,"ENSG00000287439.1","AC092078.3","lncRNA"
3.65502897413589,-2.65189707967838,0.274818684411954,-9.64962438908694,4.93361027103314e-22,7.07687329603364e-21,"ENSG00000234944.1","LINC02623","lncRNA"
41.5933356995924,-3.21738675117911,0.333442229682726,-9.6490080282887,4.96335071080466e-22,7.11431782653836e-21,"ENSG00000185640.6","KRT79","protein_coding"
21073.0582300603,-3.22271693287227,0.334305682507722,-9.64003037189723,5.41719458805934e-22,7.74498507217208e-21,"ENSG00000125740.14","FOSB","protein_coding"
432.27620871867,-1.4975407868501,0.155479657904393,-9.63174737476565,5.87222803861538e-22,8.38329643849173e-21,"ENSG00000106004.5","HOXA5","protein_coding"
390.035120907655,-1.61570520003811,0.167827825438488,-9.62715923784818,6.14035207600111e-22,8.75330116888887e-21,"ENSG00000109771.15","LRP2BP","protein_coding"
275.491308108793,-1.16224832373762,0.120779779314011,-9.62287172851953,6.40184189425069e-22,9.10947182414268e-21,"ENSG00000109667.12","SLC2A9","protein_coding"
829.974338005778,-1.17417683434146,0.122030193633655,-9.62201893956207,6.45515132171886e-22,9.18198932643332e-21,"ENSG00000143995.20","MEIS1","protein_coding"
318.573983302762,-1.88308137474555,0.195708273646519,-9.62187923718899,6.46392615361599e-22,9.19112988071029e-21,"ENSG00000166523.8","CLEC4E","protein_coding"
21.5113334305669,-1.95532796036619,0.203231254949834,-9.62119709809815,6.50694173537478e-22,9.24557505617105e-21,"ENSG00000238078.1","LINC01352","lncRNA"
856.411518129635,-1.52776700913595,0.158795966922923,-9.62094339510209,6.52301236872305e-22,9.2650452631761e-21,"ENSG00000085514.16","PILRA","protein_coding"
4.01814671084045,-2.32466701099208,0.241653823903335,-9.61982299076707,6.59445456834648e-22,9.36312052663157e-21,"ENSG00000285719.2","AL356275.1","lncRNA"
449.571066367948,-2.01544207272415,0.209518972306127,-9.61937742697308,6.62308048588847e-22,9.40035409841501e-21,"ENSG00000182782.8","HCAR2","protein_coding"
2.80597489047777,-2.72961894960666,0.28385382759754,-9.6162837496658,6.82525778290516e-22,9.65928254259899e-21,"ENSG00000288002.1","AC091912.3","lncRNA"
8.49318600999408,-2.19120460282491,0.227877296059548,-9.61572144621337,6.86265571056053e-22,9.70869778054751e-21,"ENSG00000224958.6","PGM5-AS1","lncRNA"
1602.575976304,-1.14378962869423,0.118957969099713,-9.61507360415241,6.90599411426347e-22,9.76647834063043e-21,"ENSG00000100154.14","TTC28","protein_coding"
112.227065341833,-2.10853343778362,0.219310633269404,-9.61436938259835,6.95341134215663e-22,9.8264333416371e-21,"ENSG00000152760.10","TCTEX1D1","protein_coding"
3.18954509731193,-3.43171293062925,0.357015823426986,-9.61221521692884,7.10046645537344e-22,1.00125532564043e-20,"ENSG00000227947.2","LINC01738","lncRNA"
27.2051587043788,-3.02692960528083,0.314940492103576,-9.61111600818021,7.17668600386205e-22,1.01127439689278e-20,"ENSG00000115665.9","SLC5A7","protein_coding"
2573.38730967958,-1.36511946492682,0.142037337367058,-9.6109902525068,7.18545739362714e-22,1.01214590809944e-20,"ENSG00000118971.9","CCND2","protein_coding"
4.07842101651662,-2.59391513069691,0.269976338494212,-9.6079350700303,7.40184455563981e-22,1.04112717220252e-20,"ENSG00000215875.4","ST13P20","processed_pseudogene"
6375.54276448815,-1.33474857822982,0.138973085558209,-9.60436744185806,7.66269810124641e-22,1.07743097161291e-20,"ENSG00000198682.13","PAPSS2","protein_coding"
12.521246109853,-2.07877011293451,0.216500078189724,-9.60170606087651,7.86319431122015e-22,1.10482821038548e-20,"ENSG00000272823.1","AL445423.1","lncRNA"
29.3540382036583,-1.14081501376782,0.118843374092251,-9.599315254061,8.04772778065375e-22,1.1299448718506e-20,"ENSG00000230510.7","PPP5D1","transcribed_unprocessed_pseudogene"
2311.11435057428,-1.46271573086504,0.152604696547934,-9.58499812884588,9.24593202625554e-22,1.29353795537864e-20,"ENSG00000148841.17","ITPRIP","protein_coding"
966.859821882621,-1.82140505146996,0.190049620287434,-9.58383946632065,9.35028825017966e-22,1.30720303507603e-20,"ENSG00000117069.15","ST6GALNAC5","protein_coding"
143.241239356373,-2.11151730691501,0.220458309085444,-9.57785313547262,9.90830390426746e-22,1.38274550669718e-20,"ENSG00000180537.13","RNF182","protein_coding"
3003.94094541606,-1.13512185301498,0.118524174157182,-9.57713361925324,9.97755346094432e-22,1.39141712216754e-20,"ENSG00000241839.10","PLEKHO2","protein_coding"
2.11859668603691,-3.61063787313477,0.377125337719932,-9.57410577333356,1.02742531567445e-21,1.43177279300773e-20,"ENSG00000248464.1","FGF10-AS1","lncRNA"
16.6261554927946,-1.35067703139743,0.141147277317146,-9.56927442789119,1.07658545055055e-21,1.49921228702824e-20,"ENSG00000268798.1","AC027307.3","lncRNA"
9.15469740705694,-2.51542631921944,0.262928712680051,-9.56695179305268,1.10104018789285e-21,1.53272157923996e-20,"ENSG00000275178.1","AC018529.1","lncRNA"
4418.06364616142,-1.06298055466545,0.111159185583196,-9.56268750160886,1.14737774261289e-21,1.5955237543065e-20,"ENSG00000109099.16","PMP22","protein_coding"
2094.22615692313,-1.29171463094357,0.135097607432821,-9.56134350185209,1.16237822320344e-21,1.61523516520504e-20,"ENSG00000165410.15","CFL2","protein_coding"
8259.68384971542,-1.32293726598172,0.138380448285256,-9.56014583255745,1.17590889538277e-21,1.63287760770841e-20,"ENSG00000152818.18","UTRN","protein_coding"
10.8951136464039,-1.73616269214717,0.181631920286494,-9.55868709315334,1.19259964581397e-21,1.65546707131417e-20,"ENSG00000262115.1","AC027601.2","lncRNA"
2853.0227427325,-1.89582351951056,0.198349657593096,-9.55798735685112,1.20068893176706e-21,1.66551430659259e-20,"ENSG00000196205.8","EEF1A1P5","processed_pseudogene"
160.554913482523,-1.82871418523747,0.191357144681323,-9.55655033567167,1.21747218938657e-21,1.68759844997825e-20,"ENSG00000140538.16","NTRK3","protein_coding"
670.924655294138,-1.77799662033621,0.186080933057654,-9.55496402087218,1.23626869600434e-21,1.71244001215384e-20,"ENSG00000124785.9","NRN1","protein_coding"
3840.64327160233,-2.40545022033212,0.251975639895709,-9.54636020104055,1.34333054934301e-21,1.85745115640782e-20,"ENSG00000095713.14","CRTAC1","protein_coding"
8.76690703155381,-2.06599385839344,0.216583167610438,-9.53903242429941,1.44171106730311e-21,1.98436847606887e-20,"ENSG00000249706.1","AC105384.1","lncRNA"
970.902187141444,-1.15424155894327,0.121047144520788,-9.53547118779866,1.49206440704203e-21,2.05150991960512e-20,"ENSG00000187098.17","MITF","protein_coding"
3.24343139475411,-3.49866646165267,0.367055947810375,-9.53169804909445,1.547312746515e-21,2.12523324267737e-20,"ENSG00000206177.7","HBM","protein_coding"
22.4311484245255,-2.48645274070614,0.260881631035373,-9.53096134380191,1.5583338000319e-21,2.13886916622407e-20,"ENSG00000176204.13","LRRTM4","protein_coding"
182.839621237781,-1.86163584485563,0.195418096891643,-9.52642500601101,1.6279290150118e-21,2.23047935176564e-20,"ENSG00000166928.11","MS4A14","protein_coding"
3241.88539984535,-1.32369885524333,0.139022262769117,-9.52148834925581,1.70716254934516e-21,2.33740299924511e-20,"ENSG00000079819.19","EPB41L2","protein_coding"
3.95313802948841,-2.0050041930963,0.210594224486854,-9.52069886048305,1.72018293877024e-21,2.35358316702861e-20,"ENSG00000138483.3","CCDC54","protein_coding"
205.492733474741,-1.96857480522065,0.206841688856683,-9.51730193319316,1.77733558497114e-21,2.42923223106901e-20,"ENSG00000262097.2","LINC02185","lncRNA"
22.0513423414889,-1.92259311729688,0.202045370024906,-9.51565045543922,1.80579607171658e-21,2.46640858926149e-20,"ENSG00000185972.6","CCIN","protein_coding"
5.98460731328815,-1.91118912699396,0.200911081997854,-9.51261178820578,1.85934541579465e-21,2.53777626318313e-20,"ENSG00000205018.2","AC092384.1","lncRNA"
202.442243638941,-1.06579650178291,0.112091704142585,-9.50825495905727,1.93887582079027e-21,2.64355922450677e-20,"ENSG00000167995.17","BEST1","protein_coding"
5.13301951029989,-2.38505127770993,0.250962212041304,-9.50362709313938,2.02704114937515e-21,2.76184356602364e-20,"ENSG00000223656.1","HMGB3P10","processed_pseudogene"
2832.58962778806,-2.61915489380993,0.275646408280809,-9.50186476270613,2.06164808502707e-21,2.80704075209444e-20,"ENSG00000109906.14","ZBTB16","protein_coding"
476.125285665554,-2.19798073067988,0.231338987823225,-9.5011253890306,2.07634064821022e-21,2.82606211843875e-20,"ENSG00000184226.15","PCDH9","protein_coding"
4999.78434356577,-2.25286572407792,0.237187129798273,-9.4982629369223,2.13420549774906e-21,2.90179274956284e-20,"ENSG00000159713.11","TPPP3","protein_coding"
35.0777108034428,-2.57625575499372,0.27126397694283,-9.49722769690379,2.15552345611118e-21,2.92874265142662e-20,"ENSG00000243064.8","ABCC13","transcribed_unprocessed_pseudogene"
3.92718270278556,-2.6929526992845,0.28356074776731,-9.49691634151823,2.16197608218444e-21,2.93649031836026e-20,"ENSG00000271880.1","AGAP11","lncRNA"
378.4658258044,-1.65136450226662,0.1739758979859,-9.49191538244252,2.26827466160075e-21,3.07446677461375e-20,"ENSG00000166106.3","ADAMTS15","protein_coding"
312.423147445813,-2.4438741790335,0.257665950429901,-9.4846609532848,2.43172297797635e-21,3.28917220363611e-20,"ENSG00000162747.12","FCGR3B","protein_coding"
16.2339869141038,-1.71336332929325,0.180728174091053,-9.48033331222638,2.53472119251014e-21,3.42612003399359e-20,"ENSG00000288022.1","AC117488.1","lncRNA"
932.709520842761,-1.65646599853287,0.174727333884407,-9.4802911582725,2.53574538939037e-21,3.42632088509097e-20,"ENSG00000154153.13","RETREG1","protein_coding"
1462.25414906252,-1.27510468624135,0.134522370566728,-9.47875569594464,2.57333221677341e-21,3.47231251636415e-20,"ENSG00000140450.9","ARRDC4","protein_coding"
1022.22413955525,-1.3650690726918,0.144066387237016,-9.47527802197198,2.66051263591221e-21,3.58747484341422e-20,"ENSG00000118495.20","PLAGL1","protein_coding"
487.969092104497,-1.71989481632919,0.181613151184195,-9.47010062385208,2.7957424739217e-21,3.76722447475999e-20,"ENSG00000137941.17","TTLL7","protein_coding"
494.792183118083,-1.73018410917185,0.182724719803339,-9.468801544936,2.83072698429061e-21,3.81305258596475e-20,"ENSG00000103175.11","WFDC1","protein_coding"
2218.05911395312,-1.86606658475501,0.197099575333316,-9.46763371559422,2.86254634248739e-21,3.85193607042208e-20,"ENSG00000066468.23","FGFR2","protein_coding"
25.4092952318413,-2.39659202881922,0.253138966896991,-9.4674954954464,2.86633570688583e-21,3.85570926593844e-20,"ENSG00000187848.15","P2RX2","protein_coding"
3690.47330371822,-1.2248984488742,0.129401486009931,-9.46587621706442,2.91110020346823e-21,3.91323469810771e-20,"ENSG00000137962.13","ARHGAP29","protein_coding"
348.916263111544,-1.32262335290763,0.139816638531623,-9.45969926611051,3.08830129843936e-21,4.14573990083124e-20,"ENSG00000160013.9","PTGIR","protein_coding"
21.5844397768008,-1.45723213706681,0.154046041208809,-9.45971818316014,3.08774265320053e-21,4.14573990083124e-20,"ENSG00000260105.6","AOC4P","transcribed_unprocessed_pseudogene"
24.3800450623669,-3.01397466344992,0.318618423491019,-9.45951157006737,3.09384962843482e-21,4.15176371091505e-20,"ENSG00000004939.15","SLC4A1","protein_coding"
3022.61288540932,-1.35364467621772,0.143158417000522,-9.45557169867829,3.21261548951923e-21,4.30670971977996e-20,"ENSG00000160179.19","ABCG1","protein_coding"
75.2440480643599,-2.08645921026084,0.220706641218349,-9.45354067618051,3.27559023629929e-21,4.3896274498845e-20,"ENSG00000078549.15","ADCYAP1R1","protein_coding"
9.82350342065486,-1.9947725606812,0.211036470748452,-9.45226459486662,3.31577996208027e-21,4.44044441123077e-20,"ENSG00000267505.1","AC005180.2","lncRNA"
10.519140801533,-2.36189844623082,0.249890914524695,-9.45171796551015,3.33314472129869e-21,4.46064589908136e-20,"ENSG00000213981.8","AC007277.1","lncRNA"
13.4065514930487,-1.85777675638029,0.196621819258771,-9.44847709874611,3.43796040091181e-21,4.59777267423376e-20,"ENSG00000171872.5","KLF17","protein_coding"
941.481418832426,-1.62219476916056,0.17170163005648,-9.44775404069811,3.46178664917697e-21,4.62805512022357e-20,"ENSG00000111058.8","ACSS3","protein_coding"
1381.68495254315,-1.76994111737881,0.18746480292803,-9.44145828835035,3.67626818075602e-21,4.90306919499536e-20,"ENSG00000132170.23","PPARG","protein_coding"
100.531983964465,-1.60948580313127,0.170498750287299,-9.43986862319639,3.73247089409326e-21,4.97633112629517e-20,"ENSG00000272463.1","AL357054.4","lncRNA"
76.322418366358,-1.50240841833731,0.159196045543394,-9.43747323125418,3.81876912441127e-21,5.08618974157036e-20,"ENSG00000088320.4","REM1","protein_coding"
42.6869518055897,-2.29027330401328,0.242794281815426,-9.43297876246676,3.98604967773522e-21,5.30177124199377e-20,"ENSG00000225670.4","CADM3-AS1","lncRNA"
46.6409839554487,-1.20128526371082,0.127404033158109,-9.42894219227759,4.14245375707731e-21,5.50418872557529e-20,"ENSG00000279267.1","AL078621.1","TEC"
141.471407773228,-1.52147758361639,0.161474585304123,-9.42239660037414,4.40907323337751e-21,5.85050677162751e-20,"ENSG00000145335.17","SNCA","protein_coding"
51.6187056755366,-1.25787126891607,0.13351932056396,-9.42089327299643,4.47266526106713e-21,5.92885719277838e-20,"ENSG00000278921.2","EPB41L4A-DT","lncRNA"
715.129555097408,-1.0783958938629,0.114489987539827,-9.41912840620905,4.54847904260705e-21,6.02527195044876e-20,"ENSG00000128872.10","TMOD2","protein_coding"
688.332064407541,-2.05374229448635,0.218110739139612,-9.41605306821575,4.68363607716652e-21,6.19801702183304e-20,"ENSG00000214491.8","SEC14L6","protein_coding"
770.483141222103,-1.80804966339515,0.192080384889814,-9.41298438376376,4.82245876835358e-21,6.37095320946806e-20,"ENSG00000164687.11","FABP5","protein_coding"
21.5069968780441,-1.72352321766624,0.183121309171272,-9.41192057585307,4.87152758468873e-21,6.43360600460529e-20,"ENSG00000268355.1","AC243960.3","lncRNA"
2830.53800642774,-1.1454539818621,0.121768381220605,-9.40682606092053,5.11344625509936e-21,6.75081867099504e-20,"ENSG00000162104.10","ADCY9","protein_coding"
979.449004732846,-1.24539065401432,0.132429230904837,-9.40419758919573,5.2428706667103e-21,6.91701861291438e-20,"ENSG00000127084.19","FGD3","protein_coding"
55.8125279310943,-3.60835140229923,0.383819496010913,-9.40116757955577,5.39609068979241e-21,7.10240244810853e-20,"ENSG00000124469.12","CEACAM8","protein_coding"
187.751167029248,-1.82483793980089,0.194122877238925,-9.40042701692955,5.43420758393132e-21,7.15016734925409e-20,"ENSG00000152154.11","TMEM178A","protein_coding"
28.3688690640649,-2.01176073063175,0.214258024610534,-9.38943003086401,6.03258131909237e-21,7.89765605879571e-20,"ENSG00000186326.4","RGS9BP","protein_coding"
20.3370770175188,-2.62204668585876,0.279474009014416,-9.38207704933131,6.46856853190545e-21,8.45711845045079e-20,"ENSG00000205221.12","VIT","protein_coding"
2.13013423191556,-3.8481472962675,0.410435847129537,-9.37575829007206,6.86802900205758e-21,8.96440436556087e-20,"ENSG00000233002.2","TBC1D26-AS1","lncRNA"
1386.06128195686,-1.00102244444619,0.106775285467407,-9.37503880288619,6.91503296703146e-21,9.02274608312465e-20,"ENSG00000158186.13","MRAS","protein_coding"
1796.60595353695,-1.80953881197354,0.193052850399886,-9.37328202212658,7.03114413450715e-21,9.16507998425714e-20,"ENSG00000113389.16","NPR3","protein_coding"
1646.00863602921,-1.57044061635953,0.167573972478244,-9.37162611313886,7.14235276515382e-21,9.30074562573159e-20,"ENSG00000172403.11","SYNPO2","protein_coding"
22.1738002428281,-2.2629564619256,0.241491337634719,-9.37075625192222,7.20146657974312e-21,9.37460375023047e-20,"ENSG00000187151.7","ANGPTL5","protein_coding"
9818.44701384937,-1.38151548006629,0.147437708478936,-9.37016380896659,7.24200440886726e-21,9.41575212753397e-20,"ENSG00000130522.6","JUND","protein_coding"
2317.64445531935,-1.58410631401145,0.169139266524532,-9.36569222843173,7.55533916615872e-21,9.80590304845628e-20,"ENSG00000112149.10","CD83","protein_coding"
152.761228025748,-2.8600963730971,0.305437875422943,-9.36392177668437,7.68307145298275e-21,9.96507355076791e-20,"ENSG00000253288.2","AC046195.1","lncRNA"
3.93223109898969,-3.30708502714659,0.353410974986793,-9.35761835712707,8.15542283220563e-21,1.05637156851055e-19,"ENSG00000286640.1","AC093151.5","transcribed_unprocessed_pseudogene"
55.0611441715637,-2.77996381779274,0.297178008575695,-9.35454083939945,8.39636100705697e-21,1.08658554005122e-19,"ENSG00000181234.9","TMEM132C","protein_coding"
3045.72682817663,-1.04661688112835,0.111949662819081,-9.34899538571869,8.84841489602911e-21,1.14348521564239e-19,"ENSG00000145675.15","PIK3R1","protein_coding"
3664.86390294646,-1.64616846663573,0.176163514707595,-9.34454827021434,9.22825509956398e-21,1.19139178588267e-19,"ENSG00000158270.12","COLEC12","protein_coding"
1275.3344253802,-1.42196196708077,0.152241432917394,-9.34017724236955,9.61729874477144e-21,1.23957350850346e-19,"ENSG00000173210.20","ABLIM3","protein_coding"
161.977545815911,-2.11757200949011,0.22672743490515,-9.33972551833432,9.65841759307707e-21,1.24446341400955e-19,"ENSG00000178826.11","TMEM139","protein_coding"
1936.31414628211,-1.05489883743151,0.113014106936707,-9.33422265613533,1.0173501666232e-20,1.30824611798004e-19,"ENSG00000186088.16","GSAP","protein_coding"
43.3629641905805,-1.47512319325599,0.158145800689287,-9.32761531970239,1.082796017216e-20,1.38739001144988e-19,"ENSG00000274370.1","AC130371.2","lncRNA"
51.30680053101,-2.72179932312934,0.291830920590132,-9.32663104247278,1.0928951835251e-20,1.39987173245567e-19,"ENSG00000185985.11","SLITRK2","protein_coding"
5.09464275903183,-2.83822896458193,0.304547282707524,-9.31950184992344,1.16887794220557e-20,1.49410861093324e-19,"ENSG00000103355.13","PRSS33","protein_coding"
77.3227317255818,-2.06059212679778,0.221453554327136,-9.30485009851693,1.34181475526656e-20,1.7091976949328e-19,"ENSG00000130037.5","KCNA5","protein_coding"
40819.5218296679,-1.425735151206,0.153298412299148,-9.30039085090987,1.3993034079525e-20,1.77664314265378e-19,"ENSG00000013588.9","GPRC5A","protein_coding"
4011.9615123289,-2.1436853624413,0.230565267662788,-9.29752075918279,1.43758596261585e-20,1.82170260048967e-19,"ENSG00000184113.9","CLDN5","protein_coding"
1400.334681981,-1.2897045132039,0.138738517804703,-9.29593694390888,1.45915313654528e-20,1.84783564356483e-19,"ENSG00000037280.16","FLT4","protein_coding"
6.5235479410291,-2.52978811893359,0.272439414353342,-9.28569063671739,1.60661810206235e-20,2.03063866123391e-19,"ENSG00000267690.1","LDLRAD4-AS1","lncRNA"
4.89599505405644,-1.85977920042391,0.200296310785267,-9.28513956713726,1.61495382776983e-20,2.04051528041528e-19,"ENSG00000215771.2","LRRC37A14P","processed_pseudogene"
45.1396020384713,-2.44637656169664,0.263475620038133,-9.2850206077609,1.61675886500973e-20,2.0421365767171e-19,"ENSG00000278910.4","BANCR","lncRNA"
137.925856279608,-2.36963524063922,0.255219545527815,-9.28469344202701,1.62173342785207e-20,2.04775897919585e-19,"ENSG00000154479.13","CCDC173","protein_coding"
666.139882345663,-1.54766200857927,0.166704243547127,-9.28387889623067,1.6341844584846e-20,2.06215001757371e-19,"ENSG00000120693.14","SMAD9","protein_coding"
192.046329038186,-2.34831910011061,0.253068992939155,-9.27936319988125,1.7049447237123e-20,2.148669629101e-19,"ENSG00000132554.20","RGS22","protein_coding"
347.371202175099,-1.72540175008489,0.186030003636659,-9.27485736900173,1.77856843660077e-20,2.23929091031611e-19,"ENSG00000164236.12","ANKRD33B","protein_coding"
607.218389200882,-1.36562764007639,0.147500299184221,-9.25847369550614,2.07375271108941e-20,2.59839953050399e-19,"ENSG00000143816.8","WNT9A","protein_coding"
69.3366270380235,-1.99340242408241,0.215441226808382,-9.25265072805856,2.18993079186757e-20,2.73958381766527e-19,"ENSG00000180509.12","KCNE1","protein_coding"
40.9448025864221,-1.08337320598164,0.117108841163276,-9.25099416252588,2.22414213991972e-20,2.78149268383504e-19,"ENSG00000261485.1","PAN3-AS1","lncRNA"
9.2380653545779,-1.63461505641504,0.176869943989314,-9.24190407678199,2.421491405986e-20,3.02153635866193e-19,"ENSG00000253541.1","SEPTIN10P1","processed_pseudogene"
1.49222329005339,-3.85701782781193,0.417700461021018,-9.2339324174647,2.60874423050605e-20,3.24690745814034e-19,"ENSG00000287526.1","AC016587.1","lncRNA"
1774.91909469336,-1.23682804733569,0.133955171295946,-9.23314893609582,2.62790314182846e-20,3.2686738030162e-19,"ENSG00000114698.15","PLSCR4","protein_coding"
85.2764481630747,-2.56949560610505,0.27832619965286,-9.23195735546933,2.65730851384861e-20,3.30419890230092e-19,"ENSG00000273877.4","AC236972.3","lncRNA"
11410.3709454217,-1.47197608764683,0.159454766456632,-9.23130816567454,2.67346562238776e-20,3.32217793806464e-19,"ENSG00000111859.17","NEDD9","protein_coding"
2325.66380885782,-1.339111294551,0.145139886994786,-9.22634929844686,2.80012915202117e-20,3.47626439872272e-19,"ENSG00000180354.16","MTURN","protein_coding"
2251.64763582046,-1.65482013026898,0.179378409535331,-9.22530272486913,2.82761037900023e-20,3.50704347830929e-19,"ENSG00000127528.6","KLF2","protein_coding"
9.54132138256598,-2.23727223543414,0.242667018502276,-9.21951507560619,2.98446839902951e-20,3.6933976256301e-19,"ENSG00000139767.10","SRRM4","protein_coding"
4.910675165851,-2.72839090543981,0.295951965210359,-9.21903290454757,2.99791798784668e-20,3.70886907310871e-19,"ENSG00000184999.12","SLC22A10","protein_coding"
37.8180657537031,-1.13624637609365,0.123257720935629,-9.21846004833282,3.01397503501771e-20,3.72755553398477e-19,"ENSG00000224738.1","AC099850.1","lncRNA"
4991.40104600506,-1.17486953295307,0.127480062983996,-9.21610411426109,3.08091008347369e-20,3.80672852783104e-19,"ENSG00000048740.18","CELF2","protein_coding"
6381.78686771003,-1.50853967716535,0.163693343617075,-9.21564459391981,3.09413587888715e-20,3.81945208443954e-19,"ENSG00000137491.15","SLCO2B1","protein_coding"
11.862198229503,-2.21876237322677,0.240998692813497,-9.20653281278926,3.36829020763555e-20,4.14610141915655e-19,"ENSG00000266283.1","AC091588.3","lncRNA"
333.495129448989,-1.06706967648043,0.115933510359903,-9.20415221766187,3.44378890323793e-20,4.23503782440614e-19,"ENSG00000100490.9","CDKL1","protein_coding"
22.6434730792993,-1.763486965309,0.191709750235162,-9.19873383146036,3.62192253492902e-20,4.43797512742497e-19,"ENSG00000198857.3","HSD3BP5","transcribed_unprocessed_pseudogene"
10.8024138818867,-2.37600935640106,0.258351754427358,-9.19679977272666,3.68768749859778e-20,4.51639641758478e-19,"ENSG00000160870.15","CYP3A7","protein_coding"
114.820407905455,-1.66807626487735,0.181650037609132,-9.18291175070749,4.19589171687063e-20,5.11972057289881e-19,"ENSG00000173597.9","SULT1B1","protein_coding"
5025.56456058184,-1.05521192536169,0.115063704594347,-9.17067574941897,4.70063014365224e-20,5.71951043208233e-19,"ENSG00000115756.13","HPCAL1","protein_coding"
108.828640167561,-2.7299569734819,0.297684365529402,-9.17064276663287,4.70206870767648e-20,5.71951043208233e-19,"ENSG00000206557.6","TRIM71","protein_coding"
237.494144297022,-1.59764388999735,0.174240880571768,-9.16916790568732,4.76684241771895e-20,5.79649815561716e-19,"ENSG00000126218.12","F10","protein_coding"
925.843486161786,-1.20607063831934,0.131571127620265,-9.16668162790436,4.87803863446219e-20,5.91883813349271e-19,"ENSG00000102547.19","CAB39L","protein_coding"
252.045781274778,-1.66285682363692,0.181409675083876,-9.16630727037071,4.89500201242897e-20,5.93757978141222e-19,"ENSG00000154258.17","ABCA9","protein_coding"
5.60917873411957,-2.40463239712105,0.262563157580821,-9.15830087997349,5.27208454542697e-20,6.38310458994749e-19,"ENSG00000267122.1","AC004490.1","lncRNA"
415.378854325454,-1.83329998085952,0.200230351276258,-9.15595447530391,5.38793730724285e-20,6.51933750060977e-19,"ENSG00000198948.12","MFAP3L","protein_coding"
2353.01399493009,-1.58023373063852,0.172651579742033,-9.15273253218779,5.55112947659523e-20,6.71264671040321e-19,"ENSG00000102934.10","PLLP","protein_coding"
1012.58296505477,-1.36648458772347,0.149343460521492,-9.1499459229875,5.69620550908126e-20,6.87957462271169e-19,"ENSG00000010671.16","BTK","protein_coding"
677.765332379804,-1.28349401141335,0.140334329567468,-9.145973158309,5.90953657266525e-20,7.13282158004208e-19,"ENSG00000204131.9","NHSL2","protein_coding"
3.67710041088163,-4.14573873736306,0.453341704166132,-9.14484306046506,5.97165075722195e-20,7.2055709460639e-19,"ENSG00000166947.15","EPB42","protein_coding"
574.961961847535,-1.43572883142298,0.157047348234316,-9.14201256859718,6.13007119272342e-20,7.3944456178317e-19,"ENSG00000185112.6","FAM43A","protein_coding"
138.702099495654,-2.76870581969809,0.303023115660521,-9.13694591801336,6.42408840981296e-20,7.73718078068301e-19,"ENSG00000163283.7","ALPP","protein_coding"
2274.17941768385,-1.76507523564334,0.193196902157815,-9.13614667693538,6.47172403575214e-20,7.79215486901591e-19,"ENSG00000160111.14","CPAMD8","protein_coding"
9291.16869169195,-1.49623617942242,0.16402990656084,-9.12172792628799,7.39359476547687e-20,8.87208699073522e-19,"ENSG00000115380.20","EFEMP1","protein_coding"
23.106549940416,-1.07348059939935,0.117757797068474,-9.11600442707956,7.79450711873059e-20,9.34457285732374e-19,"ENSG00000257950.3","P2RX5-TAX1BP3","protein_coding"
3.89135371920526,-2.87143272168384,0.315023456876838,-9.11498067525319,7.86844948881535e-20,9.43033068749873e-19,"ENSG00000286361.1","AC092944.3","lncRNA"
250.81998817375,-1.3045580214237,0.143269212539954,-9.10564103966088,8.57584772802509e-20,1.02530246698854e-18,"ENSG00000134245.18","WNT2B","protein_coding"
9.48611683619125,-1.58300174858336,0.173972260591337,-9.09916180431692,9.10316392227266e-20,1.08569310406111e-18,"ENSG00000261671.1","AL158211.1","lncRNA"
1063.74279084052,-1.50442888764748,0.165337784710228,-9.09912329044535,9.1063922883845e-20,1.08574721705294e-18,"ENSG00000240184.7","PCDHGC3","protein_coding"
92.4105835015952,-2.31575343653715,0.254548786747175,-9.09748369312489,9.24488353585866e-20,1.10158811705751e-18,"ENSG00000157152.17","SYN2","protein_coding"
3176.5150674312,-1.32544102336887,0.145758185265574,-9.09342429691955,9.59678780586459e-20,1.1428238089814e-18,"ENSG00000110446.11","SLC15A3","protein_coding"
392.629551604635,-1.47374954426644,0.162227812504457,-9.08444440885222,1.04229641752427e-19,1.2374423881718e-18,"ENSG00000255197.6","AC090559.1","lncRNA"
8.47512769677337,-2.80196634686744,0.308468499967916,-9.08347642355338,1.05161137832905e-19,1.24774423424481e-18,"ENSG00000234493.4","RHOXF1P1","transcribed_unprocessed_pseudogene"
7.56313718951467,-2.84848561172612,0.313705858594171,-9.08011608227915,1.08459116003847e-19,1.28453803521384e-18,"ENSG00000274588.2","DGKK","protein_coding"
305.596117977541,-2.61358078633081,0.287851751933812,-9.07960701566886,1.0896757124964e-19,1.29016944949157e-18,"ENSG00000119147.10","ECRG4","protein_coding"
311.926161421908,-1.36722960901523,0.150624531928524,-9.07707125466139,1.11535591316102e-19,1.31937703258476e-18,"ENSG00000183615.6","FAM167B","protein_coding"
320.745487345457,-1.0014843703544,0.110336091565156,-9.07667070808833,1.11946667066933e-19,1.32358707519606e-18,"ENSG00000146243.14","IRAK1BP1","protein_coding"
8.05517311233751,-1.79749389415375,0.198067152075942,-9.07517412813896,1.13495879224789e-19,1.34094421797863e-18,"ENSG00000271815.1","AC008897.3","lncRNA"
862.691542741667,-1.19896158616636,0.132150027939092,-9.072730478112,1.16071133283962e-19,1.36930344182536e-18,"ENSG00000185561.10","TLCD2","protein_coding"
2868.46699841445,-1.79367903892052,0.197707136520366,-9.07240411494074,1.16419415386445e-19,1.37299823492675e-18,"ENSG00000012171.20","SEMA3B","protein_coding"
3.15779360271316,-2.68541624037194,0.296659593324395,-9.05218068385693,1.40141168872738e-19,1.64285922083856e-18,"ENSG00000188800.6","TMCO2","protein_coding"
105.632896457009,-1.76309589327496,0.195199233269325,-9.03228902975425,1.68117702632817e-19,1.96025441648533e-18,"ENSG00000188176.12","SMTNL2","protein_coding"
2.35624029676746,-2.89452660719022,0.320489413790864,-9.03158258162952,1.69206751038298e-19,1.9717776577962e-18,"ENSG00000165120.5","SSMEM1","protein_coding"
350.538939342043,-1.65134617161364,0.182849244700518,-9.03118946057617,1.69815795758495e-19,1.97828577071321e-18,"ENSG00000244482.10","LILRA6","protein_coding"
2.13019972293683,-2.55617019262651,0.283123580823421,-9.0284609469557,1.74103068036798e-19,2.02762712956784e-18,"ENSG00000252103.1","RNU6-917P","snRNA"
132.521477722383,-1.76055627759511,0.195008632816112,-9.02809404984278,1.74687666334781e-19,2.03383013131399e-18,"ENSG00000233251.8","AC007743.1","lncRNA"
7.50252391240809,-2.11483795682757,0.234494548245465,-9.01870842052067,1.90319825581324e-19,2.2118815250439e-18,"ENSG00000234232.7","AC243772.3","transcribed_unprocessed_pseudogene"
23.062715838444,-2.51108989825808,0.278487437820521,-9.01688750455029,1.93508964746917e-19,2.24827770175523e-18,"ENSG00000224276.1","ARHGEF2-AS1","lncRNA"
1674.49649736739,-1.84543658672869,0.204675697563499,-9.01639329288794,1.94383596540316e-19,2.25776922416714e-18,"ENSG00000169583.13","CLIC3","protein_coding"
764.249350545371,-1.62683858750925,0.180540548100846,-9.01093191874291,2.04312834106552e-19,2.3688786700514e-18,"ENSG00000167641.11","PPP1R14A","protein_coding"
15.8576066969584,-1.97923176277883,0.219949671531151,-8.99856657662031,2.28683825427583e-19,2.64283129734399e-18,"ENSG00000226239.2","AL031658.1","lncRNA"
684.072683570697,-2.33709328198404,0.259736846326226,-8.99792738319725,2.30018875973121e-19,2.6574752393576e-18,"ENSG00000138207.14","RBP4","protein_coding"
782.89780984346,-1.11903735232063,0.124385669968696,-8.99651344565863,2.32999515194102e-19,2.69111689169433e-18,"ENSG00000161955.16","TNFSF13","protein_coding"
2056.46207444094,-1.06821172232068,0.118839663858276,-8.98868010595001,2.50217166035465e-19,2.88232202653334e-18,"ENSG00000168994.14","PXDC1","protein_coding"
22.1703059393465,-2.00354783779384,0.222960594686438,-8.98610734606062,2.56141797818437e-19,2.94796608542154e-18,"ENSG00000250410.1","AC112722.1","lncRNA"
19.2003851866069,-2.81819160763645,0.313720098042703,-8.98314014696261,2.63147021263398e-19,3.02503116599824e-18,"ENSG00000276289.4","KCNE1B","protein_coding"
31.796324660805,-1.38254045642027,0.153995248358905,-8.97781244001821,2.76203418441274e-19,3.16953547420103e-18,"ENSG00000260742.1","AC009962.1","lncRNA"
14.6118369956695,-1.49073525538445,0.166053593727938,-8.9774344650852,2.77153651467987e-19,3.17950733966397e-18,"ENSG00000249978.1","TRGV7","TR_V_pseudogene"
1931.69764084825,-1.22102072335186,0.136053589919917,-8.97455718787403,2.84493818976384e-19,3.26180123948576e-18,"ENSG00000047365.12","ARAP2","protein_coding"
2.55704443873245,-2.45936969732711,0.27417666504893,-8.97001827959433,2.9646523119759e-19,3.39408454125011e-18,"ENSG00000267299.1","AC011444.3","lncRNA"
397.358606462642,-1.37477732922731,0.153314206669469,-8.96705764646589,3.04540739990058e-19,3.48246162961747e-18,"ENSG00000196209.13","SIRPB2","protein_coding"
896.391517482023,-1.57506544826175,0.175902182456588,-8.95421208688225,3.42170491883659e-19,3.90363659413978e-18,"ENSG00000185483.12","ROR1","protein_coding"
7.01037366770058,-3.03247480809981,0.33886516382517,-8.94891281791467,3.59000552675062e-19,4.09087088722419e-18,"ENSG00000233884.2","AL772337.2","lncRNA"
3178.82961178765,-1.19192077188793,0.133215301209767,-8.9473263286105,3.64196350846264e-19,4.14645545678358e-18,"ENSG00000095383.20","TBC1D2","protein_coding"
596.47093284566,-1.00847623808247,0.112715774725231,-8.94707276369128,3.65033640904499e-19,4.15357121321139e-18,"ENSG00000156313.15","RPGR","protein_coding"
36.5804080501436,-1.76949858525887,0.197895468702353,-8.94158212344069,3.83637847492151e-19,4.3589235221299e-18,"ENSG00000139549.4","DHH","protein_coding"
10.7992217405291,-2.01370992307464,0.22533023348662,-8.93670543857226,4.00945320978927e-19,4.55292842577666e-18,"ENSG00000285816.1","AP000944.5","protein_coding"
3503.45269810245,-2.04664311261988,0.229155756329079,-8.9312315143452,4.21292415354877e-19,4.77704824840675e-18,"ENSG00000147257.15","GPC3","protein_coding"
525.663484761228,-1.486830267066,0.166487642318861,-8.93057434388063,4.23802750677206e-19,4.80412092605729e-18,"ENSG00000177464.5","GPR4","protein_coding"
13734.8366354673,-2.59988996192252,0.291149549908035,-8.92974061867431,4.27008785327285e-19,4.83755802189984e-18,"ENSG00000142973.14","CYP4B1","protein_coding"
6.19982941166643,-3.59185160857636,0.402241187942286,-8.92959675997111,4.27564403061098e-19,4.84115238894208e-18,"ENSG00000287784.1","AC112482.2","lncRNA"
240.166689504234,-1.66391456032317,0.186346262746511,-8.92915444505912,4.29277209911215e-19,4.85913986145089e-18,"ENSG00000082175.15","PGR","protein_coding"
732.657246470765,-1.32792607183985,0.148756714832036,-8.92683112382012,4.38385893276995e-19,4.95794173116245e-18,"ENSG00000121361.5","KCNJ8","protein_coding"
89.2675601060814,-1.27139594423002,0.142442982569293,-8.92564815266727,4.43096878528936e-19,5.00977288463329e-18,"ENSG00000279348.1","AC012513.3","TEC"
24.3542206581947,-2.05852202117149,0.23063514018406,-8.9254483056167,4.43897659274455e-19,5.01737703785924e-18,"ENSG00000286393.1","Z97192.4","lncRNA"
1466.20423515816,-1.21378743429458,0.135998451236956,-8.92500924278728,4.45661994294838e-19,5.03586471231629e-18,"ENSG00000125266.8","EFNB2","protein_coding"
1359.98045158621,-1.34936636406382,0.151239461804599,-8.9220521414391,4.57726629677958e-19,5.16175814003694e-18,"ENSG00000144642.22","RBMS3","protein_coding"
22.3977759688488,-2.77830924828385,0.311403789758143,-8.92188643703299,4.58412149851239e-19,5.16752344447023e-18,"ENSG00000251521.2","IMPA1P1","transcribed_unprocessed_pseudogene"
954.154757506759,-1.78605426683028,0.200218421820897,-8.92052914305743,4.64065595060401e-19,5.22420909099786e-18,"ENSG00000103569.10","AQP9","protein_coding"
650.774514091033,-1.35138260663885,0.151558165792953,-8.91659383424448,4.80849339836052e-19,5.40537647719751e-18,"ENSG00000187513.9","GJA4","protein_coding"
4.13606961796627,-2.64901466465845,0.297172407380637,-8.9140667130156,4.91942015740004e-19,5.52531085474228e-18,"ENSG00000287986.1","AL135841.1","lncRNA"
526.795945822818,-1.011139274209,0.113474062839468,-8.91075236849029,5.06874129539914e-19,5.68323540487862e-18,"ENSG00000273033.2","LINC02035","lncRNA"
3393.4156135777,-1.28956126751708,0.144733825753999,-8.9098817142367,5.1087038414667e-19,5.72312310393454e-18,"ENSG00000169554.22","ZEB2","protein_coding"
30.2256147663694,-1.06810005309608,0.119880786948004,-8.90968503200892,5.11777445361158e-19,5.7316437362414e-18,"ENSG00000260086.3","AC007611.1","lncRNA"
1719.39427092103,-1.35202940327045,0.151762763216367,-8.90883491191364,5.15716372578693e-19,5.77245348265927e-18,"ENSG00000130755.13","GMFG","protein_coding"
166.030910521584,-1.29986254206486,0.145916415152784,-8.90826807048284,5.18359389021382e-19,5.79871962601364e-18,"ENSG00000136404.16","TM6SF1","protein_coding"
12.9747970355893,-2.0920575020888,0.234911368243632,-8.90573120292366,5.30352952610662e-19,5.93119216593535e-18,"ENSG00000287470.1","AP001037.1","lncRNA"
29.9575853606859,-1.81153592708923,0.203424740926284,-8.90518979569789,5.32947843242007e-19,5.95510624040633e-18,"ENSG00000265752.3","AC010754.1","lncRNA"
25.3081614646077,-1.58716756184695,0.178334058242933,-8.89996884209776,5.58623671188001e-19,6.2189197374844e-18,"ENSG00000239474.7","KLHL41","protein_coding"
128.751010500549,-1.74778028247767,0.196400581525229,-8.89905859190724,5.63223573371578e-19,6.26834517906804e-18,"ENSG00000255310.2","AF131215.5","lncRNA"
6.66539833955587,-2.34635306783088,0.263847721864929,-8.8928304980099,5.95716494765081e-19,6.61304458344748e-18,"ENSG00000136929.13","HEMGN","protein_coding"
187.978741615494,-1.17174317541564,0.131951580152806,-8.88009960971068,6.68005165055668e-19,7.38827306777652e-18,"ENSG00000155970.12","MICU3","protein_coding"
2490.50019580575,-1.19087215093041,0.134112928952317,-8.87962227231508,6.70877841587473e-19,7.41794880450958e-18,"ENSG00000186517.14","ARHGAP30","protein_coding"
3.80709795120416,-2.91745993873,0.3285674233876,-8.87933413681239,6.7261777976745e-19,7.43508653674578e-18,"ENSG00000286494.1","AC022325.2","lncRNA"
7116.33254928792,-1.16784250376184,0.131544236357744,-8.87794506317863,6.81068596400625e-19,7.52212679812387e-18,"ENSG00000134954.14","ETS1","protein_coding"
215.144988881283,-2.83454151902925,0.319292099420111,-8.87758113707563,6.8329992562799e-19,7.54251322700956e-18,"ENSG00000088926.14","F11","protein_coding"
28.3028277415185,-2.55792868665722,0.288373237562176,-8.87020136917426,7.30137508735654e-19,8.04817207164363e-18,"ENSG00000178597.7","PSAPL1","protein_coding"
395.69928370094,-1.9953347023938,0.225070535526261,-8.86537501556259,7.624700178181e-19,8.39510812246485e-18,"ENSG00000233237.8","LINC00472","lncRNA"
1370.9980409826,-1.84949678831692,0.208690267131568,-8.86240079011886,7.8309489927322e-19,8.6149245160136e-18,"ENSG00000171051.9","FPR1","protein_coding"
963.370357269962,-1.30665233140471,0.147474515168676,-8.86019072454796,7.98776640149108e-19,8.77757054357617e-18,"ENSG00000185565.12","LSAMP","protein_coding"
834.597200756861,-1.12709327425997,0.127225581645435,-8.85901451330023,8.07248617809529e-19,8.86320024228526e-18,"ENSG00000057704.13","TMCC3","protein_coding"
1042.52928293247,-1.40840581920096,0.159043969498953,-8.85544936810841,8.33473464087052e-19,9.13319801825552e-18,"ENSG00000163072.16","NOSTRIN","protein_coding"
21.2622399310661,-2.65179667518962,0.299578788463489,-8.85175044865638,8.61571776149891e-19,9.41999585708896e-18,"ENSG00000278484.1","AC010998.3","lncRNA"
50.8457516759926,-2.08970494522998,0.236081711447351,-8.85161723209557,8.62601002882537e-19,9.42861448150742e-18,"ENSG00000180815.14","MAP3K15","protein_coding"
1763.27062769866,-1.23566725634899,0.139834838464829,-8.83661947133287,9.86584703818378e-19,1.07477856473043e-17,"ENSG00000147251.15","DOCK11","protein_coding"
2236.35176918911,-1.28865433190209,0.145862368406386,-8.83472787382546,1.00342220987279e-18,1.09251292416617e-17,"ENSG00000005844.19","ITGAL","protein_coding"
534.338566411015,-1.46220301404632,0.165550132563026,-8.83238805918597,1.02464247084923e-18,1.11468680919659e-17,"ENSG00000151490.15","PTPRO","protein_coding"
103.682642340726,-2.23304175920785,0.252862074309659,-8.83106636416037,1.03682445532673e-18,1.12699938226084e-17,"ENSG00000120051.15","CFAP58","protein_coding"
2435.34881599863,-1.44811995743277,0.163998375911502,-8.83008718460859,1.04594163091974e-18,1.13627823319045e-17,"ENSG00000101336.17","HCK","protein_coding"
140.86257850859,-1.23412518275061,0.139861193031633,-8.82392861092987,1.10512691093702e-18,1.19891103831096e-17,"ENSG00000127472.11","PLA2G5","protein_coding"
26.5872228536518,-1.78609702719964,0.202427365601942,-8.82339708313878,1.11038742321042e-18,1.20395040891236e-17,"ENSG00000214578.5","HMGN2P15","processed_pseudogene"
8.97151115229469,-3.94234443161749,0.446945069881573,-8.8206464223044,1.13800829814564e-18,1.23253259658835e-17,"ENSG00000268038.3","LINC01785","lncRNA"
498078.200899427,-2.76516609683949,0.313579596104036,-8.81806766509799,1.16451877064715e-18,1.26019867295889e-17,"ENSG00000185303.17","SFTPA2","protein_coding"
5619.78477223777,-1.12763874238377,0.127898870902812,-8.81664344981313,1.17942066405091e-18,1.27491464102144e-17,"ENSG00000196730.13","DAPK1","protein_coding"
2462.67191204011,-1.1144293881849,0.126446973314458,-8.81341291905381,1.21392410908654e-18,1.31148714281241e-17,"ENSG00000101265.16","RASSF2","protein_coding"
68.5990762773486,-2.45412680553041,0.278552680531272,-8.81027890612918,1.24834872075035e-18,1.34719067268842e-17,"ENSG00000122756.15","CNTFR","protein_coding"
260.50055830743,-2.25656190757892,0.256292327471391,-8.80464089519345,1.31272196704479e-18,1.41393127697301e-17,"ENSG00000144278.15","GALNT13","protein_coding"
214.947030741563,-2.55922912328046,0.290704476193623,-8.8035421978707,1.32564298669725e-18,1.42745557821822e-17,"ENSG00000145491.12","ROPN1L","protein_coding"
28.6388535217389,-1.6091966910254,0.182864728595114,-8.79992934333647,1.36902321690791e-18,1.47214200332024e-17,"ENSG00000166856.3","GPR182","protein_coding"
232.577398221959,-1.21711469044557,0.13833491859446,-8.79831862274512,1.3888124656908e-18,1.49219166927366e-17,"ENSG00000136630.13","HLX","protein_coding"
12.4214472361683,-1.20164761356739,0.136739501930231,-8.78786010337023,1.52435625310146e-18,1.63468305125002e-17,"ENSG00000252965.1","Y_RNA","misc_RNA"
456.683792892358,-1.33053781447252,0.151443688861094,-8.78569337869801,1.554029597256e-18,1.66513505394919e-17,"ENSG00000068831.19","RASGRP2","protein_coding"
18131.3033179389,-2.24090365254156,0.255160623714981,-8.78232550115056,1.60128883449677e-18,1.71342721855874e-17,"ENSG00000099994.11","SUSD2","protein_coding"
1645.70021234326,-1.17412609655229,0.133706101214126,-8.78139505894323,1.61459347339621e-18,1.72530467524487e-17,"ENSG00000127990.19","SGCE","protein_coding"
877.913183994882,-1.12008800568789,0.127652497203746,-8.77450915746767,1.71650907335913e-18,1.83170756884691e-17,"ENSG00000139597.18","N4BP2L1","protein_coding"
8.55855849365129,-1.54432056288055,0.176063878730358,-8.77136510916974,1.76513077041769e-18,1.88102756473896e-17,"ENSG00000260871.1","AC093510.2","lncRNA"
708.960711874897,-1.35352655385018,0.154314507877476,-8.77122036331715,1.76740167089737e-18,1.88293478856207e-17,"ENSG00000204577.11","LILRB3","protein_coding"
60.4387253515889,-1.85987375674945,0.212057054329392,-8.77062903014995,1.77670903312079e-18,1.89079143799427e-17,"ENSG00000253194.2","AL137009.1","lncRNA"
195.769546081883,-3.20201405313469,0.365147141321067,-8.7691061788136,1.80090154631215e-18,1.91549547183313e-17,"ENSG00000162598.13","C1orf87","protein_coding"
4159.45878969215,-1.56148690902636,0.178085697831347,-8.76817693976267,1.81582324440393e-18,1.93084183089049e-17,"ENSG00000125848.10","FLRT3","protein_coding"
1250.25356938111,-1.0634606323723,0.121293133041361,-8.76769035234387,1.82368548913376e-18,1.93867527506909e-17,"ENSG00000171488.15","LRRC8C","protein_coding"
8.93945011989367,-1.96004518205209,0.223609966534415,-8.76546431462581,1.86008444566365e-18,1.97629553199197e-17,"ENSG00000238099.3","LINC01625","lncRNA"
12.000731666135,-1.56230078474271,0.178274734551216,-8.76344473980344,1.89372756746869e-18,2.01040296914317e-17,"ENSG00000268754.4","LINC01081","lncRNA"
1463.51717264846,-1.67751956043585,0.191460576113393,-8.76169702655828,1.9233263710557e-18,2.0407181189203e-17,"ENSG00000169031.20","COL4A3","protein_coding"
3260.34072372063,-1.51381656453663,0.173145800829134,-8.74301633240598,2.26967859133683e-18,2.40104874175728e-17,"ENSG00000066336.12","SPI1","protein_coding"
537.650330210828,-1.56788394268649,0.179353834629781,-8.74184790039696,2.29328097344851e-18,2.42536156140577e-17,"ENSG00000203883.7","SOX18","protein_coding"
12374.6103550784,-1.74437529501627,0.199640841321211,-8.7375673407911,2.38183713777363e-18,2.51765718633765e-17,"ENSG00000134531.10","EMP1","protein_coding"
932.704138968139,-1.32699055838218,0.151879835392575,-8.73710822079977,2.39153360437297e-18,2.52722391230674e-17,"ENSG00000162614.19","NEXN","protein_coding"
23.8328174379104,-2.89611472790893,0.331582386334115,-8.73422367191331,2.45335226004048e-18,2.58975255699067e-17,"ENSG00000147160.9","AWAT2","protein_coding"
8.89133449064991,-1.96580213000449,0.225121134247037,-8.73219716389361,2.49772322102511e-18,2.63516870752045e-17,"ENSG00000172554.12","SNTG2","protein_coding"
87.2362873713955,-1.1128301507895,0.127648446062886,-8.71792947828964,2.83335333708927e-18,2.97802711344723e-17,"ENSG00000271614.1","ATP2B1-AS1","lncRNA"
127.496329139419,-1.44702042894824,0.166099574218669,-8.7117648299522,2.99179866969832e-18,3.14034532575014e-17,"ENSG00000198835.4","GJC2","protein_coding"
234.520414248965,-1.16521551288067,0.133803106961716,-8.70843390216691,3.08101912449486e-18,3.23226164505653e-17,"ENSG00000137821.12","LRRC49","protein_coding"
4.58344951224914,-2.88202445824211,0.33109047007133,-8.70464334905565,3.18574954581989e-18,3.33855290512797e-17,"ENSG00000206187.4","LINC02346","lncRNA"
58.7249442483421,-1.14390088453817,0.131419089423824,-8.70422165876613,3.19761562834015e-18,3.35009095455364e-17,"ENSG00000198865.10","CCDC152","protein_coding"
47.5496342488319,-1.12944213939275,0.12980028743733,-8.70138396217393,3.27860919136106e-18,3.43127189802487e-17,"ENSG00000214140.11","PRCD","protein_coding"
535.616929823601,-1.5473341623665,0.177934010797595,-8.69611242634571,3.43448170477074e-18,3.59056114318418e-17,"ENSG00000171533.11","MAP6","protein_coding"
6.24672026158435,-1.58308702661689,0.182063742923926,-8.69523498304861,3.4611274419256e-18,3.61745133360017e-17,"ENSG00000286863.1","AL513166.1","lncRNA"
89.3719441584285,-1.77083901610697,0.203746464086601,-8.69138526671209,3.58046610675554e-18,3.7411807536302e-17,"ENSG00000197291.9","RAMP2-AS1","lncRNA"
1522.32994721095,-1.76055741968347,0.202576602359169,-8.69082312162582,3.5982287923832e-18,3.75873707620788e-17,"ENSG00000171368.12","TPPP","protein_coding"
5.31715825700066,-1.91530461783761,0.22046519692398,-8.68755996211974,3.7030697434212e-18,3.8641285901284e-17,"ENSG00000286856.1","AC061708.1","lncRNA"
403.99969036098,-1.23101589104327,0.141854941497883,-8.67799089721265,4.02821272680716e-18,4.19111917608857e-17,"ENSG00000109743.11","BST1","protein_coding"
190.538680892173,-2.21702831738253,0.255680459846588,-8.67109015179641,4.28002665098284e-18,4.44838573385417e-17,"ENSG00000165323.15","FAT3","protein_coding"
12802.4428227143,-1.13139997647522,0.130569253179747,-8.66513324478991,4.50985233176885e-18,4.68103532080761e-17,"ENSG00000111275.13","ALDH2","protein_coding"
97.391197651241,-2.91257257107689,0.336189363957227,-8.66348815082517,4.57544121663813e-18,4.74580523292034e-17,"ENSG00000146221.10","TCTE1","protein_coding"
140.595960117731,-1.8204325752289,0.210423708719837,-8.65127121988266,5.0928904536387e-18,5.2680384969954e-17,"ENSG00000164188.9","RANBP3L","protein_coding"
5857.49866107637,-1.40747447894112,0.162735315117201,-8.64885705925269,5.20177684969279e-18,5.37640596686024e-17,"ENSG00000008441.18","NFIX","protein_coding"
12969.3540493301,-1.40594055762363,0.162653284559901,-8.64378829746812,5.43792701929061e-18,5.61159077510182e-17,"ENSG00000143416.21","SELENBP1","protein_coding"
2020.22499315137,-1.14942215753032,0.132983110056567,-8.64336950039287,5.45790526536382e-18,5.63072214444903e-17,"ENSG00000132205.11","EMILIN2","protein_coding"
623.197542496735,-1.39954982936631,0.161997245476618,-8.63934337431874,5.65370143803327e-18,5.82503925675829e-17,"ENSG00000121797.10","CCRL2","protein_coding"
595.32622017784,-1.33298843010214,0.154350293265068,-8.63612502383121,5.81518688061878e-18,5.98511514533123e-17,"ENSG00000183111.12","ARHGEF37","protein_coding"
2042.14015110678,-1.36269631367981,0.15785031874598,-8.63283853023265,5.9847892791593e-18,6.15805388595273e-17,"ENSG00000162493.16","PDPN","protein_coding"
166.526858886971,-1.13940423422533,0.131988062900089,-8.63263093032757,5.99566511471432e-18,6.16762280767314e-17,"ENSG00000081818.4","PCDHB4","protein_coding"
4073.68095126615,-1.11088280376963,0.128826759429389,-8.62307496276437,6.51797566440229e-18,6.69259789356405e-17,"ENSG00000153071.15","DAB2","protein_coding"
133.649920086221,-1.526477623353,0.177159910857549,-8.61638288235773,6.91024102202217e-18,7.08607550924396e-17,"ENSG00000145861.9","C1QTNF2","protein_coding"
1725.7585859206,-1.1408161213406,0.132478555889299,-8.6113266685507,7.22198715801483e-18,7.39412819153004e-17,"ENSG00000148516.22","ZEB1","protein_coding"
364.20160924208,-2.43284818541376,0.282623417850182,-8.60809130368453,7.42870804497225e-18,7.60378693454903e-17,"ENSG00000111834.13","RSPH4A","protein_coding"
460.146152199571,-2.46540711445921,0.286420416350806,-8.60765145819632,7.45725882559918e-18,7.62901947985677e-17,"ENSG00000170890.14","PLA2G1B","protein_coding"
360.196159071656,-2.46404943481975,0.286426310626402,-8.60273425800508,7.78390617702549e-18,7.95694965029218e-17,"ENSG00000197057.10","DTHD1","protein_coding"
1.79240829866435,-2.43861324524749,0.283563306908425,-8.59988999223732,7.97925459853292e-18,8.14175258657605e-17,"ENSG00000234206.5","AL121957.1","lncRNA"
3930.69705931451,-1.02608152519281,0.119318744347449,-8.59949985900725,8.00642416302758e-18,8.16734577485485e-17,"ENSG00000120896.13","SORBS3","protein_coding"
15.6505882854615,-1.51745496647167,0.176577035521974,-8.59372772901061,8.41923865673301e-18,8.56835443112144e-17,"ENSG00000280294.1","AC011008.2","TEC"
1418.69304785686,-1.01676515431257,0.118316402404897,-8.59361114474253,8.42778943437466e-18,8.5748265303306e-17,"ENSG00000182568.17","SATB1","protein_coding"
67.6874944040746,-3.29609156397123,0.383832685324826,-8.58731340501095,8.90265434571959e-18,9.04152004158716e-17,"ENSG00000109182.12","CWH43","protein_coding"
259.545410328567,-2.72166185799217,0.317033515035674,-8.58477646341561,9.10132238262516e-18,9.23849146963697e-17,"ENSG00000166596.15","CFAP52","protein_coding"
139.924218366461,-1.76931586737054,0.206139817042698,-8.5830864349902,9.23609037937583e-18,9.36800032751052e-17,"ENSG00000267530.3","LINC01836","lncRNA"
362.035649735234,-2.7002245758957,0.314736893306339,-8.57930745750716,9.54460415398038e-18,9.67089345285878e-17,"ENSG00000039537.14","C6","protein_coding"
9065.29147809074,-1.10008461001296,0.128341583653305,-8.57153682149247,1.02113056386505e-17,1.03223611714294e-16,"ENSG00000178695.6","KCTD12","protein_coding"
729.461795102573,-1.27621929287677,0.148895828538821,-8.57122261517233,1.02392093594825e-17,1.03478951819708e-16,"ENSG00000185532.20","PRKG1","protein_coding"
321.103276175371,-2.51823636621741,0.29395103397125,-8.56685663661826,1.06348159017219e-17,1.07255407487185e-16,"ENSG00000106178.7","CCL24","protein_coding"
1204.42236697673,-1.37447641675516,0.160489288248702,-8.56428757179862,1.0874612111333e-17,1.09645567258071e-16,"ENSG00000154127.10","UBASH3B","protein_coding"
279.276393989842,-2.23533087951016,0.261046687131884,-8.56295440509017,1.10011447840555e-17,1.10892786333043e-16,"ENSG00000144285.22","SCN1A","protein_coding"
290.513538256751,-1.33788136783766,0.156288703826895,-8.5603203243626,1.12554355327043e-17,1.13397643622619e-16,"ENSG00000174944.9","P2RY14","protein_coding"
123.068942834969,-1.03744683248018,0.121205486911657,-8.55940484968594,1.13451656541454e-17,1.14242840250222e-16,"ENSG00000245025.3","AC107959.1","lncRNA"
72.516570453389,-1.81147504660379,0.21170217633298,-8.55671433322714,1.16129824882805e-17,1.16849477436078e-16,"ENSG00000126895.15","AVPR2","protein_coding"
60.3154407119,-2.07084483436024,0.242036093281857,-8.55593397778359,1.16918204682601e-17,1.17612500448197e-16,"ENSG00000144230.16","GPR17","protein_coding"
729.701507438272,-1.74672363179942,0.204182241375722,-8.55472846233096,1.18146510212146e-17,1.18787027006975e-16,"ENSG00000120457.12","KCNJ5","protein_coding"
561.710126452287,-1.20849634110231,0.141287156704122,-8.55347626276527,1.19435866243932e-17,1.20021697020834e-16,"ENSG00000204136.11","GGTA1","protein_coding"
4593.80083786304,-1.49298232701198,0.17455183480585,-8.55323193063306,1.19689062691564e-17,1.20245255768514e-16,"ENSG00000140092.14","FBLN5","protein_coding"
45.6992562668386,-1.59619296619495,0.186628400260759,-8.55278705687198,1.20151437385915e-17,1.20678796107501e-16,"ENSG00000273837.1","AC018755.4","lncRNA"
8.82681682460436,-2.81650412514767,0.329571204185546,-8.54596545261886,1.27466147547863e-17,1.27894303069114e-16,"ENSG00000224721.1","AC007182.1","lncRNA"
1519.9311315881,-1.11465152989776,0.130442585712526,-8.54515052587405,1.28368847013238e-17,1.28767017494874e-16,"ENSG00000110031.13","LPXN","protein_coding"
40.828884681741,-1.90428762463182,0.222950156865315,-8.54131547340515,1.32702376452142e-17,1.33011698077581e-16,"ENSG00000165966.16","PDZRN4","protein_coding"
87.6672373467826,-1.53637850568213,0.179903412450092,-8.54001869535603,1.34200121712379e-17,1.3444405946562e-16,"ENSG00000262370.6","AC108134.3","lncRNA"
176.430172471922,-1.3094621282256,0.153388961759272,-8.53687327436681,1.37902656266611e-17,1.38011990853421e-16,"ENSG00000215386.13","MIR99AHG","lncRNA"
6404.64223592992,-1.754201476192,0.205603229164437,-8.5319743435986,1.4387096781193e-17,1.43801145375444e-16,"ENSG00000173376.14","NDNF","protein_coding"
415.786999295029,-1.02770257286165,0.120489454061087,-8.52939853425357,1.4711056245086e-17,1.46814165245208e-16,"ENSG00000184497.13","TMEM255B","protein_coding"
158.493959337331,-2.22776947909549,0.261383967014662,-8.52297677068515,1.55503983269526e-17,1.55072027760444e-16,"ENSG00000186952.15","TMEM232","protein_coding"
80.9082532733569,-1.93128672693996,0.22660120677316,-8.52284396205038,1.55682463686633e-17,1.55170924261885e-16,"ENSG00000146250.7","PRSS35","protein_coding"
68.441219848183,-1.97676869854772,0.232011376430966,-8.52013693878455,1.59364779527305e-17,1.58679470424503e-16,"ENSG00000140795.13","MYLK3","protein_coding"
5.34730538084576,-2.85515097675086,0.335701995958384,-8.50501638692909,1.81569945638438e-17,1.80056095863602e-16,"ENSG00000261409.1","AL035425.3","lncRNA"
3.4586577311187,-3.74284293651307,0.440119902493105,-8.50414379197885,1.82940680983274e-17,1.81298015737716e-16,"ENSG00000236341.1","AL161740.1","lncRNA"
39.3206359910987,-1.49042867913495,0.175356601034941,-8.49941587792279,1.90547084380122e-17,1.88433104849092e-16,"ENSG00000255587.9","RAB44","protein_coding"
9.51138069783088,-1.68593344651171,0.198364817754898,-8.49915557402358,1.90974813972363e-17,1.88808374066512e-16,"ENSG00000286657.1","AC008453.2","lncRNA"
1.48716788518218,-3.07356396448345,0.361798096548402,-8.49524636476982,1.97513514385979e-17,1.95174276046408e-16,"ENSG00000231536.1","AC226101.1","lncRNA"
245.310658209653,-2.45714056114817,0.289266732237491,-8.49437659886458,1.98998091773961e-17,1.96591626589419e-16,"ENSG00000163661.4","PTX3","protein_coding"
94.0943817922142,-1.2360782120366,0.145537514025992,-8.49319311456591,2.01035842418248e-17,1.98554607513086e-16,"ENSG00000102053.12","ZC3H12B","protein_coding"
5.94897588502039,-2.13156258076098,0.251309233230636,-8.48183154020755,2.21676368373325e-17,2.18334205155212e-16,"ENSG00000255191.1","AP003555.2","lncRNA"
3.75251904046438,-3.0880478711897,0.364210523129753,-8.47874422917088,2.2763748306589e-17,2.24036276404712e-16,"ENSG00000256609.1","AC084880.3","lncRNA"
47.7782219718473,-2.14101183605494,0.252536139482803,-8.4780413624749,2.29016555835703e-17,2.25280212327976e-16,"ENSG00000125409.13","TEKT3","protein_coding"
4.83458936684895,-1.96356394132258,0.23183204058973,-8.46976947762571,2.45879150927266e-17,2.41321721969773e-16,"ENSG00000249797.2","LINC02147","lncRNA"
3305.18162063851,-1.01563855151866,0.120039538109194,-8.46086687366947,2.65397234109076e-17,2.60021511465254e-16,"ENSG00000100100.13","PIK3IP1","protein_coding"
124.251495088013,-1.4484351100388,0.171265633300454,-8.45724318490555,2.73772604029551e-17,2.67691048682667e-16,"ENSG00000215861.6","AC245297.1","transcribed_unprocessed_pseudogene"
133.248800762801,-1.58085731241877,0.186954080905274,-8.45585881176756,2.77040661626915e-17,2.70818839123727e-16,"ENSG00000286289.1","AL133482.1","lncRNA"
4.06022343972443,-1.84746290962784,0.218660875448509,-8.44898707113652,2.9384100594802e-17,2.86740458946434e-16,"ENSG00000232606.2","LINC01412","lncRNA"
104.748232478423,-1.5895252014227,0.188223569569351,-8.44487863586627,3.04361493377928e-17,2.96710752301238e-16,"ENSG00000146151.14","HMGCLL1","protein_coding"
1399.36077630569,-1.45640683108182,0.172612608820065,-8.43743015668117,3.24390842124541e-17,3.15843195898865e-16,"ENSG00000163563.8","MNDA","protein_coding"
108.037963336282,-1.48138100196382,0.175668143046868,-8.43283805629226,3.3738143662546e-17,3.28246469333438e-16,"ENSG00000104974.12","LILRA1","protein_coding"
227.95287322457,-1.59638684667615,0.18931719243854,-8.4323395361697,3.38822213744333e-17,3.29566294954748e-16,"ENSG00000007129.18","CEACAM21","protein_coding"
81.1520255973312,-1.06785921827901,0.12673038279185,-8.42622893385345,3.56983425751317e-17,3.46542258324852e-16,"ENSG00000077616.11","NAALAD2","protein_coding"
4140.83431830178,-1.4002513108318,0.166194689152921,-8.42536736864911,3.59620132034973e-17,3.49015262565985e-16,"ENSG00000162654.9","GBP4","protein_coding"
3967.71438020502,-1.1815129732085,0.140361676315611,-8.41763224992984,3.84169491351926e-17,3.72471168634594e-16,"ENSG00000198053.12","SIRPA","protein_coding"
2026.88788719462,-1.22877644520345,0.146075157909269,-8.41194671832344,4.03261078218033e-17,3.90594288409649e-16,"ENSG00000081052.13","COL4A4","protein_coding"
1168.4476928702,-1.76425840484721,0.209846918119295,-8.40735913902846,4.19345522038577e-17,4.05671436907084e-16,"ENSG00000085265.11","FCN1","protein_coding"
1151.33260272884,-1.13179682478579,0.134690243540019,-8.40296071221757,4.35360373730581e-17,4.20332760534206e-16,"ENSG00000107719.9","PALD1","protein_coding"
2171.28890481266,-1.44289523686003,0.171754830668141,-8.40090046519825,4.43067840138859e-17,4.273524193363e-16,"ENSG00000185022.12","MAFF","protein_coding"
1183.39643847761,-1.22504291654415,0.145890306914434,-8.39701377324982,4.57976346679556e-17,4.41079803640603e-16,"ENSG00000069667.16","RORA","protein_coding"
21.7402696058221,-2.09351600008098,0.249338338900285,-8.39628598359361,4.60822487198073e-17,4.43711730968203e-16,"ENSG00000283213.1","AC130466.1","lncRNA"
295.144683026223,-1.30191320667901,0.155132168511854,-8.39228394193128,4.76787683468455e-17,4.58294739420391e-16,"ENSG00000235505.7","CASP4LP","transcribed_unprocessed_pseudogene"
1679.73436766592,-1.14216113227537,0.136132315897237,-8.3900808176771,4.85808093363937e-17,4.66621416333437e-16,"ENSG00000130844.19","ZNF331","protein_coding"
4707.45121609541,-2.15206796651858,0.25676364398294,-8.38151357075136,5.2251376456129e-17,5.00771151629876e-16,"ENSG00000081041.9","CXCL2","protein_coding"
732.436410016794,-3.00820758017575,0.359235620677749,-8.37391229327521,5.57362471383423e-17,5.32864668157946e-16,"ENSG00000179813.7","FAM216B","protein_coding"
50.2853942573509,-4.58504499982377,0.547684765762411,-8.37168620792493,5.67995290411783e-17,5.42632414773034e-16,"ENSG00000231698.2","AP002856.2","lncRNA"
84.9453794376785,-2.62344077559822,0.313590878431168,-8.36580703087657,5.97048424483529e-17,5.69415108419814e-16,"ENSG00000132259.13","CNGA4","protein_coding"
14.2956712272272,-1.81235823064098,0.216795246920992,-8.35976921256707,6.28410676357189e-17,5.98305065122462e-16,"ENSG00000253829.1","AC067817.2","lncRNA"
35.3067233991715,-2.94057425255602,0.351836134956142,-8.35779489483813,6.39014190773361e-17,6.07366147659762e-16,"ENSG00000233730.1","LINC01765","lncRNA"
187.725657525224,-2.88207515122096,0.345263323714593,-8.34746975211125,6.9740883480531e-17,6.611023525864e-16,"ENSG00000183644.13","HOATZ","protein_coding"
103.109513145991,-2.11431355274556,0.25330935055531,-8.34676472901815,7.0158278853472e-17,6.64736951529107e-16,"ENSG00000102230.14","PCYT1B","protein_coding"
536.048174535982,-1.5862828928025,0.190202079114427,-8.33998713467367,7.4298617626011e-17,7.02435179106895e-16,"ENSG00000079156.17","OSBPL6","protein_coding"
110.443394393032,-1.35509454927218,0.1625306985038,-8.33746831673462,7.5897976487451e-17,7.1738254056291e-16,"ENSG00000182771.19","GRID1","protein_coding"
252.779544193783,-1.40882596023351,0.169055872681181,-8.33349316938776,7.84913831796772e-17,7.41537014776424e-16,"ENSG00000169282.18","KCNAB1","protein_coding"
1478.88913499389,-1.36473491571695,0.163923376236345,-8.32544416208992,8.40131299967337e-17,7.91410156452139e-16,"ENSG00000152527.14","PLEKHH2","protein_coding"
9.48708032490173,-3.73180901497223,0.44831214077917,-8.32413105852167,8.49495783027668e-17,8.0003897679075e-16,"ENSG00000239839.7","DEFA3","protein_coding"
85.1121819112528,-2.59508297904036,0.311786138634676,-8.32327886802257,8.55628236174961e-17,8.05426714211268e-16,"ENSG00000273540.4","AGBL1","protein_coding"
1179.29316988164,-1.03336258794501,0.124242097171952,-8.31733053020529,8.99665994007918e-17,8.45863287158189e-16,"ENSG00000239697.11","TNFSF12","protein_coding"
825.366685232756,-1.29605744283031,0.155837785147499,-8.31670856720406,9.04397717334286e-17,8.50107784698726e-16,"ENSG00000188549.12","CCDC9B","protein_coding"
7.0666428570383,-2.34508415065885,0.281977547258744,-8.31656340533733,9.0550559624291e-17,8.50944752319436e-16,"ENSG00000284685.1","AC009093.10","lncRNA"
1462.44727273255,-1.36597046442051,0.164249383382797,-8.31644196335889,9.06433472455985e-17,8.51612201936978e-16,"ENSG00000175318.12","GRAMD2A","protein_coding"
201.243410553375,-2.93930322122789,0.353610129795121,-8.31227098310474,9.38877254839835e-17,8.80613755012886e-16,"ENSG00000243910.8","TUBA4B","protein_coding"
4.75250835127501,-3.55131323697987,0.427334167012546,-8.31038917811504,9.53887121209675e-17,8.94263462866694e-16,"ENSG00000260286.4","ARMH2","protein_coding"
22.888210251182,-1.93879496858144,0.233316976697423,-8.30970380306171,9.59412468271123e-17,8.98582319193808e-16,"ENSG00000197584.12","KCNMB2","protein_coding"
945.569879220883,-1.0598002440335,0.127602474215224,-8.30548349905781,9.94137876332372e-17,9.29993048978295e-16,"ENSG00000130940.15","CASZ1","protein_coding"
298.110460832215,-1.3660726964638,0.164497833669364,-8.30450265509009,1.00238426995801e-16,9.37483242536489e-16,"ENSG00000136842.14","TMOD1","protein_coding"
2523.44858293858,-1.69109315173271,0.203671599777741,-8.30303858553741,1.0148189938132e-16,9.48432816978844e-16,"ENSG00000165124.18","SVEP1","protein_coding"
11.3481723585389,-1.63166292870325,0.196537555091271,-8.30204144925644,1.02337488225056e-16,9.56200633174467e-16,"ENSG00000268849.5","SIGLEC22P","transcribed_unprocessed_pseudogene"
170.811751145154,-1.22683462313767,0.147867355855002,-8.29685914138275,1.06900002697153e-16,9.97402004182715e-16,"ENSG00000255468.7","AP001107.9","lncRNA"
33.7175548823883,-2.2723678763518,0.273992079585688,-8.29355315594495,1.0991478611571e-16,1.0240655941652e-15,"ENSG00000241717.1","VWFP1","transcribed_unprocessed_pseudogene"
132.094668547895,-1.66773821012938,0.201122537581501,-8.29214980172756,1.11219733888502e-16,1.03573046330104e-15,"ENSG00000196196.3","HRCT1","protein_coding"
14.8480504657648,-2.0135221944496,0.242824275730021,-8.2920959545589,1.11270108331405e-16,1.03595303571645e-15,"ENSG00000225764.2","P3H2-AS1","lncRNA"
10673.5125914398,-2.05312661832047,0.247738169292465,-8.2874860348898,1.15667176834961e-16,1.07510030801161e-15,"ENSG00000188906.16","LRRK2","protein_coding"
98.1738654446378,-1.58610337053912,0.191471514134702,-8.2837563472929,1.19349667992222e-16,1.10801230325116e-15,"ENSG00000269918.1","AF131215.6","lncRNA"
2214.26700068664,-1.14385113539594,0.138129233114251,-8.28102140008132,1.22123238597116e-16,1.13295506153242e-15,"ENSG00000069424.15","KCNAB2","protein_coding"
2240.76436295198,-1.72795020551379,0.208692588150855,-8.27988296481678,1.23296396602565e-16,1.14302565635039e-15,"ENSG00000125845.7","BMP2","protein_coding"
127.891151910514,-2.75894997122072,0.333333849523292,-8.27683709640158,1.26490079623323e-16,1.17096837136036e-15,"ENSG00000160838.14","LRRC71","protein_coding"
985.326262749745,-1.22593086667706,0.148194644325508,-8.27243705234258,1.31248161720078e-16,1.21329360176432e-15,"ENSG00000141506.14","PIK3R5","protein_coding"
6.46099301726239,-2.57248120695454,0.311015352809016,-8.27123543490861,1.32577950594746e-16,1.22529706771918e-15,"ENSG00000230156.3","LINC00443","lncRNA"
83.7165181541959,-1.67339741583347,0.202328688087967,-8.27068781816012,1.33188377434004e-16,1.23006712234364e-15,"ENSG00000180739.14","S1PR5","protein_coding"
4.13504526070041,-2.09423506519512,0.253392022440056,-8.264802676219,1.39926001604515e-16,1.29016125560468e-15,"ENSG00000106341.11","PPP1R17","protein_coding"
7849.62490219762,-1.64898760759088,0.199638822793494,-8.25985439363456,1.45850273675512e-16,1.3431975252297e-15,"ENSG00000133392.18","MYH11","protein_coding"
8.1882407179202,-2.16228830127358,0.261973075381589,-8.25385699703682,1.53362848080893e-16,1.40973493264116e-15,"ENSG00000281692.2","PACRG-AS1","lncRNA"
435.955515826138,-1.43616803211682,0.174062270874679,-8.25088644942948,1.57223887781828e-16,1.44420843962223e-15,"ENSG00000105383.15","CD33","protein_coding"
170.499916511971,-2.67730509443953,0.324523612300781,-8.24995468113457,1.58454604393255e-16,1.45483039054727e-15,"ENSG00000163736.4","PPBP","protein_coding"
54.9792870791033,-3.01167680817985,0.365092457194403,-8.24907978467549,1.59618846310922e-16,1.46483233466057e-15,"ENSG00000117501.14","MROH9","protein_coding"
53.6817110931024,-2.0088019360351,0.243607777761896,-8.2460500830089,1.63716076416761e-16,1.50067317551283e-15,"ENSG00000155749.13","FLACC1","protein_coding"
192.147871557479,-3.2115702233669,0.389747370503234,-8.24013313860255,1.7201912891484e-16,1.57456854586353e-15,"ENSG00000105509.11","HAS1","protein_coding"
676.341918841467,-1.2139072578196,0.147324330770914,-8.23969300568004,1.72653084338254e-16,1.58000183424701e-15,"ENSG00000106992.19","AK1","protein_coding"
1013.74946180706,-2.75774239160165,0.334732622864884,-8.23864243645838,1.74175621126365e-16,1.59281753453979e-15,"ENSG00000080618.17","CPB2","protein_coding"
3346.2455946364,-1.25582529057968,0.152470512923974,-8.23651253279293,1.77303118186329e-16,1.61914779877462e-15,"ENSG00000123338.13","NCKAP1L","protein_coding"
101.542494122849,-1.52123830449622,0.184725679171756,-8.23512091722662,1.79376367764586e-16,1.6369348523778e-15,"ENSG00000241684.6","ADAMTS9-AS2","lncRNA"
1845.37805320247,-1.94284164785928,0.236073989719034,-8.22979969191681,1.87526760266919e-16,1.7093197428383e-15,"ENSG00000225383.8","SFTA1P","lncRNA"
1360.56236457184,-1.51951352813878,0.184679357904345,-8.22784714751835,1.90608090954441e-16,1.73700167842064e-15,"ENSG00000184730.11","APOBR","protein_coding"
188.074563459226,-1.27827561905325,0.155420698782724,-8.22461634174132,1.95816639637118e-16,1.78280617162403e-15,"ENSG00000280099.1","AL603750.1","TEC"
2474.23100840572,-1.11563241391984,0.135647044263693,-8.22452431584934,1.95967036340341e-16,1.78376043243403e-15,"ENSG00000275832.5","ARHGAP23","protein_coding"
263.155479928346,-1.74434920448697,0.212159353813057,-8.22188215196016,2.00333995594392e-16,1.82181491554826e-15,"ENSG00000133488.15","SEC14L4","protein_coding"
2.95824098791829,-2.23982896630718,0.272548694310022,-8.21808731088398,2.06774410893549e-16,1.87863697995716e-15,"ENSG00000283383.1","AC108477.1","lncRNA"
424.915529174513,-2.71613080367745,0.330646776466115,-8.21459937612849,2.12873744903851e-16,1.93136158400941e-15,"ENSG00000034239.11","EFCAB1","protein_coding"
161.264728867519,-1.29474865381416,0.157664273648135,-8.21206113379685,2.17423519945042e-16,1.97172647948307e-15,"ENSG00000204334.7","ERICH2","protein_coding"
6459.28257452504,-2.05715129539407,0.25064579710201,-8.20740391093345,2.26022213878232e-16,2.04869688780366e-15,"ENSG00000007402.12","CACNA2D2","protein_coding"
49.1200272355603,-1.02052898513901,0.124386648592987,-8.20448976383583,2.31572247315175e-16,2.09469570265606e-15,"ENSG00000277449.1","CEBPB-AS1","lncRNA"
3.70305618569839,-2.14986271784056,0.262048132151264,-8.20407571766083,2.323716264719e-16,2.10144074774022e-15,"ENSG00000231426.7","FILNC1","lncRNA"
41.969827593648,-1.11442792087241,0.135884034179788,-8.20131612664598,2.37769355769086e-16,2.14926141386004e-15,"ENSG00000163380.16","LMOD3","protein_coding"
1195.56296379912,-1.16151126715587,0.141649092144234,-8.19992030710059,2.40546442893677e-16,2.17185575839236e-15,"ENSG00000074660.16","SCARF1","protein_coding"
32.0187118006014,-2.63964851035122,0.322033264679972,-8.19681939682359,2.46830860426161e-16,2.2268106950452e-15,"ENSG00000168703.5","WFDC12","protein_coding"
8455.00060425961,-1.04039297669177,0.126977266155413,-8.19353738029284,2.53658632037949e-16,2.286023936038e-15,"ENSG00000161921.17","CXCL16","protein_coding"
75.3125623791623,-2.24372045381676,0.273844958267109,-8.19339697913383,2.5395483255003e-16,2.28816637175115e-15,"ENSG00000071991.9","CDH19","protein_coding"
4739.83383631615,-1.03590174453882,0.126466953330365,-8.19108642423586,2.58878607046658e-16,2.32984792372189e-15,"ENSG00000155090.15","KLF10","protein_coding"
243.809358196268,-1.37527353945027,0.167925505317015,-8.18978354035015,2.61696409467733e-16,2.35412464342112e-15,"ENSG00000117009.12","KMO","protein_coding"
1022.8249282558,-1.10402875228839,0.134944013311602,-8.18138371013953,2.80602817747113e-16,2.52188076740062e-15,"ENSG00000076555.15","ACACB","protein_coding"
37.3030589374862,-1.34123522494328,0.163946048013368,-8.18095490068727,2.81603295180576e-16,2.53029128443424e-15,"ENSG00000251359.4","WWC2-AS2","lncRNA"
10.4870009658947,-1.83550286717635,0.22444820229401,-8.1778461507657,2.88962381550872e-16,2.59106025491915e-15,"ENSG00000261222.3","AC064805.1","lncRNA"
543.500650899464,-2.30952255147891,0.282578198965819,-8.17303868426973,3.00717506492967e-16,2.69399650791582e-15,"ENSG00000141294.10","LRRC46","protein_coding"
545.922585141731,-1.24621296648291,0.152518391993849,-8.17090286745983,3.06090007402378e-16,2.74024435590538e-15,"ENSG00000204397.8","CARD16","protein_coding"
32.666350135618,-2.80716189578051,0.343675979418068,-8.16804799839011,3.13419226130673e-16,2.80393409641504e-15,"ENSG00000173714.8","WFIKKN2","protein_coding"
2172.59895832917,-1.72878016084822,0.211763230528378,-8.16374096926401,3.24805035840081e-16,2.90115175929199e-15,"ENSG00000178878.13","APOLD1","protein_coding"
76.7790861803481,-1.66663413977287,0.204222755465523,-8.16086403287333,3.32636445982057e-16,2.96906860577643e-15,"ENSG00000231246.2","LINC02884","lncRNA"
6.62705468747614,-1.56937385126739,0.192307399779736,-8.16075644028733,3.32932909733828e-16,2.97103710166349e-15,"ENSG00000256427.2","AC010175.1","lncRNA"
15123.9308363331,-1.49742131634115,0.183524988361977,-8.15922305570565,3.3718645391768e-16,3.00625270636882e-15,"ENSG00000142871.18","CCN1","protein_coding"
205.037207601876,-1.14987888562319,0.140943481563987,-8.15843963029361,3.39380270715936e-16,3.02512286409688e-15,"ENSG00000175984.15","DENND2C","protein_coding"
1.46215281746843,-3.9045056803122,0.478834074230732,-8.15419346792511,3.51517773290554e-16,3.12974789229413e-15,"ENSG00000200372.1","RNU5E-8P","snRNA"
100.342592271089,-1.59484275298418,0.195630356191951,-8.15232760410317,3.56985647847365e-16,3.17770823155488e-15,"ENSG00000171101.13","SIGLEC17P","transcribed_unprocessed_pseudogene"
80.122417769329,-2.55240886958576,0.313120967846653,-8.15151053964475,3.5940634915567e-16,3.19852850780317e-15,"ENSG00000237413.5","MGC27382","lncRNA"
35.345594129484,-1.23065889017267,0.151061061366787,-8.14676448740514,3.73790665753263e-16,3.32427330490703e-15,"ENSG00000279631.1","AL158211.5","TEC"
1805.47132936701,-1.64767344471446,0.202416876324369,-8.14000035290584,3.95276745021174e-16,3.50897783789101e-15,"ENSG00000187479.8","C11orf96","protein_coding"
44.5180519828661,-2.1075489427998,0.25896202661356,-8.13844782712031,4.00377509085569e-16,3.55184137565799e-15,"ENSG00000103740.10","ACSBG1","protein_coding"
11.7020692377324,-2.60121902209743,0.319712941791005,-8.13610799589663,4.08187726602271e-16,3.61866649969947e-15,"ENSG00000246016.2","LINC01513","lncRNA"
1.20433933381569,-3.55251369766485,0.436639421923283,-8.13603517982173,4.08433176134589e-16,3.62002233642641e-15,"ENSG00000252112.1","SNORD63","snoRNA"
36.6045785678846,-2.33123695188005,0.286707651775641,-8.13105941694339,4.25554678604882e-16,3.76665463209401e-15,"ENSG00000232618.2","AL355304.1","lncRNA"
7.74782383337993,-1.76508741490901,0.217085519675333,-8.13083902394241,4.26329188071082e-16,3.77265659394154e-15,"ENSG00000146469.13","VIP","protein_coding"
13.104031906961,-2.35295377856721,0.2894253731945,-8.12974257438715,4.30203047762885e-16,3.80607629708557e-15,"ENSG00000259471.1","LINC01169","lncRNA"
278.061187701059,-2.82039871190037,0.346970262436469,-8.12864679553567,4.34109191284826e-16,3.83976644759641e-15,"ENSG00000179902.13","C1orf194","protein_coding"
1.02960536494629,-2.95967908582436,0.364126405662294,-8.12816384585217,4.35841848755654e-16,3.85422087766271e-15,"ENSG00000255147.1","AP003385.4","transcribed_unprocessed_pseudogene"
12.0317286109246,-2.63748859575648,0.324709858566408,-8.1226009194823,4.5629779774719e-16,4.02874303331347e-15,"ENSG00000169704.5","GP9","protein_coding"
1.32931722044141,-2.75538289206642,0.339282429273013,-8.1212071546718,4.61569410228337e-16,4.07344893812473e-15,"ENSG00000254959.6","INMT-MINDY4","protein_coding"
300.295361199811,-1.68916957326356,0.208038854345701,-8.11949084499689,4.6814349599401e-16,4.13053509396654e-15,"ENSG00000068615.19","REEP1","protein_coding"
2.1571106614836,-2.91646385218795,0.359237823922609,-8.11847655779211,4.72071870614487e-16,4.16144275039772e-15,"ENSG00000279137.1","AL356309.3","TEC"
44.0960820187217,-1.32743694947564,0.163523509548499,-8.11771318473286,4.75049852998844e-16,4.18580855611299e-15,"ENSG00000272908.1","AC006033.2","lncRNA"
43.5783915967849,-1.81747249264111,0.223909234539372,-8.11700551958041,4.77827046052254e-16,4.2083840060929e-15,"ENSG00000267072.2","NAGPA-AS1","lncRNA"
2.76722142540671,-3.80678277767718,0.469268620928383,-8.11216136750416,4.97272016218899e-16,4.37668719448082e-15,"ENSG00000263761.3","GDF2","protein_coding"
1252.33181179681,-1.29761516511974,0.160216619459913,-8.09912960024985,5.5353790613454e-16,4.8598814909021e-15,"ENSG00000196502.12","SULT1A1","protein_coding"
53.8177404250797,-2.6114086597016,0.322577072400633,-8.09545650677335,5.70499950386184e-16,5.00206891296477e-15,"ENSG00000113396.13","SLC27A6","protein_coding"
352.302355674407,-1.5661029338986,0.193545503162893,-8.09165239339365,5.88606886367962e-16,5.1550528358247e-15,"ENSG00000171962.18","DRC3","protein_coding"
111.382189967071,-1.8405424872175,0.227491339820849,-8.09060462990347,5.93692753682079e-16,5.19610627249685e-15,"ENSG00000257108.2","NHLRC4","protein_coding"
4.82873019210289,-1.63229315248549,0.201902068857141,-8.0845786361924,6.23794876007749e-16,5.44616628582312e-15,"ENSG00000226413.2","OR8T1P","unprocessed_pseudogene"
153.635291069676,-2.882867167908,0.356785618444578,-8.08011034883072,6.47081928051291e-16,5.63941267852451e-15,"ENSG00000188523.9","CFAP77","protein_coding"
15.1345491032327,-2.26648963888472,0.280626686469248,-8.07652924032615,6.66361891968488e-16,5.80227129386268e-15,"ENSG00000178997.11","EXD1","protein_coding"
117.442358844607,-1.92044261312755,0.237787592148639,-8.07629446000318,6.67645488598911e-16,5.81215475291746e-15,"ENSG00000179399.15","GPC5","protein_coding"
137.781926787026,-2.16718354162967,0.268526881054661,-8.07063908506247,6.99311506541195e-16,6.08240910479296e-15,"ENSG00000100078.4","PLA2G3","protein_coding"
40.3959921731372,-2.19937164964264,0.272546117405062,-8.06972291729219,7.04578821901194e-16,6.12549964003902e-15,"ENSG00000170367.5","CST5","protein_coding"
140.672185716092,-2.17456739597129,0.269479763533641,-8.06950164812589,7.05856811995426e-16,6.135247203508e-15,"ENSG00000162643.13","DNAI3","protein_coding"
3172.73461248629,-1.01644566600328,0.125998514726082,-8.06712418962246,7.1973329477649e-16,6.25030704791363e-15,"ENSG00000148400.12","NOTCH1","protein_coding"
1182.49003747227,-1.16486230114984,0.14440041579472,-8.06689021453938,7.21113375423525e-16,6.26090248362502e-15,"ENSG00000162618.15","ADGRL4","protein_coding"
197.907014504944,-1.9647736815276,0.243579527849462,-8.0662512932609,7.24895289463058e-16,6.29234196361556e-15,"ENSG00000181126.13","HLA-V","transcribed_unprocessed_pseudogene"
650.991681518421,-1.08289397871269,0.134345635166674,-8.06050734264064,7.59784487485996e-16,6.58788539326712e-15,"ENSG00000147852.16","VLDLR","protein_coding"
127.020029397552,-1.68403367553408,0.208984290526015,-8.05818308780701,7.7436777634324e-16,6.70245199205648e-15,"ENSG00000274536.7","MIR223HG","lncRNA"
1042.89616602231,-1.0621023209439,0.131866725197127,-8.05436185175724,7.98945360424638e-16,6.90754107352552e-15,"ENSG00000116117.18","PARD3B","protein_coding"
28.3750955363802,-2.04667765902084,0.25446238216362,-8.04314430140333,8.75621144561387e-16,7.54712136736379e-15,"ENSG00000276409.5","CCL14","protein_coding"
3420.0779240694,-1.20062792807896,0.149343260414058,-8.03938473520795,9.02906730766461e-16,7.77887346579093e-15,"ENSG00000176014.13","TUBB6","protein_coding"
59.5642473283092,-1.21044261613425,0.150645172982425,-8.03505742779732,9.35350837277746e-16,8.04776024923383e-15,"ENSG00000272695.2","GAS6-DT","lncRNA"
783.360489415101,-2.14285395994726,0.266695609496369,-8.03483028458492,9.37085215930545e-16,8.06091043846519e-15,"ENSG00000106809.11","OGN","protein_coding"
15.1160595695302,-2.39735264685863,0.298400709173686,-8.03400452196389,9.43417160654599e-16,8.11359492606046e-15,"ENSG00000255750.6","AC022509.1","lncRNA"
20.0939574950266,-3.19772526863927,0.398031552180635,-8.03384870149208,9.44616710009959e-16,8.12212623146555e-15,"ENSG00000236164.1","AL161618.1","lncRNA"
39.5400958718828,-1.55052214297251,0.193050211434246,-8.03170393574329,9.61281195938773e-16,8.25634207161548e-15,"ENSG00000100678.19","SLC8A3","protein_coding"
1.76618603854698,-2.76097993685059,0.343970134173014,-8.02680134857824,1.00046888592887e-15,8.58161945972874e-15,"ENSG00000286419.1","AC097637.3","lncRNA"
4.45881245114471,-4.85987686325334,0.60547108092329,-8.02660443475262,1.00207531927703e-15,8.5935150818824e-15,"ENSG00000242816.2","AC092691.3","lncRNA"
1.61799610115453,-3.22219057325228,0.401470943278016,-8.02596209564521,1.00733324024784e-15,8.63482081580248e-15,"ENSG00000197416.4","FABP12","protein_coding"
3.25584183404235,-2.2631336052337,0.28202140183703,-8.02468745454107,1.01784752845501e-15,8.72112801313184e-15,"ENSG00000288105.1","AC117461.1","lncRNA"
7104.0838293231,-1.36843400922892,0.170535944849555,-8.02431423144336,1.02094659081019e-15,8.74193895951715e-15,"ENSG00000203747.12","FCGR3A","protein_coding"
35.2655211649559,-1.51509540317776,0.188880679541641,-8.02144193283539,1.0451098456011e-15,8.94101297949645e-15,"ENSG00000137757.11","CASP5","protein_coding"
98.2536887157381,-1.6076649070448,0.200519138980449,-8.01751351626119,1.07907213259192e-15,9.2174572408763e-15,"ENSG00000183775.11","KCTD16","protein_coding"
14.4038665021369,-2.45353899322416,0.306210660831307,-8.01258514828726,1.12322019491068e-15,9.58620053370771e-15,"ENSG00000204666.3","AC010624.1","lncRNA"
1.56274088461793,-3.13870657379232,0.391767290069948,-8.01166062953321,1.13169797604275e-15,9.65223921110047e-15,"ENSG00000250361.9","GYPB","protein_coding"
182.681640601096,-1.15552058453288,0.144242537360737,-8.01095575324655,1.13820397007021e-15,9.70561332595717e-15,"ENSG00000150510.17","FAM124A","protein_coding"
58.318212087502,-2.55415108132192,0.318876073287382,-8.00985491006104,1.14843850584613e-15,9.7886184213167e-15,"ENSG00000163263.7","C1orf189","protein_coding"
5.5899930919656,-1.83613499853811,0.229261425185397,-8.0089138286272,1.15725957234719e-15,9.85736271778795e-15,"ENSG00000268581.1","SIGLEC18P","unprocessed_pseudogene"
3713.00288048896,-1.61490719608142,0.201697349404085,-8.00658610959768,1.17936577738571e-15,1.00391042494845e-14,"ENSG00000136155.17","SCEL","protein_coding"
936.29505953637,-1.12984805418042,0.141183971323413,-8.00266520051524,1.21754658770574e-15,1.03461054339877e-14,"ENSG00000184545.11","DUSP8","protein_coding"
2.52839440326391,-2.91046539216243,0.363731480803649,-8.00168680954391,1.22726217201468e-15,1.04241363258317e-14,"ENSG00000259761.2","AC078905.1","lncRNA"
3823.66396828968,-1.41930032723622,0.17745295313466,-7.99817812081825,1.26273617149387e-15,1.07068535485865e-14,"ENSG00000168389.18","MFSD2A","protein_coding"
2301.69836720411,-1.62375681758448,0.203112747940282,-7.99436191992188,1.30246636789864e-15,1.10270037737433e-14,"ENSG00000120833.14","SOCS2","protein_coding"
111.374805136398,-2.34340435639243,0.293157760733055,-7.9936630384017,1.30987461989703e-15,1.10849272818319e-14,"ENSG00000162571.14","TTLL10","protein_coding"
905.690755025551,-1.09218702453753,0.136703030253625,-7.98948657181331,1.35501884531159e-15,1.14595293788389e-14,"ENSG00000069431.11","ABCC9","protein_coding"
15.5397041714072,-2.0655039318894,0.258557814441407,-7.98855736134587,1.36526939464931e-15,1.15412306506853e-14,"ENSG00000182050.13","MGAT4C","protein_coding"
5945.03953947596,-1.99388495918552,0.249600012731931,-7.98832074310408,1.36789181768336e-15,1.15584052510835e-14,"ENSG00000175445.17","LPL","protein_coding"
1489.40116091941,-1.18107907350013,0.148032898845528,-7.97849047550292,1.48133716736554e-15,1.24981036429886e-14,"ENSG00000185862.7","EVI2B","protein_coding"
127.535096795002,-2.38396526473011,0.299312236335425,-7.96481057345921,1.65477069685613e-15,1.39103828439693e-14,"ENSG00000168589.15","DYNLRB2","protein_coding"
100.587747129948,-2.27788768727601,0.286044214486822,-7.96341115083434,1.67360197022268e-15,1.40626409054721e-14,"ENSG00000187416.12","LHFPL3","protein_coding"
453.439353284562,-1.27012405339908,0.159502816956591,-7.96301957315744,1.67890890607001e-15,1.41011771632164e-14,"ENSG00000154262.13","ABCA6","protein_coding"
9.94515751944822,-2.29056368822948,0.287852552451382,-7.9574201052685,1.75663477572978e-15,1.47381808338512e-14,"ENSG00000205177.6","C11orf91","protein_coding"
15.5247605900026,-1.42993637192992,0.179722988606245,-7.95633537489611,1.77209650456581e-15,1.48615320017499e-14,"ENSG00000259869.2","AL022344.1","lncRNA"
62.6413866454062,-2.71486484236113,0.341588644392659,-7.94776081385297,1.89912876112921e-15,1.58758401093243e-14,"ENSG00000181123.8","AC004832.1","lncRNA"
7.02222499722192,-2.88597077300801,0.363116290073336,-7.94778656838875,1.89873409408641e-15,1.58758401093243e-14,"ENSG00000250431.1","AC105914.2","lncRNA"
5.78992948923506,-1.94206450565257,0.244376646282099,-7.94701349412386,1.91061607210992e-15,1.59684573937918e-14,"ENSG00000267069.1","AP005264.1","lncRNA"
5.5852575792609,-2.00527327611158,0.252439622590675,-7.94357579658994,1.96434567206014e-15,1.64035020259038e-14,"ENSG00000223458.2","LMO7DN-IT1","lncRNA"
79.7082655492468,-1.68627955425363,0.212377366805805,-7.94001535858357,2.02156220551403e-15,1.68597081551512e-14,"ENSG00000150045.12","KLRF1","protein_coding"
19.0619951793812,-1.22067155778469,0.153776322824094,-7.93796818240362,2.05520039717407e-15,1.71292964306323e-14,"ENSG00000285761.1","AL645939.5","lncRNA"
2.6577264638861,-3.09231832376878,0.389710916886164,-7.93490300060559,2.10659901292214e-15,1.75352746170296e-14,"ENSG00000249106.1","AC097537.1","lncRNA"
41.8410992466397,-2.33936485118274,0.295024107725082,-7.92940234349486,2.20203041216232e-15,1.83101683081861e-14,"ENSG00000286830.1","AC105052.5","lncRNA"
369.683972200342,-1.10201498496472,0.139011363350438,-7.92751727919266,2.23570416358129e-15,1.85822726476422e-14,"ENSG00000122986.14","HVCN1","protein_coding"
3.03055332652956,-4.74600065411677,0.599435321325299,-7.91745245112314,2.42426288727785e-15,2.010678911447e-14,"ENSG00000267603.1","LINC01028","lncRNA"
12.6903562656964,-1.29717094186309,0.163900281586705,-7.91439117312849,2.48465946999655e-15,2.05815431245629e-14,"ENSG00000257524.6","AL157935.2","protein_coding"
43.2191201034533,-1.03179699241887,0.130414761151672,-7.91165803094097,2.53983265056121e-15,2.10296638698923e-14,"ENSG00000259275.4","AC087477.2","lncRNA"
1309.68252580726,-1.73446644213246,0.219265958883425,-7.91033159440224,2.56704214972283e-15,2.12414731149935e-14,"ENSG00000138759.19","FRAS1","protein_coding"
164.223154576982,-1.52774502934518,0.193166873217862,-7.90893906338757,2.59591632086853e-15,2.1471317174362e-14,"ENSG00000149970.16","CNKSR2","protein_coding"
118.848374425289,-2.34524517289646,0.296659191545431,-7.90552000320308,2.66817419292059e-15,2.20410226605817e-14,"ENSG00000089101.19","CFAP61","protein_coding"
8.67792954821718,-2.48325493227584,0.314139542625694,-7.90494221618801,2.68057915406033e-15,2.21341512719002e-14,"ENSG00000008438.5","PGLYRP1","protein_coding"
2.15013792143531,-2.83506730831894,0.358647455397092,-7.90488616510599,2.68178557616925e-15,2.21394412196369e-14,"ENSG00000177324.14","BEND2","protein_coding"
994.81198107183,-1.27215202100114,0.160944006639884,-7.90431434857722,2.69412372726057e-15,2.22366073763833e-14,"ENSG00000169255.15","B3GALNT1","protein_coding"
121.198778993336,-1.28647117554889,0.162809654628669,-7.90168849926638,2.75150347051515e-15,2.26767233160759e-14,"ENSG00000162267.12","ITIH3","protein_coding"
13.6926791720331,-2.12432200143889,0.268898851507314,-7.90007837345155,2.78728115861468e-15,2.29570825126818e-14,"ENSG00000189367.15","KIAA0408","protein_coding"
8612.20761987283,-3.51026183093295,0.444336668993662,-7.90000482940791,2.7889262329714e-15,2.29657980686877e-14,"ENSG00000149021.7","SCGB1A1","protein_coding"
358.116456968264,-1.01793914587003,0.128885600276644,-7.89800523631106,2.83402246627149e-15,2.33175216836984e-14,"ENSG00000198932.13","GPRASP1","protein_coding"
7.71658961781666,-1.95944250918645,0.248221832252592,-7.89391687026347,2.92847266326331e-15,2.40592197745447e-14,"ENSG00000253105.6","AP003548.1","lncRNA"
9.72069224080703,-3.0277151349446,0.383622518335805,-7.89243329114032,2.96350745900469e-15,2.4326622693164e-14,"ENSG00000261706.1","LINC00165","lncRNA"
8.36341533492274,-1.12069366131363,0.142089467891103,-7.88723948331291,3.08944195387172e-15,2.53285047343294e-14,"ENSG00000275120.3","AC048382.5","lncRNA"
5.94827907217134,-1.73913215905599,0.220603740628585,-7.88351164898898,3.18306476026318e-15,2.60632992537892e-14,"ENSG00000241218.1","CSP2","processed_pseudogene"
72.0367060488191,-1.70676718425983,0.216556789781114,-7.88138384386355,3.23775013646387e-15,2.64888983044047e-14,"ENSG00000258819.2","LINC02289","lncRNA"
158.422483458768,-1.87338562161486,0.237724878611715,-7.88047777142726,3.2613163937e-15,2.66594050139701e-14,"ENSG00000188883.5","KLRG2","protein_coding"
246.269213046616,-1.91277318413854,0.242825427533287,-7.87715357312129,3.34923166269781e-15,2.73552043817633e-14,"ENSG00000164879.7","CA3","protein_coding"
2.57466771382892,-2.94092887105937,0.373804472911498,-7.867559336979,3.61626762188837e-15,2.94501911159446e-14,"ENSG00000226005.5","LINC02660","lncRNA"
75.3354749280887,-1.62901873474603,0.207158876286685,-7.86362025101763,3.73187753393919e-15,3.03537933445385e-14,"ENSG00000251664.5","PCDHA12","protein_coding"
4.44992176081363,-1.58447488635799,0.201497961154066,-7.8634785051075,3.73610482549184e-15,3.03818615806985e-14,"ENSG00000260571.1","BNIP3P5","processed_pseudogene"
51.585898742322,-2.64042057882799,0.335830715340119,-7.86235581862683,3.76975369789925e-15,3.06300315515979e-14,"ENSG00000267607.1","AC011511.5","lncRNA"
40.8903213376409,-2.12347090727654,0.270206016876115,-7.85871066760931,3.88107549265517e-15,3.15127056980123e-14,"ENSG00000130595.19","TNNT3","protein_coding"
12108.834846037,-1.11138694388528,0.141428242616397,-7.85830979247723,3.89351389487021e-15,3.16027986351724e-14,"ENSG00000136167.15","LCP1","protein_coding"
2.58003980286923,-2.81971422573827,0.358855974492575,-7.85750949172678,3.91846322585946e-15,3.17855274649889e-14,"ENSG00000285631.1","AC097105.1","lncRNA"
3.85337220491582,-2.24123275210432,0.285370804860894,-7.85375628455344,4.03758512838709e-15,3.27246776426917e-14,"ENSG00000229912.1","AC128709.1","lncRNA"
144.735504912761,-1.55884277566683,0.198616357601257,-7.84851154503783,4.21003873386168e-15,3.40307840724523e-14,"ENSG00000107317.13","PTGDS","protein_coding"
77.4619844562865,-1.16528614161482,0.148565906158708,-7.84356365295537,4.37936974728979e-15,3.53484153426561e-14,"ENSG00000169918.10","OTUD7A","protein_coding"
9.34792161574508,-1.32488338707022,0.168938630639078,-7.84239449590849,4.42035085300063e-15,3.56718393954976e-14,"ENSG00000286248.1","AC069209.2","lncRNA"
1934.63923258238,-1.19610946811637,0.152533122870251,-7.84163757752351,4.44708332166021e-15,3.58801685484301e-14,"ENSG00000106078.19","COBL","protein_coding"
396.469911629034,-1.39611463004974,0.178236264380937,-7.83294373285276,4.7657762982129e-15,3.836445018008e-14,"ENSG00000106123.12","EPHB6","protein_coding"
691.445246936881,-2.34132986949792,0.298987239091751,-7.8308688912955,4.84509725910426e-15,3.8970914870711e-14,"ENSG00000004838.14","ZMYND10","protein_coding"
12.5403395547085,-1.89333263210952,0.241857462428519,-7.82829941693072,4.9451311430827e-15,3.97428479687758e-14,"ENSG00000279526.1","AC011239.2","TEC"
5.00753213139083,-1.54553452596296,0.197513139575713,-7.82497067933301,5.07775247057422e-15,4.07584680873928e-14,"ENSG00000275088.1","AC026469.1","lncRNA"
100.067297103259,-2.91034137436813,0.372001784750581,-7.8234607834461,5.13905711197183e-15,4.12336362207443e-14,"ENSG00000230062.5","ANKRD66","protein_coding"
65.05365769521,-2.00587763571338,0.25640618896581,-7.8230468765356,5.15598937815883e-15,4.13440615485109e-14,"ENSG00000196581.11","AJAP1","protein_coding"
12.6937850530319,-2.83361272195658,0.362233010509479,-7.82262422182647,5.17333617296267e-15,4.14746604761734e-14,"ENSG00000197353.4","LYPD2","protein_coding"
7508.90510433673,-1.32148170795712,0.168945461063617,-7.82194265319454,5.20143053152051e-15,4.16840403890541e-14,"ENSG00000182985.18","CADM1","protein_coding"
4.13538514722023,-1.79602635297995,0.229676060479097,-7.81982392607003,5.28972735000524e-15,4.23643718651361e-14,"ENSG00000264017.2","RN7SL336P","misc_RNA"
16.850998950049,-1.09847180300117,0.140479719756359,-7.81943333106229,5.30616550963412e-15,4.24873260809275e-14,"ENSG00000286511.1","Z95118.2","lncRNA"
110.219505405253,-2.14874567674644,0.275008578150779,-7.81337691789508,5.56757813290288e-15,4.45349345704461e-14,"ENSG00000261618.2","LINC02605","lncRNA"
2.85011943652693,-2.49601736837716,0.319470071846366,-7.81299279131693,5.58457915516309e-15,4.46617958145691e-14,"ENSG00000255260.1","KC877392.1","lncRNA"
24.2775535847807,-1.71917000153169,0.220118452625313,-7.81020391987798,5.70955332451515e-15,4.56519270824688e-14,"ENSG00000270332.2","SMC2-AS1","lncRNA"
957.847179481798,-1.01245517651478,0.129638667741666,-7.80982398347636,5.72679061409605e-15,4.57803970419188e-14,"ENSG00000120162.10","MOB3B","protein_coding"
13.0065066876124,-1.81572566206092,0.232584259050364,-7.80674354091924,5.86845125879689e-15,4.68745389279407e-14,"ENSG00000285188.1","AC008397.2","protein_coding"
93.3275704190888,-1.36631268481278,0.175100379558147,-7.80302526048527,6.04404457468943e-15,4.81885713635232e-14,"ENSG00000250073.3","AP000866.2","lncRNA"
2.35599945199327,-2.97500770096369,0.381460948367306,-7.79898365402028,6.24077467926763e-15,4.96963276301224e-14,"ENSG00000233633.2","AC093326.1","lncRNA"
34.683527691947,-2.1190600030945,0.27172060120155,-7.79867258398518,6.25617499589909e-15,4.97986948259819e-14,"ENSG00000163737.4","PF4","protein_coding"
23.244020811282,-1.02582019257936,0.131635052472935,-7.79291057592942,6.5482967221567e-15,5.20710016327401e-14,"ENSG00000233170.4","AC138356.2","processed_pseudogene"
28.7199113440071,-1.18181919392449,0.151658499997893,-7.79263406891742,6.56264766867518e-15,5.21745156283886e-14,"ENSG00000271474.1","AC106881.1","lncRNA"
28.0732848948503,-1.34248345753082,0.172372443752681,-7.78827188559795,6.79318810284577e-15,5.39830905833622e-14,"ENSG00000136867.11","SLC31A2","protein_coding"
155.167129181464,-1.67192359924472,0.214757397335869,-7.7851735026846,6.96176029061517e-15,5.52689474400613e-14,"ENSG00000162148.11","PPP1R32","protein_coding"
2.32118410243648,-3.01114247921742,0.386921253815544,-7.78231345402627,7.12101625085059e-15,5.64759803226661e-14,"ENSG00000183747.12","ACSM2A","protein_coding"
568.400163944085,-1.2784090457567,0.164411195102298,-7.77568124215181,7.50424520655292e-15,5.93949472446647e-14,"ENSG00000241399.7","CD302","protein_coding"
9.24343071622828,-1.6632225904223,0.213951031719606,-7.77384702029405,7.61376826028056e-15,6.02009225688096e-14,"ENSG00000239828.7","AC063944.1","lncRNA"
312.838754183866,-2.47399596058352,0.318306312468292,-7.77237479646266,7.70281290586563e-15,6.08312354832347e-14,"ENSG00000181378.14","CFAP65","protein_coding"
18.475545827854,-2.73687729248616,0.352201026971954,-7.77078169253637,7.80032353476856e-15,6.1564029898957e-14,"ENSG00000170054.16","SERPINA9","protein_coding"
1212.86376696074,-1.20236023391038,0.154757015772707,-7.76934233260414,7.88946787454388e-15,6.2210341526555e-14,"ENSG00000123095.6","BHLHE41","protein_coding"
135.787698947793,-1.7091909512593,0.219992804376925,-7.76930389200755,7.89186232334648e-15,6.22112136532779e-14,"ENSG00000259225.7","LINC02345","lncRNA"
303.258026564413,-2.23389479706957,0.287728229025827,-7.76390555988529,8.23532299965406e-15,6.48533757897893e-14,"ENSG00000188659.9","SAXO2","protein_coding"
15.3576585951997,-1.45623316979954,0.187598177606532,-7.76251234622244,8.32632634587543e-15,6.55172886065657e-14,"ENSG00000246662.6","LINC00535","lncRNA"
105.211838177,-1.54110808940415,0.198577267043257,-7.76074780537919,8.44300603986251e-15,6.64220485214837e-14,"ENSG00000204581.3","ACOXL-AS1","lncRNA"
150.224203494483,-1.96517325252589,0.253561895451337,-7.75027039858614,9.16970772626401e-15,7.19510393094921e-14,"ENSG00000163576.18","EFHB","protein_coding"
7.29448827771359,-2.29600847570368,0.296371608282605,-7.74705947377496,9.40449156550429e-15,7.37193829025938e-14,"ENSG00000250961.2","AC025470.2","lncRNA"
10.2915109165951,-2.2057767307524,0.284750836863002,-7.74633976515277,9.4579230397933e-15,7.40936909850154e-14,"ENSG00000249923.1","AC007663.2","lncRNA"
1852.77422599572,-1.18985748531108,0.153613392838812,-7.74579262473299,9.49874275699515e-15,7.43985794283381e-14,"ENSG00000167074.15","TEF","protein_coding"
15.5222805622148,-1.48794676565228,0.192133923307503,-7.74432094050814,9.60940088918393e-15,7.52502433849622e-14,"ENSG00000111405.9","ENDOU","protein_coding"
92.1332448184493,-1.90475420896046,0.245966192845202,-7.74396752223267,9.6361632754427e-15,7.54447189138352e-14,"ENSG00000161643.13","SIGLEC16","polymorphic_pseudogene"
3.88679910184573,-2.42314142059857,0.313149047063399,-7.73798114131891,1.01007825299685e-14,7.90349372485898e-14,"ENSG00000249238.1","BCL9P1","processed_pseudogene"
454.907460988061,-1.72987580704661,0.223564573334926,-7.73770093016949,1.01230623521223e-14,7.9177604017769e-14,"ENSG00000149534.9","MS4A2","protein_coding"
287.101447920749,-2.02931291823106,0.262302033112755,-7.73655047255668,1.02150441783483e-14,7.98332122514374e-14,"ENSG00000189350.13","TOGARAM2","protein_coding"
10.6027223924899,-3.3556098634503,0.433911520056499,-7.73339657590416,1.04714446168874e-14,8.16902111848927e-14,"ENSG00000168903.9","BTNL3","protein_coding"
140.435693259533,-1.22008112708329,0.157796298420794,-7.73200093597703,1.05869165882247e-14,8.25087896860826e-14,"ENSG00000233608.4","TWIST2","protein_coding"
6.13262305506001,-1.60946603832732,0.208199442919702,-7.73040511423493,1.07204871610014e-14,8.35331308437164e-14,"ENSG00000249167.2","SEMA6A-AS2","lncRNA"
2.99574632501872,-1.75481155644222,0.227097604256323,-7.72712491700959,1.10002691224208e-14,8.56165508676722e-14,"ENSG00000271938.1","AC103724.4","lncRNA"
51.7471271147745,-1.5345555984728,0.198609728398272,-7.72648757363764,1.10554585792873e-14,8.60232948232435e-14,"ENSG00000225792.2","AC004540.2","lncRNA"
8.14843722470771,-1.73667335491251,0.224803863562551,-7.72528250800853,1.11605544292831e-14,8.67892796844745e-14,"ENSG00000105501.12","SIGLEC5","protein_coding"
10.5328409349897,-1.82408712555086,0.236135588594729,-7.72474465372297,1.12077783584056e-14,8.71218861626483e-14,"ENSG00000274624.1","AC007671.1","lncRNA"
21.1819412018144,-2.15832562639249,0.279499416447499,-7.7221113869406,1.14418335603137e-14,8.88883043574816e-14,"ENSG00000260310.1","AC027277.2","lncRNA"
23.0870341114357,-1.06821346484969,0.13838826112596,-7.71896009212377,1.17282614071402e-14,9.10592454608736e-14,"ENSG00000287620.1","AC092053.4","lncRNA"
22812.5348718276,-1.79789568810808,0.232991612172199,-7.7165682976574,1.19503554313334e-14,9.27467985687241e-14,"ENSG00000124107.5","SLPI","protein_coding"
32.5393080730339,-1.45805296682331,0.189105928786276,-7.71024460301916,1.25576819727929e-14,9.73058719361104e-14,"ENSG00000226237.2","GAS1RR","lncRNA"
1.29246933602905,-3.49085308201034,0.452886259349386,-7.70801279558642,1.2779193866199e-14,9.89243590857038e-14,"ENSG00000201894.1","RNU6-967P","snRNA"
17.0316456195116,-3.16191713370637,0.410347958449691,-7.70545355130365,1.30379393492732e-14,1.0076784607474e-13,"ENSG00000167941.3","SOST","protein_coding"
30362.7692554194,-1.33353126763531,0.173169987818192,-7.70070659723878,1.35315868306994e-14,1.04418166884657e-13,"ENSG00000011465.18","DCN","protein_coding"
516.28275331465,-2.65680751921904,0.345094931123353,-7.69877294508674,1.3737902706585e-14,1.05843250799641e-13,"ENSG00000007908.16","SELE","protein_coding"
14.0619903849043,-1.29360047155526,0.168136219595138,-7.69376446473085,1.42867951255414e-14,1.10007197964888e-13,"ENSG00000271871.1","AC005740.4","lncRNA"
324.801825042516,-2.5143079379052,0.327111337829499,-7.68639801539296,1.51335214804586e-14,1.16389510426852e-13,"ENSG00000153789.13","CIBAR2","protein_coding"
255.343275364809,-1.42085979796271,0.184882439420865,-7.6852068937076,1.5274993823991e-14,1.17431391616226e-13,"ENSG00000149596.7","JPH2","protein_coding"
531.886272106226,-1.04179797868772,0.135580304629888,-7.68399201883823,1.54206276301502e-14,1.18481166266524e-13,"ENSG00000243244.7","STON1","protein_coding"
127.948059448922,-1.76364325739344,0.229579500426803,-7.68205895611203,1.56551754304784e-14,1.20236049022581e-13,"ENSG00000149575.9","SCN2B","protein_coding"
338.645791290738,-1.41352705374656,0.184125483289032,-7.67697674703543,1.62886983907062e-14,1.24881084781882e-13,"ENSG00000158517.15","NCF1","protein_coding"
6576.35464073074,-1.77575686378058,0.231389318832693,-7.67432512761986,1.66291809512205e-14,1.27316861632207e-13,"ENSG00000004799.8","PDK4","protein_coding"
134.268052259935,-2.42994535280414,0.31679385021227,-7.67043094799959,1.71419431874405e-14,1.31063184616596e-13,"ENSG00000186710.11","CFAP73","protein_coding"
23474.7383361085,-1.58172798700594,0.206424829758552,-7.66248899832464,1.82363758713291e-14,1.39267686225796e-13,"ENSG00000128016.7","ZFP36","protein_coding"
121.11996937154,-1.1590250718478,0.151374056951461,-7.65669557379605,1.90778138174969e-14,1.45579940033633e-13,"ENSG00000087237.12","CETP","protein_coding"
664.461760494045,-2.22251588074255,0.290364423119086,-7.65422931937857,1.94474974436917e-14,1.48198641181909e-13,"ENSG00000160188.10","RSPH1","protein_coding"
10564.7834721397,-1.27833344827106,0.167104366189762,-7.64991051651755,2.01119217792321e-14,1.52993703565927e-13,"ENSG00000159388.6","BTG2","protein_coding"
3368.58256010661,-1.09403017856916,0.143015505511379,-7.64973122779414,2.01399818511764e-14,1.53177381888899e-13,"ENSG00000124126.14","PREX1","protein_coding"
1294.4380951103,-1.01690815991487,0.132949700655697,-7.64881872542446,2.02833934209972e-14,1.54178218328874e-13,"ENSG00000008086.13","CDKL5","protein_coding"
139.21086750993,-1.62446231772764,0.212430763124783,-7.64702011061095,2.05690167467409e-14,1.56258240014894e-13,"ENSG00000186198.4","SLC51B","protein_coding"
6.1903472221324,-1.92768282383029,0.252199518768715,-7.64348335493106,2.11422471800012e-14,1.6045719053542e-13,"ENSG00000237949.2","LINC00844","lncRNA"
171.078154412752,-2.69415420620218,0.352524965931085,-7.64244937684457,2.131278101926e-14,1.61720076413547e-13,"ENSG00000171595.14","DNAI2","protein_coding"
10.393992554946,-2.31822001528157,0.303403378632665,-7.64071918292076,2.16011729843557e-14,1.63749612563119e-13,"ENSG00000258702.3","AL137786.1","lncRNA"
6.9391108851475,-1.63310250319295,0.213812780159368,-7.63800228394063,2.20617949269358e-14,1.67111904236532e-13,"ENSG00000276386.1","CNTNAP3P2","unprocessed_pseudogene"
1.06087722928758,-2.85848629919289,0.374252884579929,-7.63784707338016,2.20883990384503e-14,1.67281041759938e-13,"ENSG00000166152.4","C16orf78","protein_coding"
13.1613346964684,-3.11187286013189,0.407452675953434,-7.63738476585078,2.21678287201813e-14,1.67850097842379e-13,"ENSG00000285930.1","AC015813.8","lncRNA"
17.7318678861825,-1.77536166848827,0.232546567057493,-7.634435076607,2.26812750362423e-14,1.71538649679783e-13,"ENSG00000259351.1","AC015914.1","lncRNA"
70.3717697008942,-1.65919310322517,0.217337914937283,-7.63416315880256,2.27291919362881e-14,1.71867827953409e-13,"ENSG00000198574.6","SH2D1B","protein_coding"
1.09284285035967,-3.32554089400214,0.435705843096929,-7.63253682889519,2.30178668459397e-14,1.73949816058027e-13,"ENSG00000238276.6","AL354863.1","lncRNA"
1658.82133223203,-1.16551430738304,0.152705901889096,-7.63241166821113,2.3040231831864e-14,1.74085211780782e-13,"ENSG00000138411.13","HECW2","protein_coding"
1.776689669469,-3.07002444103332,0.402467908359842,-7.62799810187212,2.38427072691432e-14,1.8000944976825e-13,"ENSG00000105370.8","LIM2","protein_coding"
4.94234660357197,-2.42341157762141,0.317780491377669,-7.62605522798216,2.42046168572465e-14,1.82565702051063e-13,"ENSG00000188729.6","OSTN","protein_coding"
212.969038588676,-2.04905871230481,0.268776706276404,-7.62364693240047,2.46607301020858e-14,1.85792626196339e-13,"ENSG00000164935.6","DCSTAMP","protein_coding"
369.45713088297,-1.59010633863532,0.208650848218793,-7.62089563598573,2.51921569263426e-14,1.89685259319745e-13,"ENSG00000185250.16","PPIL6","protein_coding"
250.666001178317,-1.23308651652905,0.161899198123211,-7.6163843355829,2.60880143254237e-14,1.96241847091149e-13,"ENSG00000108405.4","P2RX1","protein_coding"
1.85725869123232,-2.26159250686585,0.296979511704846,-7.61531492150051,2.63049315632202e-14,1.97835532769627e-13,"ENSG00000257817.2","AC026765.3","lncRNA"
162.422343719392,-1.68291440496229,0.221043452653158,-7.61350035371992,2.66770597286075e-14,2.00595700276737e-13,"ENSG00000258844.2","AL162511.1","lncRNA"
1.70991387539755,-2.89758634365118,0.380746624654958,-7.61027453960241,2.73514303465544e-14,2.0546915355942e-13,"ENSG00000259285.1","AC025431.1","lncRNA"
26471.5961800798,-1.35149026067346,0.177748893985435,-7.60336804562171,2.88521425730193e-14,2.16451915457212e-13,"ENSG00000120129.6","DUSP1","protein_coding"
128.250782558971,-1.31032353676283,0.172396402220489,-7.60064316821975,2.94662570926568e-14,2.20931999672879e-13,"ENSG00000185614.7","INKA1","protein_coding"
51.5017231346488,-1.13194286527554,0.14900706406582,-7.59657182947738,3.04078548206232e-14,2.27686522576694e-13,"ENSG00000270091.1","AC015726.1","lncRNA"
41.1131480184436,-1.78320281790672,0.234848904721765,-7.59297906890115,3.12633062648625e-14,2.33868177681196e-13,"ENSG00000203446.2","SUGCT-AS1","lncRNA"
291.480246146501,-1.69425380704103,0.223146752905881,-7.59255415988792,3.13660309879011e-14,2.34546944121452e-13,"ENSG00000132854.19","KANK4","protein_coding"
1312.8336684382,-1.14800019523733,0.151266740846416,-7.58924393302638,3.2177749363758e-14,2.4047889808121e-13,"ENSG00000183688.4","RFLNB","protein_coding"
75.975493485416,-1.02858888167802,0.135554896094758,-7.58798768108681,3.24911794944019e-14,2.42635943663252e-13,"ENSG00000128346.11","C22orf23","protein_coding"
118.779966686836,-1.69159498628139,0.223147182556677,-7.58062444212908,3.43895732538532e-14,2.56274688820516e-13,"ENSG00000137098.14","SPAG8","protein_coding"
2927.33946278263,-1.31001415082492,0.172831522538599,-7.5797177018582,3.46307647012151e-14,2.58022934791174e-13,"ENSG00000145569.6","OTULINL","protein_coding"
8282.28817562313,-1.06507688358708,0.140546973562747,-7.57808479676423,3.5069317377942e-14,2.60992289523821e-13,"ENSG00000099204.20","ABLIM1","protein_coding"
1138.38418482051,-1.30044316870173,0.171652993219172,-7.57600053639194,3.5637033507736e-14,2.65066101157806e-13,"ENSG00000235568.7","NFAM1","protein_coding"
1.11418348577299,-3.12484185324483,0.412476490280632,-7.57580595955617,3.56904918108217e-14,2.65413271579108e-13,"ENSG00000254883.1","AP003385.2","processed_pseudogene"
16.7101639224763,-2.28387456644833,0.30153346249476,-7.57419938587419,3.61349082830627e-14,2.68565070469996e-13,"ENSG00000277531.2","PNMA8C","protein_coding"
1104.60318767082,-2.46819708120976,0.325894887972763,-7.57359864268885,3.63024822759888e-14,2.69656878121055e-13,"ENSG00000136244.12","IL6","protein_coding"
76.6507884878203,-3.07007895735507,0.405400769556951,-7.57294802550638,3.64848304100841e-14,2.70908519692031e-13,"ENSG00000186329.9","TMEM212","protein_coding"
6417.35366131353,-1.02348934617645,0.135239067040355,-7.56800064193759,3.79012117105489e-14,2.80892483985888e-13,"ENSG00000065054.14","SLC9A3R2","protein_coding"
4.85937857209943,-1.52193044339442,0.201116703482987,-7.56739951002212,3.80769512121891e-14,2.82141484166668e-13,"ENSG00000231967.1","AL135786.1","processed_pseudogene"
286.985718308291,-1.49014993407161,0.197047372819538,-7.56239432553277,3.95716579705196e-14,2.92773406701532e-13,"ENSG00000013297.12","CLDN11","protein_coding"
612.838392207646,-2.78592928351818,0.368535188826972,-7.5594661459212,4.04727010152172e-14,2.99383225600466e-13,"ENSG00000007174.18","DNAH9","protein_coding"
46.6998122012741,-1.6644828276025,0.22019609502566,-7.55909330457717,4.05888679307926e-14,3.00185785484756e-13,"ENSG00000112183.15","RBM24","protein_coding"
107.856467825744,-1.0331757091582,0.136712333874378,-7.55729698907458,4.11531607352446e-14,3.04186689220034e-13,"ENSG00000196972.9","SMIM10L2B","protein_coding"
2.03578720065452,-2.5503282034038,0.337545947313154,-7.55549940298282,4.17255735593984e-14,3.08243046810047e-13,"ENSG00000235399.1","AL135902.1","lncRNA"
2.29125128699084,-2.21918797528503,0.293891799007245,-7.55103743207997,4.31804703180326e-14,3.18690113922092e-13,"ENSG00000177590.7","GIMAP3P","processed_pseudogene"
133.26852636165,-1.94638721845359,0.257773306983718,-7.55077102912184,4.32688960154141e-14,3.19222317115228e-13,"ENSG00000172987.13","HPSE2","protein_coding"
5.3641169951375,-3.31184241574666,0.439101799288457,-7.54231119324344,4.61714325015652e-14,3.39931199476716e-13,"ENSG00000249453.1","AC092834.1","lncRNA"
1026.30497273163,-1.02328222447557,0.135814452229525,-7.53441336821971,4.9053504047148e-14,3.60201288584903e-13,"ENSG00000131196.18","NFATC1","protein_coding"
75.135714039088,-1.07541258941948,0.142751306197448,-7.53346934655728,4.94096158586803e-14,3.62680112205219e-13,"ENSG00000251141.6","MRPS30-DT","lncRNA"
97.2289632419056,-1.20436381660918,0.159908035188162,-7.53160286906171,5.01212016494952e-14,3.6776537441335e-13,"ENSG00000182916.8","TCEAL7","protein_coding"
424.533509901122,-1.07615283432299,0.142999766315507,-7.52555659390816,5.24962091435859e-14,3.8447111360615e-13,"ENSG00000176046.9","NUPR1","protein_coding"
276.334292572113,-1.00199225275761,0.133344530958295,-7.51431082742334,5.72115098901903e-14,4.1775398274175e-13,"ENSG00000185482.8","STAC3","protein_coding"
908.279376650218,-1.15372007184884,0.15354800086176,-7.51374205703621,5.74607484822452e-14,4.19417375276765e-13,"ENSG00000171444.18","MCC","protein_coding"
1675.08041174102,-1.70144377035791,0.226484577682891,-7.51240454323633,5.80510694995018e-14,4.23410326297298e-13,"ENSG00000156298.13","TSPAN7","protein_coding"
5.22200540311071,-2.6928186700023,0.358569682275936,-7.50988943881219,5.91773201782254e-14,4.31353966619545e-13,"ENSG00000232903.2","LINC01166","lncRNA"
7.26371241285617,-1.63328507802646,0.217485015207379,-7.50987407784884,5.91842643116796e-14,4.31353966619545e-13,"ENSG00000259647.1","AC111152.2","lncRNA"
1.46258038838298,-3.6300090314787,0.483412621183655,-7.50913168669546,5.95208290544411e-14,4.33726175368591e-13,"ENSG00000251325.1","AC024132.3","lncRNA"
9.94457211873041,-1.66526609079054,0.221827820832921,-7.50702091621233,6.0488065989156e-14,4.40446317495658e-13,"ENSG00000197576.14","HOXA4","protein_coding"
343.675634018345,-1.37426594750406,0.183126663957757,-7.50445575648706,6.16843399523587e-14,4.48739525316183e-13,"ENSG00000102935.12","ZNF423","protein_coding"
237.342703621725,-1.41927659803439,0.18916476679293,-7.50285913226119,6.24406451057963e-14,4.54157041567828e-13,"ENSG00000038295.8","TLL1","protein_coding"
1.2342570362899,-3.48519161659072,0.464559238826709,-7.50214682070024,6.27809938728714e-14,4.56462852329865e-13,"ENSG00000180437.5","OR6K4P","unprocessed_pseudogene"
126.399313151782,-2.68483023407845,0.3579489759039,-7.5005948188528,6.35288825306078e-14,4.61728956594579e-13,"ENSG00000137473.18","TTC29","protein_coding"
1515.08379122113,-1.05534095283291,0.140712620647484,-7.49997369089426,6.38306436812836e-14,4.63663805066328e-13,"ENSG00000100368.14","CSF2RB","protein_coding"
118.273093048797,-3.26334006569858,0.435522074605484,-7.49293837437439,6.73485279577696e-14,4.88492168214176e-13,"ENSG00000259094.1","AC013457.1","lncRNA"
78.089889408435,-2.28353979760185,0.304888620938294,-7.48975081645967,6.90044968230208e-14,5.00039808366968e-13,"ENSG00000169314.15","C22orf15","protein_coding"
2.96697007627363,-2.15334899984529,0.287538283469912,-7.48891234189559,6.94467010694727e-14,5.03057915503431e-13,"ENSG00000224675.1","AC009227.1","lncRNA"
8702.64679130614,-1.02197351523691,0.136502867981477,-7.48682815496294,7.05579873107747e-14,5.10729671005905e-13,"ENSG00000167552.14","TUBA1A","protein_coding"
1.20110613969167,-2.82664772538228,0.377601325353587,-7.48579926920385,7.11130146662934e-14,5.14271553669697e-13,"ENSG00000233691.2","AL354714.4","processed_pseudogene"
138.149648764519,-1.45788285637508,0.194770064162705,-7.48514851418442,7.14662746557388e-14,5.16730745298174e-13,"ENSG00000110665.12","C11orf21","protein_coding"
37.977880061596,-2.35231744185677,0.314283390067463,-7.4847017570729,7.17097932130058e-14,5.18204232357919e-13,"ENSG00000150628.7","SPATA4","protein_coding"
8.7514379676267,-2.34109998488715,0.312854563609308,-7.48302967960126,7.26284708211922e-14,5.24455562226254e-13,"ENSG00000247311.3","AC010255.1","lncRNA"
560.210500041528,-1.86332710823566,0.24908559072899,-7.48067000898096,7.39446408340132e-14,5.33861206729847e-13,"ENSG00000163734.4","CXCL3","protein_coding"
3.64580163044389,-1.8853805205025,0.252040547616938,-7.48046510106771,7.40600339918368e-14,5.34595681633382e-13,"ENSG00000257551.1","HLX-AS1","lncRNA"
409.976684675216,-1.72985666236458,0.231400013960146,-7.47561174591162,7.68455261756275e-14,5.53885114160707e-13,"ENSG00000151892.15","GFRA1","protein_coding"
907.172852755769,-1.01182059414773,0.135434492579601,-7.47092247237561,7.96345650553623e-14,5.73342018473973e-13,"ENSG00000152270.9","PDE3B","protein_coding"
1280.72714465863,-1.72388339416735,0.230809190496336,-7.46886807436169,8.08875824651394e-14,5.81519748198304e-13,"ENSG00000154319.16","FAM167A","protein_coding"
1428.59559550568,-1.05432443976422,0.141324471923059,-7.46031048563358,8.63188287574802e-14,6.19428220815873e-13,"ENSG00000187720.14","THSD4","protein_coding"
770.972797048759,-1.71202957868449,0.229585961798887,-7.4570307577612,8.84940513058973e-14,6.3445597685069e-13,"ENSG00000016402.13","IL20RA","protein_coding"
18.1643532643207,-1.2291954976359,0.164849874752302,-7.4564539371525,8.88821495898837e-14,6.37121706466705e-13,"ENSG00000245812.3","LINC02202","lncRNA"
38.4867033400465,-1.20733915464605,0.161955178407278,-7.45477339174594,9.00224218031944e-14,6.4470486595549e-13,"ENSG00000170956.17","CEACAM3","protein_coding"
126.006824746381,-1.33460192607999,0.179091509608675,-7.45206698517517,9.18890466886714e-14,6.57351057764973e-13,"ENSG00000122367.20","LDB3","protein_coding"
113.884411789811,-2.36498098925588,0.317466587368139,-7.44954298612034,9.36641193121342e-14,6.69559856193483e-13,"ENSG00000223914.4","LINC02471","lncRNA"
3.98721350110892,-2.02191197907367,0.271596689521997,-7.44453838017016,9.72839881945998e-14,6.94548393001803e-13,"ENSG00000267446.1","AC003070.2","lncRNA"
10.713615361913,-2.2432564253778,0.301508113704356,-7.44011959683919,1.00594186235119e-13,7.16873265628562e-13,"ENSG00000226869.6","LHFPL3-AS1","lncRNA"
1.29718855955723,-2.74189822443814,0.368540824166808,-7.43987652015753,1.00779457546329e-13,7.18062810132086e-13,"ENSG00000285662.2","FAM245B","lncRNA"
9.99897336272458,-2.53073718768919,0.340357857913256,-7.43551861327726,1.04158498973673e-13,7.41328887475226e-13,"ENSG00000169402.15","RSPH10B2","protein_coding"
517.9996250873,-2.83608903423165,0.381711814805372,-7.42992206221784,1.08661685538239e-13,7.71695175462217e-13,"ENSG00000167858.13","TEKT1","protein_coding"
10.0853062612524,-2.22848412163189,0.300289094954791,-7.42112903556285,1.1612610984934e-13,8.23809065357966e-13,"ENSG00000238243.3","OR2W3","protein_coding"
21.3581646304953,-2.16822117043283,0.29221481277002,-7.41995640083881,1.17158894669346e-13,8.3083448845708e-13,"ENSG00000188730.5","VWC2","protein_coding"
13.8681959757581,-1.44081675907735,0.19418705907292,-7.41973623760532,1.17353804961724e-13,8.32065907221817e-13,"ENSG00000197272.2","IL27","protein_coding"
102.723698512159,-1.4338156394065,0.193268580749351,-7.41877253843967,1.18210723787131e-13,8.37079955214297e-13,"ENSG00000154263.17","ABCA10","protein_coding"
3729.51602532737,-1.07592827446133,0.145076580087904,-7.41627817397826,1.20457365511734e-13,8.52372001779324e-13,"ENSG00000092929.12","UNC13D","protein_coding"
1.83457735970868,-2.69677477677692,0.363659244307676,-7.41566402886571,1.21016924058322e-13,8.5617668691488e-13,"ENSG00000267206.6","LCN6","protein_coding"
5.22716688849418,-1.69796234045566,0.229020197510109,-7.4140288014585,1.22519294235123e-13,8.66335833522695e-13,"ENSG00000258943.1","AL049871.1","lncRNA"
774.503775333082,-2.78010894630209,0.375025024585272,-7.41312916218465,1.23353640748141e-13,8.72077925224121e-13,"ENSG00000161905.13","ALOX15","protein_coding"
50.2724974032568,-3.10440683076832,0.41913715001407,-7.40666111477856,1.29518868125865e-13,9.14013134108788e-13,"ENSG00000257057.3","C11orf97","protein_coding"
155.44291646887,-2.29114793113547,0.309496316010325,-7.40282779669349,1.33314584886893e-13,9.40121286936207e-13,"ENSG00000260943.1","LINC02555","lncRNA"
230.544947744286,-1.41860475182061,0.191885833208371,-7.39296240947675,1.43593081942214e-13,1.00987435109288e-12,"ENSG00000139537.11","CCDC65","protein_coding"
41.5283052250833,-1.67777790693993,0.227132231544115,-7.38678916476926,1.50416819819824e-13,1.05558833866025e-12,"ENSG00000182132.14","KCNIP1","protein_coding"
171.78343039521,-2.25557206733419,0.305378027465475,-7.38616358896088,1.51125841796416e-13,1.05980381995261e-12,"ENSG00000170509.12","HSD17B13","protein_coding"
301.775537289611,-1.40835390051741,0.190729728809985,-7.38402927170569,1.53569661069555e-13,1.07674868434201e-12,"ENSG00000239998.6","LILRA2","protein_coding"
672.704528178914,-1.16424035085239,0.157771943253265,-7.37926101970794,1.5917050723057e-13,1.11521953776893e-12,"ENSG00000189337.17","KAZN","protein_coding"
1315.54414557581,-1.5298807504051,0.207349313601366,-7.37827738049008,1.60350629871528e-13,1.12268393227818e-12,"ENSG00000172236.18","TPSAB1","protein_coding"
10.1441104013763,-2.3125972112446,0.313554254368107,-7.37542922485642,1.63816407851167e-13,1.1457193665101e-12,"ENSG00000223609.11","HBD","protein_coding"
213.102072126496,-1.45331658805166,0.19718292044751,-7.37039792672372,1.70119477588701e-13,1.18704445034298e-12,"ENSG00000147231.14","RADX","protein_coding"
4.27254926581708,-1.85641858247684,0.25188346605097,-7.3701486309593,1.70437908585007e-13,1.18905434138704e-12,"ENSG00000213512.3","GBP7","protein_coding"
0.958141213100709,-3.09034940565352,0.419482087332988,-7.36705928327371,1.74432929373085e-13,1.21562510406023e-12,"ENSG00000286405.1","AL132799.1","lncRNA"
13.5275149162357,-1.79618213233567,0.243852406511386,-7.36585772530322,1.76011463333635e-13,1.22618917067981e-12,"ENSG00000286035.1","AC073840.1","lncRNA"
748.507121582335,-1.32902243640896,0.180443154489287,-7.36532477594135,1.76716105121708e-13,1.23065988779455e-12,"ENSG00000111879.20","FAM184A","protein_coding"
216.059784614051,-1.91571846868343,0.260183499164751,-7.36295143555732,1.79887830247581e-13,1.25185678204128e-12,"ENSG00000172361.6","CFAP53","protein_coding"
146.568915376678,-1.30598801085174,0.177377193578097,-7.36277299525955,1.80128545307819e-13,1.253309051643e-12,"ENSG00000122223.13","CD244","protein_coding"
16.4741590059971,-1.12473869597571,0.152849706120913,-7.35846161906247,1.86041729903076e-13,1.2937620282277e-12,"ENSG00000277151.1","AL138820.1","lncRNA"
174.295990663487,-1.78016055926829,0.242161151859922,-7.35114012134373,1.96523266998694e-13,1.36374391929879e-12,"ENSG00000177791.12","MYOZ1","protein_coding"
184.985439197436,-1.5970362602458,0.217501641158577,-7.34264004509936,2.0942120467602e-13,1.44990466386719e-12,"ENSG00000141052.18","MYOCD","protein_coding"
219.118708397096,-2.73222244164452,0.372103499938556,-7.34264107189447,2.09419597486547e-13,1.44990466386719e-12,"ENSG00000152611.12","CAPSL","protein_coding"
1655.2334200532,-1.19444281826561,0.162679736937696,-7.34229622416385,2.09960051775052e-13,1.45337816840785e-12,"ENSG00000185585.20","OLFML2A","protein_coding"
29.3197619374592,-1.25304361475845,0.170788867408339,-7.33679913552294,2.18762543838417e-13,1.51217048276649e-12,"ENSG00000260941.1","LINC00622","lncRNA"
34.0089882402866,-1.73294838827476,0.236218378690282,-7.33621320188178,2.19721912745719e-13,1.51826561321786e-12,"ENSG00000154529.15","CNTNAP3B","protein_coding"
19.5583917639382,-1.74840158382621,0.238370102626759,-7.33481910927339,2.22021153931066e-13,1.53361161067547e-12,"ENSG00000260633.1","AC010207.1","lncRNA"
316.536133483695,-2.03530705968542,0.277498304314025,-7.33448467267826,2.22576237201247e-13,1.53717450369255e-12,"ENSG00000197653.16","DNAH10","protein_coding"
32.0147697778619,-1.39363916837765,0.190082248533237,-7.3317691637784,2.27134083252439e-13,1.5675456458115e-12,"ENSG00000273341.2","AC004921.1","lncRNA"
15.813011694328,-1.53359012455087,0.209179724917901,-7.33144727651194,2.27680396117332e-13,1.57076191475094e-12,"ENSG00000279317.2","AC006994.1","lncRNA"
1055.95341524166,-1.67047353077456,0.22802316801377,-7.32589387879077,2.37311532458192e-13,1.63547685393123e-12,"ENSG00000171388.12","APLN","protein_coding"
12223.2409332724,-1.25877079695281,0.172108932504817,-7.31380282611175,2.59686119479351e-13,1.78230511157276e-12,"ENSG00000159189.12","C1QC","protein_coding"
489.866453397509,-2.57807110252777,0.352553006745996,-7.31257726695605,2.62066489420217e-13,1.79758921228822e-12,"ENSG00000164972.13","C9orf24","protein_coding"
113.600770185465,-1.85662296805422,0.253930225718187,-7.31154774034153,2.6408266441777e-13,1.81072695660272e-12,"ENSG00000104059.4","FAM189A1","protein_coding"
2183.5312174651,-1.09062661978447,0.149244273763021,-7.30766140827778,2.71831705004819e-13,1.86157620730549e-12,"ENSG00000155926.14","SLA","protein_coding"
126.220601075251,-1.49534156215789,0.204638835907151,-7.30722277386464,2.72720211111331e-13,1.86700744943973e-12,"ENSG00000164627.18","KIF6","protein_coding"
2476.33394860638,-1.05271470179964,0.144072680659277,-7.30683080916115,2.73516595226632e-13,1.87180445746998e-12,"ENSG00000101417.12","PXMP4","protein_coding"
6.95560169118098,-2.794140129657,0.382499335757855,-7.30495420108613,2.77361199709562e-13,1.89711957801693e-12,"ENSG00000175121.11","WFDC5","protein_coding"
893.427152203357,-1.76626665818027,0.241842189362088,-7.30338516550478,2.8061638403796e-13,1.9187139129459e-12,"ENSG00000163071.11","SPATA18","protein_coding"
3.87481729303135,-2.45534933494267,0.336250601264967,-7.30214109864993,2.83224020369816e-13,1.93552901520979e-12,"ENSG00000235427.1","AC006159.1","lncRNA"
20.5725524047515,-1.83396924545078,0.251221348537887,-7.30021256602797,2.8731345085597e-13,1.96244766022778e-12,"ENSG00000173826.15","KCNH6","protein_coding"
291.709714177452,-1.11794708064144,0.15321103851844,-7.29677894916746,2.94738426922089e-13,2.01140728704016e-12,"ENSG00000183578.8","TNFAIP8L3","protein_coding"
23.6950680171502,-2.92848740607187,0.401785750073349,-7.28867911701014,3.13008554909099e-13,2.13237078031824e-12,"ENSG00000283361.2","CFAP97D2","protein_coding"
5.82727337718876,-1.65180853655618,0.226656222242223,-7.28772640881188,3.15229283558874e-13,2.14712569102564e-12,"ENSG00000230400.3","LINC01747","lncRNA"
2.82911178767371,-2.52965187838141,0.347261562214717,-7.28457207370763,3.22692927097159e-13,2.19643362849869e-12,"ENSG00000287666.1","AP000821.2","lncRNA"
11.6890247907896,-1.78324639737434,0.244843842364404,-7.28319887547064,3.25996096882602e-13,2.21737411213508e-12,"ENSG00000178734.5","LMO7DN","lncRNA"
677.300522798403,-2.69637218211923,0.370488900237107,-7.27787574848693,3.39117441938694e-13,2.30342034724927e-12,"ENSG00000188817.8","SNTN","protein_coding"
722.193338685266,-1.33227107299135,0.183347267593839,-7.26638084371494,3.69246626531547e-13,2.5011233759401e-12,"ENSG00000112799.9","LY86","protein_coding"
7.11089503735941,-1.41981256868761,0.195402244721972,-7.26610162901553,3.70010254025456e-13,2.50586210631189e-12,"ENSG00000233073.2","GRM3-AS1","lncRNA"
8.57452876173105,-1.56479873843334,0.215371590955633,-7.26557635336263,3.71451041951373e-13,2.51474925996526e-12,"ENSG00000227128.5","LBX1-AS1","lncRNA"
549.402215426392,-1.18778132655382,0.163563675862164,-7.26188941580629,3.81720225831924e-13,2.58114638967151e-12,"ENSG00000064763.11","FAR2","protein_coding"
858.024100789308,-2.9211663977951,0.402473355363888,-7.25803673426777,3.92748906642336e-13,2.65297038940467e-12,"ENSG00000124237.6","C20orf85","protein_coding"
84.0360676092617,-2.72510579895161,0.375471430458831,-7.25782463827274,3.93365056319075e-13,2.65667380373175e-12,"ENSG00000118492.17","ADGB","protein_coding"
3.47521206151069,-1.74944516600151,0.241130184381361,-7.25518943424628,4.01100076821998e-13,2.70517874976243e-12,"ENSG00000258851.1","AL139300.2","lncRNA"
3020.17004742753,-1.01742422884697,0.140459050138738,-7.24356478163576,4.3704234030719e-13,2.94200994642365e-12,"ENSG00000110841.14","PPFIBP1","protein_coding"
123.860319673187,-2.8937941298485,0.399861086135518,-7.23699862323627,4.58722802923741e-13,3.08265189785487e-12,"ENSG00000100012.12","SEC14L3","protein_coding"
116.467091398734,-2.23837647039994,0.309432365608209,-7.23381494369624,4.69611588407455e-13,3.15257695418976e-12,"ENSG00000163501.7","IHH","protein_coding"
274.034659204306,-1.3424533514422,0.185611750228673,-7.23258818360528,4.73874733501277e-13,3.18010498999117e-12,"ENSG00000108932.12","SLC16A6","protein_coding"
507.725545580988,-2.10715161018814,0.291388379096252,-7.23141951207361,4.77971346423976e-13,3.20608357362876e-12,"ENSG00000197748.13","CFAP43","protein_coding"
96.7255339635809,-1.3551325100712,0.187408709173625,-7.23089399658439,4.79824781539905e-13,3.21782751095767e-12,"ENSG00000138311.18","ZNF365","protein_coding"
3621.2792237842,-1.19107502550961,0.164727588711905,-7.23057403330724,4.80956711082013e-13,3.22486584327455e-12,"ENSG00000158869.11","FCER1G","protein_coding"
59.3623179073055,-1.59555417063139,0.220690425505813,-7.22982959942393,4.83600440442755e-13,3.2420368057162e-12,"ENSG00000185736.16","ADARB2","protein_coding"
5031.91012500409,-1.07945056257122,0.149354556343293,-7.22743643715892,4.92196380043055e-13,3.29627529479116e-12,"ENSG00000050165.18","DKK3","protein_coding"
9.27883783001324,-1.27487394067889,0.17643445006417,-7.22576537753945,4.98287386391306e-13,3.33649618700859e-12,"ENSG00000276261.1","AC009509.4","lncRNA"
5.71085400838449,-2.15081340651034,0.297715770544344,-7.22438519994353,5.0337388423221e-13,3.36824956632876e-12,"ENSG00000260433.3","LINC01917","lncRNA"
47.6589271070038,-1.31506661617902,0.182047122165362,-7.22377042019088,5.05655968699505e-13,3.38294130811768e-12,"ENSG00000180481.11","GLIPR1L2","protein_coding"
78.9552549721593,-1.49420710135189,0.206916234623079,-7.22131399729825,5.14876114320737e-13,3.44403713324526e-12,"ENSG00000228412.9","LNC-LBCS","lncRNA"
177.935577634715,-1.7166022975502,0.237730425923421,-7.22079342971085,5.1685114992498e-13,3.45606670330048e-12,"ENSG00000172426.16","RSPH9","protein_coding"
10587.7187928199,-1.24730887430298,0.172749338862332,-7.22033949604281,5.18579445977985e-13,3.46703097566454e-12,"ENSG00000107798.18","LIPA","protein_coding"
78.0785054325791,-1.68327291553016,0.233155422414602,-7.21953149576304,5.21669856686232e-13,3.48709654287478e-12,"ENSG00000143768.13","LEFTY2","protein_coding"
12.4878412360508,-1.51006836262974,0.209189002932493,-7.21867947865809,5.24948207894259e-13,3.50781221364587e-12,"ENSG00000229108.2","LINC02587","lncRNA"
10.320048927894,-2.17500279364334,0.301462640542562,-7.21483361828465,5.39999608428941e-13,3.6059257128725e-12,"ENSG00000287652.1","AC000082.1","lncRNA"
2.6575515227942,-1.75640862663128,0.243622800974603,-7.20954122358348,5.61407003607942e-13,3.74312786815171e-12,"ENSG00000272866.1","AL135786.2","lncRNA"
60.8869209222399,-1.28253437619016,0.1779209535925,-7.20845043989369,5.65921611143256e-13,3.7725857863112e-12,"ENSG00000164591.14","MYOZ3","protein_coding"
361.251017766391,-1.52740820766525,0.211900524502657,-7.20813792816307,5.67221611028755e-13,3.7793204258754e-12,"ENSG00000140057.9","AK7","protein_coding"
61.4695060717997,-1.4628373591751,0.202947450462412,-7.20796125224561,5.67957851992582e-13,3.78293765213987e-12,"ENSG00000179071.5","CCDC89","protein_coding"
81.6569020664584,-1.3488811524149,0.187161652732264,-7.20703804825063,5.71820298961884e-13,3.80801567710645e-12,"ENSG00000197580.13","BCO2","protein_coding"
2.18405323578698,-2.57080442744666,0.356710746734004,-7.20697217839554,5.72096864915702e-13,3.80920919193744e-12,"ENSG00000260859.1","AC025280.1","lncRNA"
23.1160200090083,-1.45727442085109,0.202249045065955,-7.20534636084866,5.78964916527726e-13,3.85362751295228e-12,"ENSG00000182048.11","TRPC2","transcribed_unprocessed_pseudogene"
4749.05998413635,-1.26783303995992,0.17609350107701,-7.19977189507671,6.03133730607976e-13,4.0097223942271e-12,"ENSG00000164023.14","SGMS2","protein_coding"
116.091017355521,-1.33957010073768,0.186078246368457,-7.19896133417539,6.06729516336263e-13,4.03294253503555e-12,"ENSG00000148483.9","TMEM236","protein_coding"
1.6144465488528,-2.73518770302458,0.380042726803936,-7.19705314722592,6.15277854555059e-13,4.08698654330233e-12,"ENSG00000235616.1","ST13P2","processed_pseudogene"
93.6957727100971,-1.73360920320674,0.240889370648428,-7.19670277912303,6.16860239013042e-13,4.09680210672426e-12,"ENSG00000102904.15","TSNAXIP1","protein_coding"
1.27032122902569,-2.77555818080314,0.385755393331965,-7.19512475724379,6.24036795284588e-13,4.1423551885125e-12,"ENSG00000282142.2","AC245187.2","lncRNA"
5.78802179038706,-2.3072204589748,0.320771406149161,-7.19272483377749,6.35108600532964e-13,4.21084965222898e-12,"ENSG00000228541.1","AC093159.1","lncRNA"
264.825478447428,-2.86493977740358,0.398312986721469,-7.19268483055252,6.35294775784075e-13,4.21137046776328e-12,"ENSG00000084453.16","SLCO1A2","protein_coding"
725.353849687161,-1.09369024947475,0.152129390403472,-7.18921075391222,6.51669172148752e-13,4.31699109113811e-12,"ENSG00000133874.2","RNF122","protein_coding"
127.038054565798,-1.50410872587041,0.209226155495613,-7.18891346212186,6.53089491568922e-13,4.32566772081644e-12,"ENSG00000263961.8","RHEX","protein_coding"
310.980978090797,-1.47750768821339,0.205598860034786,-7.18636128606649,6.65408264489329e-13,4.40204409090988e-12,"ENSG00000186407.7","CD300E","protein_coding"
15935.346264103,-1.32200156887172,0.183961563327758,-7.1862923154026,6.65744316043433e-13,4.40352279092217e-12,"ENSG00000118523.6","CCN2","protein_coding"
1752.86098688328,-1.13815246785327,0.158420232944032,-7.18438829878106,6.7508748433976e-13,4.46381350958079e-12,"ENSG00000197019.5","SERTAD1","protein_coding"
21.2948922877034,-1.72996099778875,0.240919728351037,-7.18065311475064,6.93791802385933e-13,4.582843858738e-12,"ENSG00000197320.5","AC060834.1","processed_pseudogene"
6073.87645217702,-1.35165937860521,0.188305000322682,-7.17803232144121,7.07218436544032e-13,4.67074508698811e-12,"ENSG00000011600.12","TYROBP","protein_coding"
1591.1065630929,-1.04085121839906,0.145102546086865,-7.17321126657524,7.32586660095119e-13,4.83176278378259e-12,"ENSG00000196843.17","ARID5A","protein_coding"
5.40326244836193,-1.87020246950053,0.260750518693743,-7.17238254738476,7.37036417408858e-13,4.85865432102864e-12,"ENSG00000249173.6","LINC01093","lncRNA"
58.8521342976153,-1.83767988207331,0.25622482039964,-7.17213843376702,7.38352221691696e-13,4.86533850618667e-12,"ENSG00000138650.9","PCDH10","protein_coding"
9511.96060422493,-1.12662548851839,0.157268968425267,-7.16368588030609,7.85362485955627e-13,5.16330971739409e-12,"ENSG00000072274.13","TFRC","protein_coding"
294.058773499394,-1.32888928604698,0.185555183059467,-7.16169316392039,7.96866272168931e-13,5.23366466872146e-12,"ENSG00000157368.11","IL34","protein_coding"
2468.80019499705,-1.04656356218177,0.146136598710492,-7.16154318231461,7.97738765525756e-13,5.23851579691028e-12,"ENSG00000168734.14","PKIG","protein_coding"
25.4717095510726,-1.10892797391479,0.154884271957967,-7.15971970488864,8.08421840859612e-13,5.30421781600897e-12,"ENSG00000224080.1","UBE2FP1","processed_pseudogene"
152.329265174552,-2.2298210882542,0.311459342054916,-7.15926860161747,8.11086278293551e-13,5.32080757014333e-12,"ENSG00000203734.12","ECT2L","protein_coding"
2141.76799872061,-1.0260848988445,0.143398656205345,-7.1554708112129,8.3386231169279e-13,5.46197959806672e-12,"ENSG00000142347.19","MYO1F","protein_coding"
11.8061335396694,-1.26731028936495,0.177193227947732,-7.15213726869281,8.54370668116157e-13,5.59163382071473e-12,"ENSG00000273487.1","AC104836.1","lncRNA"
34.3438628151748,-1.91547238475026,0.267948156983989,-7.14866788527571,8.7624039367506e-13,5.72614609968249e-12,"ENSG00000260372.7","AQP4-AS1","lncRNA"
22.5809957888321,-1.15864907756208,0.162088107785621,-7.14826703446077,8.78802348659498e-13,5.74097073545824e-12,"ENSG00000279145.2","AC011912.1","lncRNA"
40.5258398038913,-1.12289001282593,0.157112647698671,-7.14703767821125,8.86705459600373e-13,5.79163267227878e-12,"ENSG00000196381.11","ZNF781","protein_coding"
414.92451260815,-2.17683290224935,0.304583727756477,-7.14691135433796,8.87521493959172e-13,5.79599525702876e-12,"ENSG00000154099.18","DNAAF1","protein_coding"
34.9526395968497,-2.31102146044774,0.323520433703592,-7.14335547214644,9.10796814021283e-13,5.94006502157781e-12,"ENSG00000163060.8","TEKT4","protein_coding"
1446.87767119846,-2.44695415644938,0.342697178284426,-7.14028101631609,9.31403044091796e-13,6.06737681344366e-12,"ENSG00000116690.13","PRG4","protein_coding"
32.497172878515,-1.96392629272899,0.275093258224388,-7.13912912808303,9.39240707888519e-13,6.11741480365939e-12,"ENSG00000205846.4","CLEC6A","protein_coding"
1887.53383234985,-1.06109536926568,0.148712480463634,-7.13521397772099,9.66367083001488e-13,6.28781348934673e-12,"ENSG00000090776.6","EFNB1","protein_coding"
67.772590127147,-1.48328377126156,0.20791334854932,-7.1341440153358,9.73913202412321e-13,6.33585993742253e-12,"ENSG00000173868.12","PHOSPHO1","protein_coding"
51.7625269735541,-1.42786083358635,0.200205869264709,-7.1319629081326,9.89475426514959e-13,6.43175463703602e-12,"ENSG00000133878.9","DUSP26","protein_coding"
5.45144280488189,-1.94769488502927,0.273116923228816,-7.1313592069046,9.93825792350655e-13,6.45681505569874e-12,"ENSG00000230631.1","AL353152.1","lncRNA"
6103.66203846253,-1.09816902594916,0.154034039674073,-7.12939184269152,1.00813359349483e-12,6.54542486262589e-12,"ENSG00000065534.19","MYLK","protein_coding"
3068.32130932342,-1.02719283362895,0.144205629049033,-7.12311190903431,1.05517076088491e-12,6.83381116256e-12,"ENSG00000107099.16","DOCK8","protein_coding"
1.03831202313351,-2.78553474588706,0.391065877314368,-7.12292968391061,1.05656731071196e-12,6.84172355377619e-12,"ENSG00000105507.3","CABP5","protein_coding"
6.08879667583048,-2.23286747645755,0.313531847974792,-7.12166081653394,1.06634216262977e-12,6.90045231782134e-12,"ENSG00000101204.18","CHRNA4","protein_coding"
7.12037220392944,-1.38352269628766,0.194300786137484,-7.12052032207786,1.07520377659421e-12,6.95434693915832e-12,"ENSG00000232046.7","LINC01798","lncRNA"
126.563186607628,-2.56594753539432,0.360635222907206,-7.11507743117635,1.11850024093756e-12,7.22602491796727e-12,"ENSG00000112539.15","C6orf118","protein_coding"
4.20367429714665,-1.9380683171036,0.272469948780675,-7.11296172578522,1.13578785006506e-12,7.32924049487071e-12,"ENSG00000261003.1","AL008628.1","lncRNA"
1.22328341918836,-2.7639071902362,0.388588595192477,-7.11268221566609,1.13809127000387e-12,7.34289356743963e-12,"ENSG00000252410.1","RNU5B-3P","snRNA"
4.96263138679527,-2.31760294336256,0.325868312466081,-7.11208440557961,1.14303317145579e-12,7.36991778418795e-12,"ENSG00000134160.14","TRPM1","protein_coding"
11.4700509452474,-1.82045361286975,0.256012849526308,-7.11079001010328,1.15380578807355e-12,7.43570064115716e-12,"ENSG00000279581.1","AC073862.2","TEC"
7667.67827352008,-1.18743220333744,0.166998401858146,-7.11044051994033,1.156731463673e-12,7.44964761438249e-12,"ENSG00000152661.9","GJA1","protein_coding"
285.594553191814,-2.30186774705559,0.323759691420755,-7.10980337593696,1.16208391131878e-12,7.47919498911431e-12,"ENSG00000174844.14","DNAH12","protein_coding"
13.0585353084734,-1.51626116559942,0.213359568971299,-7.10660024722581,1.18936278359147e-12,7.64470352902723e-12,"ENSG00000181778.5","TMEM252","protein_coding"
3.42923864889815,-2.32289895900242,0.326976592373471,-7.10417507914212,1.21043332247186e-12,7.77630378290042e-12,"ENSG00000229436.1","AC073850.1","processed_pseudogene"
276.043225399293,-2.0959587806574,0.295188665840985,-7.10040398971981,1.24392726745717e-12,7.98623755584355e-12,"ENSG00000151023.17","ENKUR","protein_coding"
142.021135087921,-1.02940010143184,0.145071967660826,-7.09578920056109,1.28615394229206e-12,8.24651645351970e-12,"ENSG00000167083.7","GNGT2","protein_coding"
283.166928423039,-2.616123961321,0.369309160815179,-7.08383175642437,1.40222133080316e-12,8.95257348599417e-12,"ENSG00000136918.8","WDR38","protein_coding"
105.80967697911,-2.89174232485274,0.408269381322673,-7.0829272464282,1.41140784845304e-12,9.00681678372734e-12,"ENSG00000157330.10","C1orf158","protein_coding"
3.23647414754839,-2.32256034998425,0.327976790558036,-7.08147776564474,1.42625255455566e-12,9.10006338045289e-12,"ENSG00000232057.1","AC093390.1","lncRNA"
102.112030379676,-1.9318929526815,0.272921673996635,-7.07856186132482,1.4565810249766e-12,9.28751378334027e-12,"ENSG00000261786.1","AC006058.1","lncRNA"
1523.4718886651,-1.20692134809269,0.170515496767635,-7.07807425701247,1.4617140026757e-12,9.31872444423313e-12,"ENSG00000110079.18","MS4A4A","protein_coding"
7166.18355514273,-1.78976613213111,0.252974505143862,-7.0748873729916,1.49570187661436e-12,9.53385081182547e-12,"ENSG00000198848.13","CES1","protein_coding"
35.7017907969203,-1.7307465858079,0.244893952923535,-7.0673308391094,1.57942096027867e-12,1.00429511856784e-11,"ENSG00000244476.3","ERVFRD-1","protein_coding"
231.341144688169,-1.41055350691521,0.199619935897004,-7.06619557098243,1.59238954861267e-12,1.01237685502457e-11,"ENSG00000106852.15","LHX6","protein_coding"
1.75779024370479,-2.33094745341707,0.32987463050432,-7.06616161980527,1.59277898998021e-12,1.01245995219161e-11,"ENSG00000286758.1","AL445438.1","lncRNA"
5.76709173542899,-2.15729676436129,0.30532508322905,-7.06557332776659,1.59954192587891e-12,1.01626359963578e-11,"ENSG00000198670.12","LPA","protein_coding"
11131.3587927463,-1.38220005299306,0.195664754211112,-7.06412383040506,1.61632562578311e-12,1.02626055593897e-11,"ENSG00000196154.12","S100A4","protein_coding"
1977.3023646293,-1.14918385696456,0.162722575086865,-7.06222757568273,1.63854339366808e-12,1.0396925820922e-11,"ENSG00000104894.12","CD37","protein_coding"
5.36156459110466,-1.6636962962109,0.235731276252987,-7.05759677992588,1.69406777057984e-12,1.07335760897927e-11,"ENSG00000212391.1","AC073149.1","snoRNA"
159.589012944478,-2.59408248590746,0.367673274909612,-7.05540125685008,1.72103360537073e-12,1.0900900940719e-11,"ENSG00000287189.1","AL121956.7","lncRNA"
71.8627971694234,-2.70007978936132,0.382802085388107,-7.05346154690829,1.74520753232078e-12,1.10415062162076e-11,"ENSG00000080572.13","DNAAF6","protein_coding"
85.813259301099,-1.87592066040303,0.265987709892218,-7.05265916670802,1.75530442937461e-12,1.11035915981018e-11,"ENSG00000167094.16","TTC16","protein_coding"
21408.4874036758,-1.60009380511151,0.226946881208695,-7.05052123470294,1.78248808434675e-12,1.12682619109164e-11,"ENSG00000120738.8","EGR1","protein_coding"
2133.38942896812,-1.12859466385273,0.160094963087355,-7.04953261544474,1.79519753581133e-12,1.1344941016446e-11,"ENSG00000169403.12","PTAFR","protein_coding"
395.046489862244,-2.30232826823601,0.326688603597391,-7.0474704133646,1.82199550137622e-12,1.15068602266547e-11,"ENSG00000168658.19","VWA3B","protein_coding"
1.82051987404981,-2.44279283996729,0.346673195889573,-7.0463850938894,1.83625625353843e-12,1.15894424930987e-11,"ENSG00000151303.11","AL136982.1","lncRNA"
6.22115270009398,-1.5465835190564,0.219532745490328,-7.04488761165036,1.856112600275e-12,1.17072118248486e-11,"ENSG00000277135.1","AC012409.3","lncRNA"
159.740940992764,-1.32120487441742,0.18773640707558,-7.03755278476974,1.95645431690748e-12,1.2314301733136e-11,"ENSG00000168995.13","SIGLEC7","protein_coding"
3.61913315246921,-2.02602549102087,0.287940449823827,-7.03626563152372,1.97460340841043e-12,1.24225411534579e-11,"ENSG00000267262.1","AC011444.2","lncRNA"
139.045658749409,-2.71463657776993,0.385882593642755,-7.03487698717786,1.99436874677673e-12,1.25428549389457e-11,"ENSG00000185681.13","MORN5","protein_coding"
10958.7401955256,-1.11794044353546,0.15891758837759,-7.03471815139316,1.99664187506373e-12,1.25551330890437e-11,"ENSG00000162511.8","LAPTM5","protein_coding"
446.039957481004,-2.71566528558628,0.386197913217287,-7.03179689129591,2.03890463756646e-12,1.28105936693341e-11,"ENSG00000178965.14","ERICH3","protein_coding"
565.748991348398,-1.59808055229124,0.227280763114992,-7.03130581923773,2.04609476298619e-12,1.28516427239828e-11,"ENSG00000127533.4","F2RL3","protein_coding"
697.284100281525,-1.10054578604461,0.156528572630321,-7.03095778330392,2.05120565145546e-12,1.28796098117945e-11,"ENSG00000145506.14","NKD2","protein_coding"
320.686668368897,-2.45198055339796,0.348792384843721,-7.02991424109386,2.06660519081105e-12,1.29742223201712e-11,"ENSG00000157856.12","DRC1","protein_coding"
6913.03874971758,-1.34740022380723,0.19196701130357,-7.01891546186808,2.23597011580343e-12,1.39993194562406e-11,"ENSG00000165092.13","ALDH1A1","protein_coding"
651.734120415867,-1.72457575555107,0.245738983095636,-7.01791687190266,2.25200454111638e-12,1.40974547589866e-11,"ENSG00000120262.10","CCDC170","protein_coding"
168.366990427058,-2.66548066689187,0.379961521691014,-7.0151331509285,2.29730069977003e-12,1.43672165067446e-11,"ENSG00000133115.12","STOML3","protein_coding"
327.218286881636,-1.21954857913476,0.173888384963129,-7.01339873501817,2.32597333383458e-12,1.45349189598021e-11,"ENSG00000139174.12","PRICKLE1","protein_coding"
90.1777341827555,-1.6534449996161,0.235778507653929,-7.01270449146704,2.33754838272885e-12,1.46025871271652e-11,"ENSG00000135298.14","ADGRB3","protein_coding"
26.0661055973309,-1.26181350539573,0.179936971618674,-7.01253052135268,2.34045780906776e-12,1.46184284958708e-11,"ENSG00000232352.1","SEMA3B-AS1","lncRNA"
1.45324511812178,-2.20454385484596,0.314416495413945,-7.0115400654904,2.35708970476294e-12,1.47199612571144e-11,"ENSG00000274560.1","AC010205.1","lncRNA"
1.38950523925998,-2.35095946164671,0.335364108835855,-7.01017013957624,2.38028490927708e-12,1.48600715993812e-11,"ENSG00000170683.6","OR10A3","protein_coding"
181.829413686964,-1.71858602045141,0.245180384463538,-7.00947599952469,2.3921232024464e-12,1.49292142001484e-11,"ENSG00000112232.10","KHDRBS2","protein_coding"
8143.63890500236,-1.13423594709223,0.16183214776822,-7.00871837106624,2.4051101791592e-12,1.50054793400317e-11,"ENSG00000136048.14","DRAM1","protein_coding"
953.574166872206,-1.23548862212159,0.176379547363867,-7.0047159128536,2.47487487119293e-12,1.54210714306769e-11,"ENSG00000162878.13","PKDCC","protein_coding"
23.6293560408444,-1.30412669208062,0.186232040184754,-7.00269776772486,2.51080089758626e-12,1.56299952153115e-11,"ENSG00000229671.3","LINC01150","lncRNA"
1.36492314362611,-2.69458636621392,0.384929947726419,-7.00019934050193,2.55598578799332e-12,1.58935769696435e-11,"ENSG00000234763.3","AL359378.1","lncRNA"
8.79780263044089,-1.4120819294047,0.201844886090917,-6.9958766692194,2.63605350325501e-12,1.63680434204811e-11,"ENSG00000255410.2","AC091564.5","lncRNA"
6.06385541672799,-3.12819996028609,0.447372656715941,-6.99238076651685,2.70260177194041e-12,1.67679578147772e-11,"ENSG00000235984.5","GPC5-AS1","lncRNA"
751.642803535251,-2.14680919264584,0.307091050096466,-6.99079049021934,2.73341696293744e-12,1.69564583349247e-11,"ENSG00000168079.17","SCARA5","protein_coding"
365.383219772743,-1.25683646621842,0.179860064845096,-6.98785729506361,2.79116070635988e-12,1.73036929024982e-11,"ENSG00000173641.18","HSPB7","protein_coding"
8.27276581514813,-1.21809179604468,0.174512864213671,-6.97995418007279,2.95276349482844e-12,1.82650313493727e-11,"ENSG00000237371.1","AL355803.1","lncRNA"
441.529942782934,-1.4295202694788,0.204898650661168,-6.97671880642462,3.021536058594e-12,1.86786299382056e-11,"ENSG00000135205.15","CCDC146","protein_coding"
4.91947289173474,-2.42863881621891,0.348147978394805,-6.97588085220703,3.03960256394333e-12,1.8784379016056e-11,"ENSG00000237606.2","AC091286.1","processed_pseudogene"
61.1604307755931,-1.03193065049665,0.147976836663776,-6.97359582595576,3.08940830166155e-12,1.90801193580048e-11,"ENSG00000249249.2","AC010226.1","lncRNA"
213.339235002714,-1.25959671138767,0.180635498048952,-6.97314052327808,3.09942752388032e-12,1.91389771874643e-11,"ENSG00000250305.9","TRMT9B","protein_coding"
59.6002581061021,-2.19971161613058,0.315739054525159,-6.9668657855416,3.24079567974216e-12,1.99772488569613e-11,"ENSG00000271736.2","LINC02772","lncRNA"
2149.83694961299,-1.32269127737544,0.189915563716906,-6.96462812993613,3.29272341529449e-12,2.02909543250218e-11,"ENSG00000088827.12","SIGLEC1","protein_coding"
199.577092697275,-1.22659116815046,0.176126636649984,-6.96425703392075,3.30141369694017e-12,2.03413036332807e-11,"ENSG00000102003.11","SYP","protein_coding"
64.9092960355601,-1.85785333605019,0.266815422502132,-6.96306577268914,3.32946275654987e-12,2.05076667915242e-11,"ENSG00000164185.6","ZNF474","protein_coding"
4.00453274175533,-1.8883819868676,0.27122058769848,-6.96253187448639,3.34210945904134e-12,2.05722561526508e-11,"ENSG00000226212.2","TRGV6","TR_V_pseudogene"
41.342859541103,-1.20654325583703,0.173298105019683,-6.96224148382918,3.34900784611161e-12,2.06040070349394e-11,"ENSG00000254703.2","SENCR","lncRNA"
21.2161633388127,-1.91150151462253,0.274735836162217,-6.95759803789811,3.46123080453859e-12,2.12690676212939e-11,"ENSG00000280435.1","AC006058.4","TEC"
16.9290233267207,-1.16530163492384,0.167502306950881,-6.95692886943675,3.47770431766482e-12,2.13669410668146e-11,"ENSG00000272343.1","AC107952.2","lncRNA"
25.0486384400785,-1.60980958282498,0.231426596076347,-6.95602670616956,3.50003541027564e-12,2.14940184619423e-11,"ENSG00000188316.15","ENO4","protein_coding"
16.946092796174,-1.54905108682013,0.222755263794161,-6.95404930251858,3.54947469557837e-12,2.17839545659782e-11,"ENSG00000227165.9","WDR11-AS1","lncRNA"
22.2673378901868,-2.19401073009635,0.315695649413582,-6.94976549145296,3.65893924783483e-12,2.24381682662631e-11,"ENSG00000105695.15","MAG","protein_coding"
1.22220506169891,-2.42783156863869,0.349420610476848,-6.94816360524777,3.70071693868305e-12,2.26801494953181e-11,"ENSG00000236403.2","AL353611.1","lncRNA"
1.02775344681881,-3.06000136627723,0.440431429582948,-6.94773615310515,3.71194384691349e-12,2.27418310119887e-11,"ENSG00000166118.8","SPATA19","protein_coding"
318.028282601656,-1.52487040376886,0.219483326867771,-6.94754551760338,3.71696159479795e-12,2.27690081662552e-11,"ENSG00000092529.25","CAPN3","protein_coding"
9.91327947534229,-2.22297240651914,0.320026952862259,-6.94620370764808,3.75246821921308e-12,2.29793167270778e-11,"ENSG00000175967.4","LINC02880","lncRNA"
121.040868080997,-1.86238538999678,0.268283185966732,-6.94186399824445,3.86959666144265e-12,2.36521691594677e-11,"ENSG00000115008.6","IL1A","protein_coding"
24.562745553872,-2.36991877874391,0.341605301888624,-6.93759366626164,3.98834886932535e-12,2.43589947878212e-11,"ENSG00000258584.2","FAM181A-AS1","lncRNA"
10763.4656891062,-1.56149321559237,0.225164162278623,-6.93491006646138,4.06479665942985e-12,2.48065436806222e-11,"ENSG00000165507.9","DEPP1","protein_coding"
542.600970770808,-1.89473102814186,0.273254646527046,-6.9339389182329,4.09281428864152e-12,2.49658481572613e-11,"ENSG00000168631.13","MUCL3","protein_coding"
34.1921727076347,-2.01425857317069,0.29097828418862,-6.92236734705945,4.44157651202909e-12,2.7013262432734e-11,"ENSG00000177994.16","C2orf73","protein_coding"
5.3614317901062,-1.77329744698171,0.256215895382325,-6.92110629723266,4.48130057498874e-12,2.72463910503239e-11,"ENSG00000225936.1","AL731557.1","lncRNA"
3.24196519968459,-2.6677839072041,0.385714352471242,-6.91647559939581,4.6301812466715e-12,2.81341028514755e-11,"ENSG00000133124.11","IRS4","protein_coding"
2838.00616342815,-1.29084519954993,0.186678374759149,-6.9148084303571,4.68496041320061e-12,2.84404570165921e-11,"ENSG00000136542.9","GALNT5","protein_coding"
218.229183040695,-2.38921446750454,0.345606665112194,-6.91310298292116,4.74165457169775e-12,2.87578557106486e-11,"ENSG00000122735.16","DNAI1","protein_coding"
837.628325243511,-1.05447890449625,0.152560103645679,-6.9118916367891,4.78233126739883e-12,2.90000627343226e-11,"ENSG00000198759.12","EGFL6","protein_coding"
9.66294506829697,-1.31783107704296,0.190775057073078,-6.9077745134059,4.92315668178132e-12,2.98170630111105e-11,"ENSG00000278934.1","AC117489.1","TEC"
266.969280228903,-1.21295706688184,0.175773010246317,-6.90070145116181,5.17463820041817e-12,3.13014016726795e-11,"ENSG00000224383.8","PRR29","protein_coding"
122.987160652762,-1.11727986267809,0.16191427808476,-6.9004406275598,5.18414853070332e-12,3.13540828678441e-11,"ENSG00000188511.12","C22orf34","lncRNA"
458.726219760595,-1.13356372215588,0.164382124585929,-6.89590626116605,5.35224811985267e-12,3.23407691751011e-11,"ENSG00000153707.17","PTPRD","protein_coding"
1.64928093894712,-2.40549207542969,0.348851249368665,-6.89546641952135,5.36883553975848e-12,3.24359894250871e-11,"ENSG00000254361.2","AC046195.2","lncRNA"
154.019963235605,-1.48460541245459,0.215349551632862,-6.89393314821296,5.42705358311082e-12,3.27775943449158e-11,"ENSG00000105492.16","SIGLEC6","protein_coding"
215.873752323287,-1.71295100612344,0.248484428174558,-6.89359497779115,5.4399769001577e-12,3.28505765555665e-11,"ENSG00000169994.18","MYO7B","protein_coding"
119.820051217688,-1.00049394924111,0.145157842944529,-6.89245533652248,5.48375124484798e-12,3.31098086656606e-11,"ENSG00000164604.13","GPR85","protein_coding"
609.130392340646,-1.48562791408619,0.215588591949524,-6.89103213046642,5.53890252490594e-12,3.34118690769376e-11,"ENSG00000128594.8","LRRC4","protein_coding"
7.48439408029166,-1.22002708544796,0.177052588122765,-6.89076109185149,5.54946711524451e-12,3.34704373746352e-11,"ENSG00000226440.7","LAMA4-AS1","lncRNA"
65.3949928159461,-1.87598421672677,0.272266549156559,-6.89024862781818,5.56949602887002e-12,3.35808858406337e-11,"ENSG00000158428.4","CATIP","protein_coding"
17.1333477726611,-1.82097326567359,0.264287667687678,-6.89011818676886,5.57460543009138e-12,3.36065144176407e-11,"ENSG00000286406.1","AC138776.1","transcribed_unprocessed_pseudogene"
298.778610199851,-1.58364566343949,0.230069803811867,-6.88332687384942,5.84706484345445e-12,3.51839911408913e-11,"ENSG00000204815.10","TTC25","protein_coding"
3.48875572005958,-2.22248678662651,0.322935466643902,-6.88213905311686,5.89604162193129e-12,3.54732479563028e-11,"ENSG00000256422.6","LINC02552","lncRNA"
2.02796527416244,-2.94717913121273,0.428371474940971,-6.87996121034634,5.98688603505258e-12,3.59976701655874e-11,"ENSG00000274331.1","AL355974.1","lncRNA"
5683.75542142957,-1.40398480075082,0.204368936848325,-6.86985420779876,6.42675512996797e-12,3.85595453834371e-11,"ENSG00000099860.9","GADD45B","protein_coding"
321.904894439693,-1.31156108618233,0.191015435641699,-6.86625707381322,6.59082591094296e-12,3.95197071285794e-11,"ENSG00000130224.15","LRCH2","protein_coding"
88.1759615934049,-2.55462027335296,0.372072474210799,-6.86592115896655,6.60635542769255e-12,3.96067556673873e-11,"ENSG00000173627.8","APOBEC4","protein_coding"
37.0098175788156,-2.27669310157766,0.331614112749642,-6.86548917565668,6.62637895752733e-12,3.97085505339972e-11,"ENSG00000178125.14","PPP1R42","protein_coding"
3285.14398361369,-1.6469428633163,0.239927979205744,-6.86432182177471,6.68078679296721e-12,4.00284593470525e-11,"ENSG00000124920.14","MYRF","protein_coding"
133.874501090796,-1.36129685260682,0.198325698974693,-6.86394582066001,6.69840442650771e-12,4.0115589778646e-11,"ENSG00000124780.14","KCNK17","protein_coding"
4251.90011184784,-1.01357320176421,0.147768599385763,-6.8591920474132,6.92510899397886e-12,4.14099083195884e-11,"ENSG00000143119.14","CD53","protein_coding"
340.504776104882,-1.87671476951782,0.273630032260477,-6.85858476138071,6.95460633201258e-12,4.15735869810547e-11,"ENSG00000104237.11","RP1","protein_coding"
6.83698434541092,-1.47601542861064,0.215475453260715,-6.85003979002996,7.38294502808411e-12,4.40332299792653e-11,"ENSG00000267405.1","AC005180.1","lncRNA"
1610.21954328423,-1.04803973666114,0.153045417301434,-6.84790015369718,7.49418386339664e-12,4.46694453554568e-11,"ENSG00000140968.11","IRF8","protein_coding"
15.2735786086132,-1.21093869248124,0.176875571016694,-6.8462743923351,7.5798030149057e-12,4.51522715445692e-11,"ENSG00000286872.1","AC024270.4","lncRNA"
181.433606154324,-1.35014488830964,0.197338947059715,-6.8417558136716,7.82283544345924e-12,4.65645533522974e-11,"ENSG00000147570.10","DNAJC5B","protein_coding"
4.44340738447826,-2.2569374782089,0.330334495655685,-6.83227912279969,8.35760300805627e-12,4.96118572979748e-11,"ENSG00000143105.7","KCNA10","protein_coding"
298.216529175429,-1.40587186434789,0.205910413485996,-6.82758992392341,8.63529999412335e-12,5.12136896135254e-11,"ENSG00000254415.3","SIGLEC14","protein_coding"
8273.00471644916,-1.31865361757626,0.193146202277537,-6.82723036760231,8.65696245633773e-12,5.13343836761557e-11,"ENSG00000165168.8","CYBB","protein_coding"
10.8876331476763,-1.40427346804865,0.205748105421031,-6.82520728526285,8.77984488885587e-12,5.20393987194515e-11,"ENSG00000267532.5","MIR497HG","lncRNA"
237.139983824167,-1.73392111378571,0.254133562669238,-6.82287335672563,8.92373211911476e-12,5.28522115261207e-11,"ENSG00000197168.13","NEK5","protein_coding"
6.76341501498035,-1.17684034110729,0.172552156919832,-6.82020069823904,9.09134101614686e-12,5.37879143185429e-11,"ENSG00000277491.1","AC087392.5","lncRNA"
1.20907241392203,-2.516190331415,0.369048238814798,-6.818052673807,9.22828098984681e-12,5.45486198510114e-11,"ENSG00000287358.1","AL096706.1","lncRNA"
4.12750063738553,-1.67938159907523,0.246321161231192,-6.81785353187335,9.24107849328629e-12,5.46160160883229e-11,"ENSG00000179136.7","LINC00670","lncRNA"
1306.32184822778,-1.84769512695188,0.271045773292412,-6.81691178765787,9.30183393806744e-12,5.49584876688083e-11,"ENSG00000144331.20","ZNF385B","protein_coding"
2.4785892993416,-3.55282163080406,0.521395566462323,-6.81406183583418,9.48808899246811e-12,5.60251109648815e-11,"ENSG00000265535.2","RN7SL475P","misc_RNA"
8180.52565952056,-1.15679007340097,0.169769883073092,-6.81387094378179,9.50069424595027e-12,5.60826167654669e-11,"ENSG00000151914.20","DST","protein_coding"
68.4882259590036,-2.6392130385802,0.387410930072058,-6.81243825023034,9.59582498455503e-12,5.66270890469949e-11,"ENSG00000186471.13","AKAP14","protein_coding"
9.17272471444729,-1.9749391534851,0.289990347556795,-6.81036169005007,9.73536702319228e-12,5.73899739356037e-11,"ENSG00000237887.1","RPL23AP32","processed_pseudogene"
14.3204211431599,-1.94671627370771,0.285949151655615,-6.8079106457789,9.90263339944234e-12,5.83145143045264e-11,"ENSG00000148795.7","CYP17A1","protein_coding"
587.816585677397,-1.44490466987846,0.21225932788175,-6.80726111920704,9.94742883521396e-12,5.85606796676332e-11,"ENSG00000163884.4","KLF15","protein_coding"
10.0766790046904,-1.5189296330175,0.223164810053642,-6.80631338181139,1.00131471269063e-11,5.89386973861268e-11,"ENSG00000248491.6","AC093772.1","lncRNA"
14.1813554657397,-2.05598647655714,0.302115131030088,-6.80530786242673,1.00833371913641e-11,5.93429188803229e-11,"ENSG00000258334.1","AC125611.4","lncRNA"
1818.49896643908,-1.15798847914873,0.170223797773467,-6.80274141627234,1.02646799020679e-11,6.03285054442502e-11,"ENSG00000147883.12","CDKN2B","protein_coding"
2.78696038486468,-2.06662723050565,0.303849283540737,-6.8014879167177,1.03544085454446e-11,6.08375917104795e-11,"ENSG00000253140.2","AC026904.1","lncRNA"
1294.45377051884,-1.02803458821578,0.151177941263892,-6.80016264027083,1.04501108057994e-11,6.13538313490975e-11,"ENSG00000107968.10","MAP3K8","protein_coding"
1.6293772800521,-2.18977720563951,0.322048118074948,-6.79953423956943,1.04957918693744e-11,6.15943058848967e-11,"ENSG00000286262.1","BX322557.2","lncRNA"
1.80778122228509,-1.99241299254397,0.293560803042795,-6.78705389783772,1.1444646258544e-11,6.68917778555765e-11,"ENSG00000254185.1","MAPK6P5","processed_pseudogene"
17.6373307399015,-1.73526087948967,0.255763685552035,-6.78462572098271,1.16387845176196e-11,6.79554277766297e-11,"ENSG00000180720.7","CHRM4","protein_coding"
6.72237088939419,-1.55166652134515,0.228715015539068,-6.7842791942976,1.16667518453918e-11,6.8108558326425e-11,"ENSG00000223254.1","Y_RNA","misc_RNA"
2.2830609489765,-2.21791640054649,0.327012545312824,-6.7823587575969,1.18229430807578e-11,6.89792136116196e-11,"ENSG00000170688.4","OR5E1P","unprocessed_pseudogene"
112.638108314737,-1.20675068042653,0.178040316891155,-6.7779630001685,1.21882051348941e-11,7.10467235414182e-11,"ENSG00000064201.16","TSPAN32","protein_coding"
632.32125691316,-1.06787228162504,0.15759069483842,-6.77623943926352,1.23344200115523e-11,7.18348250442109e-11,"ENSG00000175489.10","LRRC25","protein_coding"
9.65860368926595,-1.40277475765229,0.207020647979574,-6.77601375197463,1.23536925098941e-11,7.19363603578372e-11,"ENSG00000252061.1","RNU6-415P","snRNA"
2.69764316499474,-1.95790977979698,0.288977630888668,-6.77529874466749,1.24149453002771e-11,7.22715299829132e-11,"ENSG00000288541.1","AL353732.2","lncRNA"
6058.26171466333,-1.32486230446339,0.195559464035014,-6.77472865351165,1.24639965689951e-11,7.25247062812414e-11,"ENSG00000177575.13","CD163","protein_coding"
52.3894761865702,-1.25535681946677,0.18532686470468,-6.77374444049004,1.25491264632534e-11,7.29983451216841e-11,"ENSG00000188305.6","PEAK3","protein_coding"
6.94615465241677,-2.4278092720969,0.358453236819845,-6.77301534123708,1.26125571509602e-11,7.33455155111045e-11,"ENSG00000249481.7","SPATS1","protein_coding"
25.7070678001296,-1.13803946420448,0.168110034989611,-6.76961053678215,1.29129525121022e-11,7.50366416321755e-11,"ENSG00000256694.1","AC026369.2","lncRNA"
16.3300856230445,-2.01344693603129,0.297636051672029,-6.76479520783978,1.33497894749601e-11,7.75175266277882e-11,"ENSG00000166960.16","CCDC178","protein_coding"
20.8548543429414,-2.91720353445946,0.431245042775334,-6.7646076942367,1.33670899348013e-11,7.7594955679975e-11,"ENSG00000286028.1","AP002008.4","lncRNA"
1.79298191383135,-2.01844469896026,0.298883039100348,-6.75329287682524,1.44526776253071e-11,8.35990728981363e-11,"ENSG00000227479.1","AC124861.1","lncRNA"
29.7111046812373,-1.08323374556816,0.160629431267727,-6.74368163429964,1.54422714585445e-11,8.91124501466310e-11,"ENSG00000281100.1","AC105749.1","TEC"
3.56896575639345,-2.53694268135334,0.376343658944731,-6.74102677448301,1.57271219823451e-11,9.06759997482168e-11,"ENSG00000235711.4","ANKRD34C","protein_coding"
108.488508854237,-2.32590319653353,0.345052312876287,-6.74072628913939,1.57596846159464e-11,9.08503563209483e-11,"ENSG00000258752.2","AL357093.2","lncRNA"
11.6557958325492,-1.27869849988971,0.189733944759029,-6.73942926508865,1.59009981553319e-11,9.16168479933912e-11,"ENSG00000223935.3","LGALSL-DT","lncRNA"
126.439951778268,-2.09110206982131,0.310359777076786,-6.73767100078807,1.60945477274097e-11,9.26579001208282e-11,"ENSG00000250978.5","AC079467.1","lncRNA"
31.0459593184876,-2.302563285296,0.341784949326664,-6.73687735469972,1.61826661486358e-11,9.31378010093053e-11,"ENSG00000198842.10","STYXL2","protein_coding"
417.305374815677,-1.08846001952804,0.161573156273278,-6.73663896054035,1.62092271702405e-11,9.32632360533275e-11,"ENSG00000141497.14","ZMYND15","protein_coding"
30.8546932541109,-1.39094423789312,0.206474311651791,-6.73664547790759,1.62085004612818e-11,9.32632360533275e-11,"ENSG00000224511.2","LINC00365","lncRNA"
5.92624612401475,-1.27571668739901,0.189505360484888,-6.73182375493142,1.67549522681378e-11,9.63323592718922e-11,"ENSG00000273682.1","AC109583.3","processed_pseudogene"
635.064667590602,-1.9521680653275,0.29002998100964,-6.7309181572598,1.68595784328016e-11,9.69054294438833e-11,"ENSG00000225329.3","LHFPL3-AS2","lncRNA"
2.73823380990114,-2.09451091647883,0.311292308457742,-6.72843774025711,1.71494346977604e-11,9.84702170444697e-11,"ENSG00000257987.6","TEX49","protein_coding"
1020.92458303464,-1.10753343822939,0.164621982256756,-6.7277372258949,1.72321752361341e-11,9.8930787729631e-11,"ENSG00000100336.17","APOL4","protein_coding"
4.41740178289447,-1.8207926944486,0.270731261289011,-6.72546157314602,1.75036682761381e-11,1.00445232924705e-10,"ENSG00000108878.5","CACNG1","protein_coding"
1870.03519455905,-1.56261587798086,0.23234706251471,-6.7253524149113,1.75167959618441e-11,1.00491092623211e-10,"ENSG00000271447.6","MMP28","protein_coding"
160.696159320425,-2.16668542958201,0.322323308280412,-6.72208733876935,1.79139515018689e-11,1.02679190891993e-10,"ENSG00000133665.13","DYDC2","protein_coding"
2460.46376392248,-1.06872204239719,0.158989447120253,-6.72196841837465,1.79285818707304e-11,1.02717911739905e-10,"ENSG00000167613.16","LAIR1","protein_coding"
8252.52033062233,-1.64670167130811,0.24502065036134,-6.72066484551266,1.80897250219165e-11,1.03595643177611e-10,"ENSG00000112936.19","C7","protein_coding"
29.039060718105,-1.21326545210941,0.180529338455908,-6.72059988967245,1.80977916248163e-11,1.03626673115407e-10,"ENSG00000230587.2","LINC02580","lncRNA"
2.10051488510884,-1.95903499916744,0.291579338001691,-6.71870308984678,1.83349069138143e-11,1.04922966136951e-10,"ENSG00000287597.1","AC108105.1","lncRNA"
180.379740869899,-1.41091118148082,0.210005556324233,-6.71844691243541,1.8367163421114e-11,1.05092187722125e-10,"ENSG00000286214.1","AUXG01000058.1","lncRNA"
21.8893396396325,-2.23777799359884,0.333296903326551,-6.71406776139877,1.8927234430216e-11,1.08265108973656e-10,"ENSG00000251576.1","LINC01267","lncRNA"
4.31452141928884,-2.58416596265076,0.384930282967133,-6.71333505571815,1.9022562686282e-11,1.0876269732275e-10,"ENSG00000240707.3","LINC01168","lncRNA"
127.550009906666,-1.51452034130604,0.225684580383721,-6.71078342495076,1.93582247067673e-11,1.10632610791142e-10,"ENSG00000102010.15","BMX","protein_coding"
142.446525362161,-1.0211846686664,0.152244675363957,-6.70752304620935,1.97955704492577e-11,1.13017284395959e-10,"ENSG00000213316.10","LTC4S","protein_coding"
7.90993711310585,-2.03206131219891,0.302987326061932,-6.70675350883669,1.99001986532865e-11,1.13598055944822e-10,"ENSG00000227188.1","MGAT3-AS1","lncRNA"
0.816086717054356,-2.49475809900135,0.372099836391548,-6.70453962891885,2.02042319985402e-11,1.15299956589598e-10,"ENSG00000273509.1","CNTNAP3P1","unprocessed_pseudogene"
2.28009241767909,-2.0947976452358,0.31246438384987,-6.70411654418282,2.02628498771974e-11,1.15617611336339e-10,"ENSG00000254092.2","AC021613.1","lncRNA"
11.5115611478987,-1.14120502317749,0.170275934701298,-6.70209225501781,2.05456248910674e-11,1.17179834952975e-10,"ENSG00000238198.2","LRIG2-DT","lncRNA"
16.286956818816,-1.27307579986325,0.189974632377616,-6.70129366184394,2.0658240805716e-11,1.17787792651679e-10,"ENSG00000145708.11","CRHBP","protein_coding"
3.85410244297632,-2.59992988408627,0.388043674897188,-6.70009602598244,2.08282625250012e-11,1.1868803565834e-10,"ENSG00000224809.2","BEND3P2","processed_pseudogene"
41.1081263152768,-1.3618912244153,0.203336592372725,-6.69771834239701,2.11698787977184e-11,1.20546933532235e-10,"ENSG00000106714.17","CNTNAP3","protein_coding"
74.4814237669915,-1.97181887842459,0.294450642326908,-6.6966024011434,2.13320985219258e-11,1.21435313829135e-10,"ENSG00000163221.9","S100A12","protein_coding"
78.3892430985526,-1.42286640919767,0.212610402245857,-6.69236497446775,2.19592341250209e-11,1.24932653467024e-10,"ENSG00000130032.17","PRRG3","protein_coding"
246.692496929108,-2.40218288867605,0.359200486107874,-6.68758251054995,2.26887294810587e-11,1.28933005129728e-10,"ENSG00000187492.9","CDHR4","protein_coding"
38.911713664593,-1.45146635066142,0.217046527098571,-6.68735118715925,2.27246096535898e-11,1.29118150189432e-10,"ENSG00000255422.3","AP002954.1","lncRNA"
738.778139593682,-1.33141986716241,0.199218921115063,-6.68319986731291,2.3378038089826e-11,1.32695968739916e-10,"ENSG00000137819.14","PAQR5","protein_coding"
1040.5251014914,-1.27457503846403,0.190750193767868,-6.68190691336918,2.35852832365564e-11,1.33833485836672e-10,"ENSG00000130176.8","CNN1","protein_coding"
2902.56046879711,-1.60714317092852,0.24058682620028,-6.68009631412916,2.38785264382248e-11,1.35418930152779e-10,"ENSG00000168874.13","ATOH8","protein_coding"
6.77194900620115,-2.62539221953823,0.393019360143488,-6.68005825102286,2.38847292562603e-11,1.35434479137331e-10,"ENSG00000258699.1","AL357093.1","lncRNA"
11899.7058548055,-1.16064704219203,0.173779399489939,-6.67885287668535,2.40819767514847e-11,1.36454073597212e-10,"ENSG00000077942.19","FBLN1","protein_coding"
3.05569582845317,-2.18268284943474,0.326863202001797,-6.67766465012708,2.4277978617765e-11,1.37504932883451e-10,"ENSG00000111783.13","RFX4","protein_coding"
6.00897068442216,-1.98393767868541,0.297129738087153,-6.67700813610075,2.43869416501738e-11,1.38082102982629e-10,"ENSG00000234754.2","LINC02817","lncRNA"
100.27911361909,-1.40225453548539,0.210056119751246,-6.67561857824462,2.46191508885394e-11,1.3935657361774e-10,"ENSG00000127074.15","RGS13","protein_coding"
337.523578028337,-1.04286526846068,0.156266232339764,-6.67364441342147,2.49527798452442e-11,1.4110220059599e-10,"ENSG00000239467.6","AC007405.3","lncRNA"
94.0904398147812,-2.17236657117637,0.325775089744453,-6.66830165830185,2.58780468411728e-11,1.46102128255942e-10,"ENSG00000183273.7","CCDC60","protein_coding"
30.1216476385571,-2.67513064131813,0.40193997559501,-6.65554760348982,2.82247181115017e-11,1.58846748802125e-10,"ENSG00000287003.1","AC008674.1","lncRNA"
120.466856731716,-2.10725924072344,0.316772113760322,-6.6522877146877,2.88571875511451e-11,1.62242903170095e-10,"ENSG00000170549.4","IRX1","protein_coding"
1.49453524763676,-2.60204372721305,0.391215558754992,-6.65117649076589,2.90759363523935e-11,1.63402335976664e-10,"ENSG00000250860.1","AC093225.1","processed_pseudogene"
9.90240032163808,-1.08559885443119,0.163642805848978,-6.63395404887559,3.26811606642031e-11,1.83032273930289e-10,"ENSG00000285427.1","SOD2-OT1","lncRNA"
391.996185085784,-1.31145928151766,0.197694446020471,-6.6337689698266,3.27221863481676e-11,1.83235814824005e-10,"ENSG00000172005.11","MAL","protein_coding"
123.942558013668,-1.27419701012555,0.192087183389636,-6.63343065185631,3.27973101660939e-11,1.83603940502063e-10,"ENSG00000085741.13","WNT11","protein_coding"
105.679310721914,-1.14858541631309,0.17323279512373,-6.63030008545855,3.35005107148785e-11,1.87352934798329e-10,"ENSG00000213071.11","LPAL2","transcribed_unprocessed_pseudogene"
16.5188005030861,-1.03623140031739,0.156302507408637,-6.62965308424814,3.36476719231787e-11,1.88122167456195e-10,"ENSG00000198336.9","MYL4","protein_coding"
1.60334199095679,-2.43529918972526,0.367705920605198,-6.62295343441047,3.52091963640328e-11,1.96515627288685e-10,"ENSG00000249505.1","AC108673.1","processed_pseudogene"
2.93109136088781,-3.37016096073371,0.508906294794297,-6.62236053121715,3.53507549253974e-11,1.97221327485847e-10,"ENSG00000224795.3","NTM-AS1","lncRNA"
3.77411611136436,-2.54592769258947,0.384559663899643,-6.62037111945748,3.58298184120885e-11,1.99751620499136e-10,"ENSG00000265799.1","AC090844.3","lncRNA"
4204.38875620545,-1.31055281242235,0.198010513998463,-6.61860214368479,3.62611315795699e-11,2.01926048077437e-10,"ENSG00000132688.11","NES","protein_coding"
3.51266553771757,-3.33890690475742,0.504716618961244,-6.61540908169265,3.70525656891713e-11,2.06127942562264e-10,"ENSG00000164821.5","DEFA4","protein_coding"
126.144097002205,-2.063507717827,0.312333258724648,-6.60674987432634,3.92848940825732e-11,2.18174452220433e-10,"ENSG00000147206.17","NXF3","protein_coding"
2.34542019352024,-4.00181114781033,0.605803240610992,-6.60579356388758,3.95393545991888e-11,2.19525324180031e-10,"ENSG00000275826.1","AC093909.5","processed_pseudogene"
342.092969687722,-2.19991870466553,0.3331596263823,-6.60319717774304,4.02383769495912e-11,2.23216321011405e-10,"ENSG00000157423.18","HYDIN","protein_coding"
2.51716912281665,-2.38914511524084,0.361824673834466,-6.60304641450149,4.02793361503168e-11,2.23411864337072e-10,"ENSG00000279512.1","AC011755.1","TEC"
33.6407480052599,-1.41639926698196,0.214524948531348,-6.60249204896083,4.04302967020447e-11,2.24185622820988e-10,"ENSG00000166527.8","CLEC4D","protein_coding"
59.364187619305,-1.88620515144225,0.285868806138453,-6.59814960898082,4.1632104355922e-11,2.30501009753031e-10,"ENSG00000222046.2","DCDC2B","protein_coding"
1.68762758448628,-2.0449179492884,0.310098936658626,-6.59440490613343,4.26964974378560e-11,2.36231065238572e-10,"ENSG00000267417.1","AC138474.1","lncRNA"
102.608746751942,-2.46657655596892,0.374239686390083,-6.59090055296253,4.37166652796798e-11,2.41621021053552e-10,"ENSG00000155622.7","XAGE2","protein_coding"
33.970589040338,-2.33565816415558,0.354696608026754,-6.58494643393773,4.5504941929946e-11,2.51185482107592e-10,"ENSG00000279965.1","AL390755.2","TEC"
208.16603942145,-2.06482023961376,0.314270327642343,-6.57020424137414,5.02462930477475e-11,2.76266361283042e-10,"ENSG00000215187.12","FAM166B","protein_coding"
371.739734064086,-1.17050478266178,0.178185909118172,-6.56900867444858,5.06513340312715e-11,2.78376032581135e-10,"ENSG00000079102.16","RUNX1T1","protein_coding"
2.69477847714355,-2.05755093011721,0.313264105664519,-6.56810305717147,5.09602686389146e-11,2.80034583922113e-10,"ENSG00000276127.1","AL589935.2","processed_pseudogene"
1.89670917188428,-2.43269069967162,0.370591040740408,-6.56435378149273,5.22589949106236e-11,2.86849029295499e-10,"ENSG00000204071.10","TCEAL6","protein_coding"
212.154887508623,-1.20001671782309,0.182812163554177,-6.56420609270598,5.23108107687477e-11,2.87093174781468e-10,"ENSG00000125355.16","TMEM255A","protein_coding"
9.78804861095317,-1.3099776851701,0.199692639858107,-6.55996979208106,5.38186795459614e-11,2.94789858526458e-10,"ENSG00000231007.5","CDC20P1","processed_pseudogene"
0.945875048235341,-2.98108243533122,0.454494131402309,-6.55912195418961,5.41255249847095e-11,2.96387617992817e-10,"ENSG00000236485.1","LINC01945","lncRNA"
5.92028462610978,-2.43201811480457,0.37083997025751,-6.5581337230606,5.44853411459609e-11,2.98316200417321e-10,"ENSG00000122194.19","PLG","protein_coding"
68.2748571907058,-2.11238820968897,0.32226428793474,-6.55483182212463,5.57046189604873e-11,3.04778725467397e-10,"ENSG00000182329.14","KIAA2012","protein_coding"
43.6289887866866,-1.21706335682015,0.185770032549464,-6.55145149148899,5.69804977563168e-11,3.11411153310396e-10,"ENSG00000287134.1","AC106845.1","lncRNA"
502.697223214287,-1.32480635997289,0.202276510059115,-6.54948199168413,5.77370025536274e-11,3.15413464599469e-10,"ENSG00000125538.12","IL1B","protein_coding"
1.45684651588222,-3.21209838501442,0.490445423697982,-6.54934928497251,5.7788328347519e-11,3.15649787348795e-10,"ENSG00000242598.1","MED28P8","processed_pseudogene"
604.985217942319,-1.11032024994388,0.169584252930998,-6.54730749320018,5.85836625721124e-11,3.19928570585438e-10,"ENSG00000104369.5","JPH1","protein_coding"
12.3495363500159,-1.38117790720564,0.211113948971253,-6.54233372041993,6.05661609986999e-11,3.30177548905005e-10,"ENSG00000257150.3","PGAM1P5","transcribed_processed_pseudogene"
218.239517284,-1.40080241914336,0.21416542717535,-6.54074953935699,6.12112693439658e-11,3.33508518615807e-10,"ENSG00000184515.11","BEX5","protein_coding"
386.470739448642,-1.02776193067093,0.157195309330568,-6.53812085772632,6.22965760118326e-11,3.38808522017932e-10,"ENSG00000117594.10","HSD11B1","protein_coding"
350.498355925016,-1.09159858956843,0.167124578488902,-6.53164602979639,6.50507526971331e-11,3.53492709872451e-10,"ENSG00000198719.9","DLL1","protein_coding"
18.8761599512482,-1.59257373438351,0.243886241813837,-6.52998595795803,6.5775857826671e-11,3.57333762684362e-10,"ENSG00000225398.3","PGM5P4","unprocessed_pseudogene"
1859.59354441152,-1.52802313716279,0.234112146032832,-6.52688535411788,6.71514055257568e-11,3.64149341689078e-10,"ENSG00000019102.12","VSIG2","protein_coding"
4.33262097193664,-1.46710485613774,0.22484665130799,-6.52491308010692,6.80409801560832e-11,3.68564727919116e-10,"ENSG00000257550.2","AC023509.2","lncRNA"
756.283485072312,-1.78132597813723,0.273191269479729,-6.52043523034108,7.01036745661794e-11,3.7905580896078e-10,"ENSG00000225342.2","LRRK2-DT","lncRNA"
8.9644938219821,-1.95078582595316,0.299313371948435,-6.51753649779881,7.14714344112552e-11,3.86131257758778e-10,"ENSG00000234919.1","LINC01827","lncRNA"
2.85363003292239,-2.0949578799418,0.321629284889868,-6.51357938584216,7.3380794852391e-11,3.95736477862308e-10,"ENSG00000288100.1","AL161663.2","lncRNA"
202.475903631842,-1.87287040590274,0.287539753000141,-6.51343122598364,7.34532444165542e-11,3.96072606760946e-10,"ENSG00000183346.9","CABCOCO1","protein_coding"
444.177760308649,-1.10241882250919,0.169290188604383,-6.51200658229199,7.41534690895885e-11,3.99738173156728e-10,"ENSG00000152582.14","SPEF2","protein_coding"
172.991441978038,-1.74091921744829,0.267463800625926,-6.50899005164115,7.56577325570478e-11,4.07454270945477e-10,"ENSG00000172771.12","EFCAB12","protein_coding"
66.848199259367,-1.34541713600606,0.206768076268087,-6.50689003974506,7.67225286016365e-11,4.1273429567097e-10,"ENSG00000288547.3","C3orf36","lncRNA"
1137.48004914338,-1.04086957078464,0.159982618772803,-6.50614159693693,7.71055520438771e-11,4.14680780240373e-10,"ENSG00000101445.10","PPP1R16B","protein_coding"
26.995087571763,-1.73439321410393,0.266586839651027,-6.50592210918707,7.72182313463175e-11,4.15229711531229e-10,"ENSG00000224479.6","AC104162.1","transcribed_unitary_pseudogene"
12.9359945427793,-2.07137504654168,0.318419979366349,-6.50516670048056,7.7607270659657e-11,4.17207048795581e-10,"ENSG00000233725.7","NRAD1","lncRNA"
274.161492731902,-1.58227678710732,0.243259187114094,-6.50448933040786,7.79577491298522e-11,4.18918522548784e-10,"ENSG00000248890.2","HHIP-AS1","lncRNA"
38.6476297783338,-2.36430976128536,0.363642944550213,-6.50173417831536,7.93993135778348e-11,4.26430763054386e-10,"ENSG00000184385.2","UMODL1-AS1","lncRNA"
738.07610827648,-1.58199619857451,0.243490907902156,-6.49714690459905,8.18575221340348e-11,4.39271351978458e-10,"ENSG00000179388.9","EGR3","protein_coding"
10.9481772275225,-1.8869384055521,0.290509430425754,-6.49527419053731,8.28823180785458e-11,4.44405040933348e-10,"ENSG00000278338.4","VWA8-AS1","lncRNA"
16.9264853022152,-1.85522073198239,0.28565583796812,-6.49460114373523,8.32536819922637e-11,4.46273949320448e-10,"ENSG00000121871.4","SLITRK3","protein_coding"
1887.91665084089,-1.44796917651739,0.222953684652319,-6.49448417403552,8.3318387560369e-11,4.46559625205424e-10,"ENSG00000114378.17","HYAL1","protein_coding"
32.6556648553973,-1.04845041539946,0.161558519083965,-6.48960154713085,8.60636824020794e-11,4.60642587344518e-10,"ENSG00000256540.1","AC007406.3","lncRNA"
437.162276623459,-1.10517016446741,0.170392594743755,-6.48602227185647,8.81321438624623e-11,4.71262492686801e-10,"ENSG00000185905.4","C16orf54","protein_coding"
1198.37112383886,-1.1449831774598,0.176584796013041,-6.48404168032249,8.9297535131534e-11,4.77363640332248e-10,"ENSG00000158220.14","ESYT3","protein_coding"
42.9447734258289,-1.105965391672,0.170705549684561,-6.47878990293905,9.24611421817662e-11,4.93533890971858e-10,"ENSG00000259863.1","SH3RF3-AS1","lncRNA"
2.86198715156846,-1.52792525001102,0.235868146285442,-6.47787873892036,9.30210605701997e-11,4.96454871954785e-10,"ENSG00000253688.2","AC026904.2","lncRNA"
197.791379108673,-1.10669579758021,0.170846216502956,-6.47773079341828,9.31122866851405e-11,4.96873979309455e-10,"ENSG00000144619.15","CNTN4","protein_coding"
98.8108399722801,-1.38651394517843,0.21411544402299,-6.47554384273913,9.44710505436707e-11,5.03849894892242e-10,"ENSG00000196329.11","GIMAP5","protein_coding"
8.505299461944,-1.12789087770745,0.174271426757721,-6.47203559809886,9.66913334024036e-11,5.15199968323727e-10,"ENSG00000163632.14","C3orf49","protein_coding"
99.2838006788208,-1.33764880988993,0.206733942192182,-6.47038795712821,9.77516130828087e-11,5.20778539352401e-10,"ENSG00000100427.16","MLC1","protein_coding"
1.72821714212657,-2.26085278834858,0.349416583176766,-6.47036488020615,9.77665438210733e-11,5.20787180269864e-10,"ENSG00000232837.1","LINC01700","lncRNA"
1.526883175231,-2.31373177142629,0.357929692677171,-6.46420740933927,1.01831122368043e-10,5.41480316535383e-10,"ENSG00000253377.2","AC068672.2","lncRNA"
352.066846623011,-1.26839593207683,0.196436566149828,-6.45702557796387,1.06780855756341e-10,5.67037523745787e-10,"ENSG00000066735.14","KIF26A","protein_coding"
8.33673784506124,-1.71870617865366,0.266254086701466,-6.45513539321082,1.08122193590174e-10,5.73918822216101e-10,"ENSG00000287101.1","AC093772.2","lncRNA"
1.05466536196076,-2.36930082791755,0.367387253275395,-6.44905561310128,1.12549261074337e-10,5.96366301299916e-10,"ENSG00000253775.2","AC100802.1","lncRNA"
121.185443669802,-1.72844372370379,0.268360243215015,-6.44075926820102,1.18877296453869e-10,6.28619930748153e-10,"ENSG00000138400.13","MDH1B","protein_coding"
97.1230126128684,-1.18992099255225,0.184811723619495,-6.43855795102125,1.20613910124121e-10,6.37286378215901e-10,"ENSG00000182487.12","NCF1B","transcribed_unprocessed_pseudogene"
238.745394294488,-1.62134835915777,0.251833184920206,-6.43818391000175,1.20911444589982e-10,6.38599775712053e-10,"ENSG00000122420.10","PTGFR","protein_coding"
2.07204675447535,-2.48318361250421,0.38579405180048,-6.43655235459264,1.22217692103072e-10,6.44976467927889e-10,"ENSG00000260125.2","AGBL1-AS1","lncRNA"
9.09966244959366,-1.82290776719813,0.283217600038795,-6.43642120739822,1.22323287394994e-10,6.45359654719364e-10,"ENSG00000198570.6","RD3","protein_coding"
6.13703854512422,-1.5296465683011,0.237685676868424,-6.43558580581979,1.22998020783387e-10,6.48569674070167e-10,"ENSG00000238160.1","LINC02863","lncRNA"
41.6464677867426,-1.39717429311,0.217112494118462,-6.43525513712565,1.23266097526967e-10,6.49808118325171e-10,"ENSG00000259070.7","LINC00639","lncRNA"
138.690081993343,-1.89253146711707,0.294300670226049,-6.4306053590141,1.27096747808053e-10,6.69280425040631e-10,"ENSG00000101222.12","SPEF1","protein_coding"
2.88594330620993,-2.81847056219093,0.438522096037731,-6.42720307062572,1.29973142006641e-10,6.83875086709945e-10,"ENSG00000152254.11","G6PC2","protein_coding"
1.2041132410731,-3.02883564863731,0.471409239393383,-6.42506636597719,1.31811997197438e-10,6.92898342602492e-10,"ENSG00000264004.1","MIR4717","miRNA"
9.10037745365487,-1.45198293457159,0.22601912999806,-6.42415947085563,1.32600138270023e-10,6.96947751597617e-10,"ENSG00000243491.1","AC082651.3","lncRNA"
36.3656248810407,-1.49907389204562,0.233363897887955,-6.42376093994354,1.32947938219561e-10,6.98681946074356e-10,"ENSG00000285492.1","AL356417.3","lncRNA"
4.64362484826303,-1.53621466964483,0.239308119837789,-6.41940052299992,1.3681202160797e-10,7.18409986250871e-10,"ENSG00000228330.1","AL355355.1","processed_pseudogene"
30.282127390187,-1.94292225320629,0.302675543882444,-6.41915837759558,1.3702979142987e-10,7.19456966113276e-10,"ENSG00000163421.9","PROK2","protein_coding"
3.34976786633594,-1.82599298130441,0.284461344511138,-6.41912518708818,1.37059667200005e-10,7.19517284304185e-10,"ENSG00000198452.8","OR14L1P","protein_coding"
1.75837742109557,-2.04619008498603,0.319003239253767,-6.414323847534,1.41449237146014e-10,7.41466858507795e-10,"ENSG00000214866.9","DCDC2C","protein_coding"
6.02749913120776,-1.12939149658129,0.176292402108102,-6.40635377972075,1.49040908295218e-10,7.7927843165422e-10,"ENSG00000262497.1","FAM187B2P","unprocessed_pseudogene"
1178.05228899662,-1.28285793606834,0.200290353426491,-6.40499112474314,1.50378128232287e-10,7.86165201851386e-10,"ENSG00000163017.14","ACTG2","protein_coding"
1.7515523939805,-2.16401783872952,0.337877450313917,-6.40474182789931,1.50624037251894e-10,7.87240443662862e-10,"ENSG00000101251.13","SEL1L2","protein_coding"
56.9489973640698,-1.46950387038503,0.229478387825724,-6.40367001140447,1.51685772436934e-10,7.92366301058557e-10,"ENSG00000188396.4","TCTEX1D4","protein_coding"
35.7473995387664,-2.27801018027321,0.355947135456884,-6.39985535309678,1.55524216534657e-10,8.11767122478014e-10,"ENSG00000231057.4","AC096637.2","lncRNA"
2777.47881315859,-1.05576565835456,0.165062494038255,-6.39615719189291,1.59335975806077e-10,8.30665610080947e-10,"ENSG00000006468.14","ETV1","protein_coding"
66.046991550878,-1.16494134563368,0.18221080565502,-6.39337135602848,1.62267522846737e-10,8.45498060787708e-10,"ENSG00000242258.1","LINC00996","lncRNA"
245.919706392378,-2.73723049847111,0.428196035368491,-6.39247043965632,1.6322678986118e-10,8.50156730208682e-10,"ENSG00000228723.6","SRGAP3-AS2","lncRNA"
0.887998827033937,-3.14393847843864,0.491856328128065,-6.39198542062886,1.63745514946246e-10,8.52631503042125e-10,"ENSG00000204424.10","LY6G6F","protein_coding"
7.02064625965353,-3.29667882042946,0.516017976080347,-6.38868987757154,1.67312982029077e-10,8.69934134969413e-10,"ENSG00000249201.2","CTD-3080P12.3","lncRNA"
2015.27289477603,-1.00409802658506,0.157182354852756,-6.38810906940329,1.67949537557634e-10,8.73011869575956e-10,"ENSG00000162733.19","DDR2","protein_coding"
5.87763670424097,-3.01282199939003,0.471704236731181,-6.38709972220793,1.69061398343968e-10,8.78557978565448e-10,"ENSG00000147571.5","CRH","protein_coding"
15.5062105584407,-1.2002623263362,0.188025264597053,-6.38351622005916,1.73067254773472e-10,8.98420634988159e-10,"ENSG00000286285.1","AL138778.1","lncRNA"
4.42178183544426,-1.36179756898279,0.213426683918046,-6.3806340612297,1.76356263736431e-10,9.14766298551202e-10,"ENSG00000230749.5","MEIS1-AS2","lncRNA"
2.6526388521802,-1.6272263661198,0.255061424618538,-6.37974310914884,1.77385284846785e-10,9.19738118635158e-10,"ENSG00000254192.1","AC011365.1","lncRNA"
22.9733009455527,-1.65524073180136,0.259707088755241,-6.37349076505699,1.84773408146827e-10,9.57157563435729e-10,"ENSG00000089169.15","RPH3A","protein_coding"
24.0287195560488,-1.17584884429148,0.184574965452552,-6.37057599554988,1.88319600846355e-10,9.74414990032491e-10,"ENSG00000005381.8","MPO","protein_coding"
0.992229344189136,-2.28703530515761,0.359000197650729,-6.37056837328726,1.883289609163e-10,9.74414990032491e-10,"ENSG00000272159.1","AC087623.3","lncRNA"
195.355525699882,-1.27779330292139,0.20065485864262,-6.36811543744987,1.91364872870934e-10,9.89468662831991e-10,"ENSG00000102174.9","PHEX","protein_coding"
443.778923827125,-1.14369026583712,0.179622766813091,-6.36717876095967,1.92536734736869e-10,9.95133399417305e-10,"ENSG00000197467.16","COL13A1","protein_coding"
313.566602317724,-1.76061344396306,0.276521034822721,-6.36701452058355,1.92742934572624e-10,9.96067587527911e-10,"ENSG00000008226.20","DLEC1","protein_coding"
78.6389471538043,-2.45881111897773,0.386465750928446,-6.3623001859044,1.98754512458585e-10,1.0260505048835e-09,"ENSG00000174898.16","CATSPERD","protein_coding"
190.526523632506,-1.28828507904763,0.202518892600956,-6.36130813526651,2.00042677667676e-10,1.03242812184302e-09,"ENSG00000197208.6","SLC22A4","protein_coding"
360.990463847599,-1.06974979854606,0.168203584090325,-6.35985139277177,2.01949033123363e-10,1.04158002044949e-09,"ENSG00000129993.15","CBFA2T3","protein_coding"
23.2335972860502,-1.05503800011034,0.165902917217944,-6.35936979169784,2.02583171726186e-10,1.04471298007609e-09,"ENSG00000122733.12","PHF24","protein_coding"
336.748167599491,-1.04021397387153,0.163620288537745,-6.35748771236008,2.05080070328986e-10,1.05717141773726e-09,"ENSG00000140030.6","GPR65","protein_coding"
69.2919345569563,-1.35465495694005,0.213188774531316,-6.35425087422257,2.09444778873433e-10,1.07853449692016e-09,"ENSG00000232884.9","AF127936.1","lncRNA"
324.946834675165,-1.16322055102108,0.183197541938692,-6.34954235035725,2.15956410108906e-10,1.11118872899035e-09,"ENSG00000106511.6","MEOX2","protein_coding"
4.60390746269656,-2.17456960281091,0.342523515352952,-6.34867244244569,2.171809013405e-10,1.11704861334846e-09,"ENSG00000091138.13","SLC26A3","protein_coding"
163.253728769746,-1.00483301873885,0.158386504006108,-6.34418333206029,2.23608419912347e-10,1.14874899298806e-09,"ENSG00000213145.10","CRIP1","protein_coding"
15.8775193562346,-2.74846904136368,0.433272575382971,-6.34351029241649,2.24587960105046e-10,1.15347833926638e-09,"ENSG00000249621.1","AC113349.1","lncRNA"
4.25186619848515,-1.2916603701136,0.203688923825456,-6.34133828121378,2.27777774838386e-10,1.16878732064003e-09,"ENSG00000247970.2","AL160313.1","lncRNA"
81.9016873012763,-1.01019302910271,0.159341107841479,-6.33981426881824,2.30042313641622e-10,1.17978843710489e-09,"ENSG00000261934.2","PCDHGA9","protein_coding"
163.540379073396,-2.20010337687462,0.347171380937993,-6.33722564034613,2.33939270685615e-10,1.199145611894e-09,"ENSG00000176601.13","MAP3K19","protein_coding"
10.9751185165747,-1.50688675325787,0.237880683713329,-6.33463268112104,2.37907365431867e-10,1.21868740891666e-09,"ENSG00000280200.1","AC073862.5","TEC"
7.02262895761782,-1.35668228657555,0.214398639363663,-6.32784933058436,2.48601701265521e-10,1.27230357993998e-09,"ENSG00000236762.1","RPL19P16","processed_pseudogene"
3.31870833818431,-2.02974084196419,0.320805806264704,-6.32700781072962,2.49960707613988e-10,1.27875702047888e-09,"ENSG00000255133.2","LINC02721","lncRNA"
26.7926562205294,-1.19138231006037,0.188456036893523,-6.3218049668183,2.58525550318839e-10,1.32153668315173e-09,"ENSG00000265413.1","AP001094.2","lncRNA"
22.62113251789,-1.49741451068213,0.237021209385303,-6.31763931407474,2.6558898658445e-10,1.35622636487487e-09,"ENSG00000226026.6","AC092802.1","lncRNA"
7.28859411332268,-1.99464565593886,0.315785615684638,-6.31645507859622,2.6763119446683e-10,1.36629827406152e-09,"ENSG00000262133.1","AC087392.2","lncRNA"
4.08109110656095,-2.71648267238,0.430567144863886,-6.30908025562134,2.80698542661691e-10,1.42965178613753e-09,"ENSG00000285885.1","AC092058.1","lncRNA"
818.342519166582,-1.04787084809362,0.166119508320187,-6.30793372006552,2.82785258032502e-10,1.44009239095131e-09,"ENSG00000106823.12","ECM2","protein_coding"
8559.94998771711,-1.10019431934219,0.174507957919509,-6.30455099273839,2.89030556436895e-10,1.47017479577956e-09,"ENSG00000133026.13","MYH10","protein_coding"
1.58498650697734,-2.73198405783208,0.433760040779988,-6.29837652384813,3.00779180027426e-10,1.52755225096083e-09,"ENSG00000255801.1","AC092746.1","lncRNA"
1718.82654627018,-1.91464624034865,0.304333176534639,-6.29128333016539,3.14852055773339e-10,1.59653696960821e-09,"ENSG00000182667.14","NTM","protein_coding"
2.35010377047928,-1.85346281119985,0.294676662139942,-6.28981880594142,3.17836734134549e-10,1.61083658119661e-09,"ENSG00000285550.1","AC110014.1","lncRNA"
6662.38470229922,-1.22277760431957,0.194417771186799,-6.28943330054282,3.18626970403455e-10,1.61442340785415e-09,"ENSG00000188783.6","PRELP","protein_coding"
203.721626654308,-2.00079023822835,0.318312323948301,-6.28561977560538,3.26548281953552e-10,1.65306090829553e-09,"ENSG00000175267.15","VWA3A","protein_coding"
3512.72519679718,-1.25230163165813,0.199239442367025,-6.2854102419702,3.2698904585807e-10,1.65507804339311e-09,"ENSG00000127920.6","GNG11","protein_coding"
17.5145130510468,-1.15758174286713,0.184216731798386,-6.2838034936698,3.30388277203658e-10,1.67141870397626e-09,"ENSG00000255920.3","CCND2-AS1","lncRNA"
55.4586357225025,-1.4432516979388,0.229681571254077,-6.28370700382511,3.3059350534657e-10,1.67202461648141e-09,"ENSG00000164675.11","IQUB","protein_coding"
625.198447928899,-1.15298832761482,0.183570973550565,-6.28088583567502,3.36649291021312e-10,1.7015530104566e-09,"ENSG00000205084.11","TMEM231","protein_coding"
1.87071780176063,-1.84593901895092,0.294165489873048,-6.27517191002779,3.49248194286292e-10,1.76341046330541e-09,"ENSG00000234438.5","KBTBD13","protein_coding"
20.5836870947793,-1.70599065274144,0.271900314105321,-6.27432394977161,3.51156705235099e-10,1.77236076777437e-09,"ENSG00000118137.10","APOA1","protein_coding"
8.83984826822138,-1.70662843886744,0.27217178107194,-6.27040919578781,3.60100502458874e-10,1.81633059573578e-09,"ENSG00000278931.1","CR381670.1","unprocessed_pseudogene"
12.7956811509945,-1.44415756357044,0.230353730298622,-6.26930400344848,3.62665467698612e-10,1.82879670315907e-09,"ENSG00000231943.9","PGM5P4-AS1","lncRNA"
175.428971832589,-1.0243886701565,0.163440044161502,-6.26767249979604,3.66484543004545e-10,1.84734080282247e-09,"ENSG00000214212.9","C19orf38","protein_coding"
1033.5078736508,-1.79280734507136,0.286175220679521,-6.26471900961361,3.73498284936791e-10,1.88003105066395e-09,"ENSG00000169174.11","PCSK9","protein_coding"
2.49000557009083,-2.08532878520829,0.332952967592747,-6.26313319951835,3.77318049343223e-10,1.89876962305166e-09,"ENSG00000243429.1","OR7E29P","unprocessed_pseudogene"
9866.63521905018,-1.00236968370712,0.160085304402219,-6.26147220352368,3.81359803253374e-10,1.91886208835126e-09,"ENSG00000171223.6","JUNB","protein_coding"
28364.4407655707,-1.38758991522868,0.221608769787099,-6.26143954754927,3.81439688202832e-10,1.9190172845288e-09,"ENSG00000170345.10","FOS","protein_coding"
19.3043254927376,-1.13983286179529,0.182072810882049,-6.26031342226984,3.84204498730003e-10,1.93218175553319e-09,"ENSG00000284526.1","AC015802.6","protein_coding"
169.236480800575,-1.33193052313567,0.212822252567677,-6.25841756238399,3.88903380316683e-10,1.9550588611475e-09,"ENSG00000205363.6","INSYN1","protein_coding"
33.7057233554108,-2.04307904081455,0.32648980589468,-6.25771158525426,3.90667438138078e-10,1.96342249188044e-09,"ENSG00000286330.1","AL353660.1","lncRNA"
53.4708202835598,-1.81423005629101,0.290086976669708,-6.25408998748913,3.99840428182576e-10,2.00694661303391e-09,"ENSG00000113303.12","BTNL8","protein_coding"
782.312784241546,-1.06316910365183,0.170152150579385,-6.24834361500356,4.14828278725091e-10,2.07924239461913e-09,"ENSG00000187240.16","DYNC2H1","protein_coding"
139.270655627931,-1.1300872470177,0.180887939397263,-6.24744386377148,4.17224159012087e-10,2.09071565710103e-09,"ENSG00000109943.9","CRTAM","protein_coding"
22.2964008746584,-2.4179222427257,0.387163976954113,-6.24521491319496,4.23217792500298e-10,2.12020681581477e-09,"ENSG00000197177.15","ADGRA1","protein_coding"
2023.59020808597,-1.04530570546901,0.167479559053767,-6.24139274891112,4.33691761826969e-10,2.1710109162148e-09,"ENSG00000143333.7","RGS16","protein_coding"
1778.85239498144,-1.77596496665053,0.284620839702769,-6.23975731539961,4.38250282973114e-10,2.19242800089759e-09,"ENSG00000119508.18","NR4A3","protein_coding"
30.6655703515944,-2.82777654425107,0.453288193766315,-6.23836354694226,4.42172084891535e-10,2.21091692485186e-09,"ENSG00000275678.1","AL133320.2","lncRNA"
365.510974295718,-1.52495575942104,0.244468650271508,-6.23783768482141,4.43660644647762e-10,2.218076489806e-09,"ENSG00000164099.3","PRSS12","protein_coding"
59.216624467368,-1.89101898789067,0.303310441005946,-6.23459905178008,4.5293666501346e-10,2.26156241401579e-09,"ENSG00000257474.5","AC027288.1","lncRNA"
187.470978076118,-2.019072591512,0.323903829454178,-6.23355579004551,4.55964862776747e-10,2.27639207008381e-09,"ENSG00000270765.6","GAS2L2","protein_coding"
58.3179338187122,-2.43417080501821,0.390510725185246,-6.23330077263183,4.56708082963698e-10,2.27952091765975e-09,"ENSG00000185860.13","CCDC190","protein_coding"
34.7219346512551,-1.0500034560845,0.168509249843779,-6.23113245746413,4.63075350213458e-10,2.30923939457153e-09,"ENSG00000279026.1","AC005225.4","TEC"
9926.56776099878,-1.52321503286617,0.244596731330464,-6.22745457218813,4.74074135938775e-10,2.36203347578685e-09,"ENSG00000123358.20","NR4A1","protein_coding"
2091.29251274587,-2.15096658838824,0.345400801735063,-6.22745105854769,4.74084764479055e-10,2.36203347578685e-09,"ENSG00000166961.15","MS4A15","protein_coding"
5.06689028159405,-1.74513593873433,0.280288504494567,-6.22621302961128,4.77844237492375e-10,2.37894692841146e-09,"ENSG00000251814.1","RN7SKP18","misc_RNA"
3.97442678163073,-2.13401847971093,0.34280147508177,-6.2252313214285,4.80846020704748e-10,2.39358677473572e-09,"ENSG00000204687.4","MAS1L","protein_coding"
5.16568227334341,-1.66455143184631,0.267413738266631,-6.2246294548511,4.82695448691673e-10,2.40248735725692e-09,"ENSG00000275210.1","AC245884.11","lncRNA"
391.462288052574,-2.37504889384296,0.381614400298793,-6.22368781676834,4.8560286912092e-10,2.41634357471652e-09,"ENSG00000021852.13","C8B","protein_coding"
362.934976612499,-1.45840412380239,0.234350422984903,-6.22317683589732,4.87187730286319e-10,2.4236134088271e-09,"ENSG00000152763.17","DNAI4","protein_coding"
20.6916063969982,-2.03224204847547,0.326564751302608,-6.22309064395107,4.8745556082599e-10,2.4244541338184e-09,"ENSG00000133742.14","CA1","protein_coding"
2.96514331796674,-1.47048216046561,0.236308138564983,-6.22273176622414,4.88572273449311e-10,2.42957448625556e-09,"ENSG00000233121.1","VN1R20P","unitary_pseudogene"
3941.63185087305,-1.11558775015562,0.179515498955037,-6.21443695195942,5.1509010231012e-10,2.55819149555747e-09,"ENSG00000118503.15","TNFAIP3","protein_coding"
5.46545269687529,-2.52227061027168,0.40591181581015,-6.21383884880893,5.17055565770139e-10,2.56730127447675e-09,"ENSG00000230970.4","HHATL-AS1","lncRNA"
232.545332933858,-1.92931462408369,0.310497897479266,-6.21361574344483,5.17790598663874e-10,2.57062470392236e-09,"ENSG00000169126.16","ARMC4","protein_coding"
72.5111396125234,-1.02977084905819,0.165785579828527,-6.21146211946352,5.24938464003556e-10,2.60478912438792e-09,"ENSG00000246898.1","LINC00920","lncRNA"
17.9130698172904,-1.09170810409322,0.175863043750822,-6.20771755571369,5.37596579790007e-10,2.66523397488443e-09,"ENSG00000224957.6","LINC01266","lncRNA"
5.71790731813666,-2.05122063270693,0.330550703450618,-6.20546443040126,5.45356055925802e-10,2.70164930047254e-09,"ENSG00000196666.6","FAM180B","protein_coding"
3.48803980399427,-1.43459000480672,0.231193421750204,-6.20515062213469,5.46445405497422e-10,2.70670318512907e-09,"ENSG00000282728.1","PGR-AS1","lncRNA"
3.25314022963367,-2.30049821302892,0.370879926983409,-6.20281132964046,5.54633175587235e-10,2.74621672705354e-09,"ENSG00000280323.1","AC053503.5","TEC"
74.8411520779957,-1.29940900139682,0.209529543577185,-6.20155506098428,5.59079530756100e-10,2.76683206247843e-09,"ENSG00000267259.1","ERVE-1","lncRNA"
128.690901535922,-2.50554068437602,0.404091689811887,-6.20042615957383,5.63104749096055e-10,2.78499139748202e-09,"ENSG00000197446.9","CYP2F1","protein_coding"
379.105298713573,-1.83237567972903,0.295696296416455,-6.19681646992405,5.76166177610169e-10,2.84671195657368e-09,"ENSG00000159588.15","CCDC17","protein_coding"
1.56668139743103,-2.61759102850178,0.422536093871286,-6.19495249392623,5.83026122991339e-10,2.87842483204316e-09,"ENSG00000213205.3","STRADBP1","processed_pseudogene"
2.13573502782441,-1.78226623783115,0.287786214014812,-6.19302159393716,5.9021639317405e-10,2.91282099650571e-09,"ENSG00000228643.1","AC079779.2","lncRNA"
2.67569120772609,-3.68014391736045,0.594419417826972,-6.19115696256022,5.97241977989599e-10,2.94600729115227e-09,"ENSG00000258597.3","SERPINA2","polymorphic_pseudogene"
1.55259362932406,-2.21859925509847,0.358367948859647,-6.19084173726534,5.98437724266059e-10,2.95078964065715e-09,"ENSG00000268864.4","AC011487.2","transcribed_unprocessed_pseudogene"
5.63553377408437,-1.50686867708463,0.243513789001938,-6.18802197304989,6.09238379149497e-10,3.00177625465865e-09,"ENSG00000185040.13","SPDYE16","protein_coding"
413.249398877612,-1.84777458734408,0.298631583044597,-6.18747209690857,6.11366641919342e-10,3.01150403637283e-09,"ENSG00000215217.7","C5orf49","protein_coding"
520.719958315809,-1.03499204072534,0.167285095052048,-6.18699496451443,6.13219231040117e-10,3.01948933306038e-09,"ENSG00000143603.19","KCNN3","protein_coding"
8.0212808151243,-1.90185351217506,0.307521797719946,-6.18445107395946,6.23189369986233e-10,3.06665282154568e-09,"ENSG00000257202.1","AC084398.2","lncRNA"
1.43176755808453,-2.03578792097967,0.329392215253512,-6.18043726204294,6.39242966688653e-10,3.14327928241941e-09,"ENSG00000249984.1","AC026780.2","lncRNA"
13.4008632378152,-1.80756222352673,0.292843360477663,-6.17245417679396,6.7238019004265e-10,3.30000115597127e-09,"ENSG00000198597.9","ZNF536","protein_coding"
291.048302696996,-2.0557681535753,0.333337224748418,-6.16723246294159,6.94955548368602e-10,3.40439478758284e-09,"ENSG00000089250.19","NOS1","protein_coding"
3.42126129447471,-2.4163763949446,0.391938047846747,-6.16519985293551,7.03941753954193e-10,3.44712110799419e-09,"ENSG00000109158.11","GABRA4","protein_coding"
114.545324784451,-1.46097067842196,0.236992311108948,-6.16463323888317,7.06466902976173e-10,3.45862084078076e-09,"ENSG00000197565.16","COL4A6","protein_coding"
7.80586637457109,-1.12913115962808,0.183191654118531,-6.16366048475931,7.10822661412656e-10,3.47950982783821e-09,"ENSG00000271967.1","AL583856.2","lncRNA"
2.45427334213336,-2.13930392470255,0.347156936498739,-6.16235396670613,7.1671417951223e-10,3.5061560893228e-09,"ENSG00000278095.1","AC022509.4","lncRNA"
15.3318546613487,-1.28784965492794,0.20898804010056,-6.16231270606803,7.16901011057874e-10,3.50663168296321e-09,"ENSG00000173406.16","DAB1","protein_coding"
13.8781179419088,-1.98568625550497,0.322370460026632,-6.15964085338629,7.29101062364857e-10,3.56318891862111e-09,"ENSG00000040731.10","CDH10","protein_coding"
7.34004934298304,-1.79178638958126,0.290934746253201,-6.15872257493049,7.33340630810658e-10,3.58211861493594e-09,"ENSG00000110887.8","DAO","protein_coding"
270.384147138009,-1.69787426473027,0.275707264648357,-6.15825000801403,7.3553177135958e-10,3.59192484026853e-09,"ENSG00000115423.19","DNAH6","protein_coding"
8.64758645072478,-1.22118242864729,0.198596628922153,-6.1490592024398,7.79438840259435e-10,3.79923035104534e-09,"ENSG00000279727.1","LINC02033","lncRNA"
4570.95477206505,-1.49796114082236,0.243674740218413,-6.14737965650316,7.87734240840269e-10,3.83679718425698e-09,"ENSG00000127249.15","ATP13A4","protein_coding"
520.168755214377,-1.12008072403848,0.182510460056145,-6.13707687599885,8.40537171158906e-10,4.08027044344612e-09,"ENSG00000109339.24","MAPK10","protein_coding"
5.02272574927408,-2.89647516802148,0.472258317932407,-6.13324330782046,8.61053031304108e-10,4.17623527119002e-09,"ENSG00000275676.1","BX005040.1","lncRNA"
244.517354704582,-1.18884415322137,0.193852085285499,-6.13273853345698,8.63790523658315e-10,4.18847422320614e-09,"ENSG00000176928.7","GCNT4","protein_coding"
371.231418254972,-1.06249175299261,0.173271511793365,-6.13194715043337,8.68099446157212e-10,4.20832500341648e-09,"ENSG00000197646.8","PDCD1LG2","protein_coding"
15.6136400432859,-1.95843889204414,0.319414357781853,-6.13134270370426,8.71404651323466e-10,4.22382452755339e-09,"ENSG00000279289.1","AL136164.3","TEC"
2250.43794102777,-1.420239813018,0.231659150656557,-6.13073046755472,8.74764960689486e-10,4.23958727727772e-09,"ENSG00000163751.4","CPA3","protein_coding"
232.439077623019,-1.51862583482631,0.247715044109609,-6.13053535074902,8.75838528724124e-10,4.24426470185804e-09,"ENSG00000198756.12","COLGALT2","protein_coding"
8.94133901687941,-1.52531026505702,0.248836023277602,-6.1297807486474,8.8000259392413e-10,4.26391549069405e-09,"ENSG00000198822.10","GRM3","protein_coding"
8.38928118334588,-1.08467885379093,0.177010316000303,-6.12777197566878,8.91181793379658e-10,4.31487685681012e-09,"ENSG00000182397.14","DNM1P46","transcribed_unprocessed_pseudogene"
6.37948509955242,-1.46657908523052,0.239395588707937,-6.12617422545637,9.00172353990397e-10,4.35678965788475e-09,"ENSG00000280073.1","AL157996.1","TEC"
517.422766611763,-1.89472790911686,0.309335226703164,-6.12516049112968,9.05922450400179e-10,4.38299349735527e-09,"ENSG00000277639.2","AC007906.2","protein_coding"
1259.73012287134,-1.01179569414984,0.16527696924341,-6.12181902161897,9.25130678784713e-10,4.47260793075422e-09,"ENSG00000174600.14","CMKLR1","protein_coding"
52.6193402209782,-1.11286549355539,0.181950378455667,-6.1163131563727,9.57650492190866e-10,4.62696893566129e-09,"ENSG00000253636.1","AC022893.1","lncRNA"
204.75301827596,-1.0973319410782,0.179496782777027,-6.11337943834525,9.75430692294317e-10,4.70996772213338e-09,"ENSG00000203797.12","DDO","protein_coding"
260.897370194954,-1.23445736650844,0.202107548402368,-6.10792311453308,1.00935952992211e-09,4.86659040973165e-09,"ENSG00000153993.13","SEMA3D","protein_coding"
3.41068602198991,-1.45502060866673,0.238486929288284,-6.10104970116788,1.05374133331117e-09,5.07245074594653e-09,"ENSG00000167910.4","CYP7A1","protein_coding"
295.935313977778,-2.03861361317785,0.334398021719039,-6.09636864087281,1.08505032706319e-09,5.21931215099074e-09,"ENSG00000186973.11","FAM183A","protein_coding"
633.879801574715,-1.02152191887194,0.167601429359568,-6.09494753580169,1.09473348953853e-09,5.26459581899128e-09,"ENSG00000151090.20","THRB","protein_coding"
5.99160857763651,-1.60967025546383,0.264154783816855,-6.09366308724455,1.10355795333592e-09,5.30507693759065e-09,"ENSG00000214688.6","C10orf105","protein_coding"
17.2655394680589,-1.97023166786921,0.323358981429591,-6.09301668120887,1.10802511041687e-09,5.32589738308837e-09,"ENSG00000249241.1","LINC02265","lncRNA"
8.35342000666464,-1.31724510255927,0.216301519573194,-6.08985598047789,1.13012306342602e-09,5.43078049796431e-09,"ENSG00000250334.6","LINC00989","lncRNA"
3.45445083549582,-1.80835959334755,0.297034615054669,-6.08804328416311,1.14298974343058e-09,5.49126232660306e-09,"ENSG00000262492.1","AC104581.1","processed_pseudogene"
8.51330639936344,-1.61725860420719,0.265701722824588,-6.08674489203398,1.1522935190682e-09,5.53392215201985e-09,"ENSG00000205414.1","AC007608.1","lncRNA"
136.61437979763,-1.69425469955067,0.278409963793519,-6.08546718826199,1.16152111090765e-09,5.57618483510332e-09,"ENSG00000198003.12","CCDC151","protein_coding"
138.789923012279,-1.81838773101843,0.298993999246422,-6.08168637364446,1.18925020529184e-09,5.70091262811161e-09,"ENSG00000162722.9","TRIM58","protein_coding"
79.7630605769577,-1.28381084350852,0.211100058396137,-6.08152765689628,1.19042826462844e-09,5.7058609043576e-09,"ENSG00000261068.2","AL512274.1","lncRNA"
66.4015989626098,-1.17879286262989,0.193847239329709,-6.08104023924176,1.19405318997973e-09,5.7225346450823e-09,"ENSG00000143028.9","SYPL2","protein_coding"
1.51341270485731,-2.58862167161452,0.425792447138872,-6.07953872598928,1.20528771021061e-09,5.7728412959916e-09,"ENSG00000255552.7","LY6G6E","protein_coding"
97.4506901280307,-1.23548662378545,0.203309886581579,-6.07686445828449,1.22555267425148e-09,5.86344317106426e-09,"ENSG00000234350.5","AC007405.1","lncRNA"
1862.78345416706,-1.01362215815276,0.166815655542164,-6.07630114127125,1.22986351505574e-09,5.88119139773264e-09,"ENSG00000123094.15","RASSF8","protein_coding"
11.4825205643618,-1.58868257843336,0.261586276259491,-6.07326424440325,1.25335956043995e-09,5.98623373118221e-09,"ENSG00000255122.1","AC068587.2","processed_pseudogene"
1130.8216599959,-1.2346118708433,0.203294462268509,-6.07302263458922,1.25524754098003e-09,5.99451934660598e-09,"ENSG00000180644.8","PRF1","protein_coding"
103.455297162049,-1.4816765632115,0.244433309199603,-6.06168025161241,1.34706808784716e-09,6.41266683035855e-09,"ENSG00000287920.1","AL022098.1","lncRNA"
3.80400634294277,-1.52041566930082,0.250825381319081,-6.06164998655645,1.34732164170461e-09,6.41309368222153e-09,"ENSG00000279302.3","AC013643.3","TEC"
6.34121060211302,-1.29551579890502,0.213792359779791,-6.0596917506286,1.36382656199571e-09,6.48770936025456e-09,"ENSG00000213373.7","LINC00671","lncRNA"
89.5572963367498,-1.33308490987257,0.220091929414015,-6.05694590175043,1.3873021828703e-09,6.59617517835937e-09,"ENSG00000186231.17","KLHL32","protein_coding"
2355.83070937996,-1.07925973311332,0.178273596456692,-6.05395164827731,1.41335049097537e-09,6.71709611539434e-09,"ENSG00000162545.6","CAMK2N1","protein_coding"
183.14254667344,-1.16714830716712,0.192846065255702,-6.05222774765744,1.42856304450543e-09,6.78312904587573e-09,"ENSG00000111181.12","SLC6A12","protein_coding"
6092.31782094367,-1.18201424206859,0.195342483917614,-6.05098398649985,1.43963759774403e-09,6.83173160772756e-09,"ENSG00000113594.10","LIFR","protein_coding"
8.48758460431676,-2.18216311527439,0.360708646017724,-6.04965569682286,1.45155719848537e-09,6.8866252102244e-09,"ENSG00000211688.1","TRGJP2","TR_J_gene"
2.34683674814567,-2.69032034371485,0.444775133239464,-6.048720224353,1.46000946581904e-09,6.92504610993511e-09,"ENSG00000233068.3","AL391422.2","lncRNA"
126.254550913223,-1.78947020351271,0.295864706879508,-6.04827193613694,1.4640768636927e-09,6.94170781452578e-09,"ENSG00000100448.4","CTSG","protein_coding"
17.3466239025918,-1.73055485916206,0.286546094947492,-6.03935942480451,1.5472724364794e-09,7.31854438678537e-09,"ENSG00000092009.10","CMA1","protein_coding"
11.315095030042,-1.92814945085271,0.319326598870697,-6.03817363687094,1.55868293017571e-09,7.368952729335e-09,"ENSG00000169181.13","GSG1L","protein_coding"
5.7897567465761,-2.11841785135204,0.350849929515134,-6.03796003117241,1.56074709460938e-09,7.37782007237976e-09,"ENSG00000285801.1","AL133268.4","lncRNA"
4.12694668557397,-1.80093519614475,0.298308808930018,-6.03715057092813,1.56859346321723e-09,7.41401507538997e-09,"ENSG00000258013.2","RPL3P13","processed_pseudogene"
271.364609025793,-1.77954334030938,0.294882266969326,-6.03475874829221,1.59200348678723e-09,7.51830659443292e-09,"ENSG00000133640.20","LRRIQ1","protein_coding"
46.1749303694725,-2.05389507820065,0.340504611253243,-6.03191560502275,1.62027395939774e-09,7.6481230766216e-09,"ENSG00000228695.10","CES1P1","transcribed_unprocessed_pseudogene"
1731.54408114799,-1.49639719086483,0.24847237727368,-6.02238851370035,1.71861747063628e-09,8.09022213830802e-09,"ENSG00000197253.13","TPSB2","protein_coding"
4.70167536360897,-2.00571250863156,0.333166066011868,-6.02015845323249,1.74246411021424e-09,8.19819202799007e-09,"ENSG00000183166.11","CALN1","protein_coding"
5127.10380340991,-1.46454074160957,0.243309199003251,-6.01925758503689,1.75218849901381e-09,8.24196275452690e-09,"ENSG00000162772.17","ATF3","protein_coding"
44.8751507533713,-1.01924997238626,0.169338206428673,-6.01901953423361,1.75476695018775e-09,8.25210738226139e-09,"ENSG00000174740.8","PABPC5","protein_coding"
122.59701398932,-1.08682346173032,0.180568560216587,-6.01889642597086,1.75610184940685e-09,8.25709991719112e-09,"ENSG00000073861.3","TBX21","protein_coding"
307.487535144329,-1.0052241237928,0.167030786190476,-6.01819668528934,1.76370816129502e-09,8.29016985701326e-09,"ENSG00000129450.8","SIGLEC9","protein_coding"
1.68883986688954,-2.82050642189359,0.468666015216323,-6.01815862537361,1.7641227989377e-09,8.2911228975776e-09,"ENSG00000205301.12","MGAT4D","protein_coding"
377.061233332386,-1.06017930253714,0.17622396427553,-6.01609041594097,1.78679796308226e-09,8.39265287400936e-09,"ENSG00000107736.21","CDH23","protein_coding"
8.92122784991542,-1.30002687155872,0.216457792524247,-6.00591393083293,1.90257105697962e-09,8.91931328988492e-09,"ENSG00000267764.1","AC093567.1","lncRNA"
4.36521413917687,-2.15522544446618,0.359015675406256,-6.00315137222731,1.93524038742286e-09,9.0670368295311e-09,"ENSG00000286429.1","BX004807.1","lncRNA"
20.9595231289539,-1.17957949003199,0.196691927118588,-5.99709152943935,2.00882847677016e-09,9.39494049533802e-09,"ENSG00000286757.2","AL137139.2","lncRNA"
6.51787101514331,-1.66253857253719,0.277229265914365,-5.99698075545438,2.01019872228317e-09,9.40022540650845e-09,"ENSG00000279208.1","CR381653.2","unprocessed_pseudogene"
2304.37106910714,-1.73027429396717,0.288662701652356,-5.99410413629049,2.04610232434622e-09,9.55441886085823e-09,"ENSG00000105519.18","CAPS","protein_coding"
34.4901803963541,-2.12518801253367,0.354757084702485,-5.99054424611687,2.09139965047293e-09,9.75662371514738e-09,"ENSG00000197826.12","CFAP299","protein_coding"
26.6553551788502,-1.55214991428198,0.259151536817289,-5.98935253614297,2.10678052636626e-09,9.82135201063117e-09,"ENSG00000277089.4","AC243829.4","lncRNA"
55.9678654298471,-1.47395555046833,0.246119518480934,-5.98877959605024,2.11421438214343e-09,9.85248576725673e-09,"ENSG00000255398.3","HCAR3","protein_coding"
170.234924675363,-1.20234454887804,0.200849796767396,-5.98628710722805,2.14685271412426e-09,9.99387265719682e-09,"ENSG00000102466.16","FGF14","protein_coding"
9.16582413911953,-2.7530556362145,0.460041741428582,-5.98436052273289,2.17241653304716e-09,1.01080655594136e-08,"ENSG00000165566.12","AMER2","protein_coding"
105.12132394658,-1.43778684998175,0.240321846048859,-5.98275551565727,2.19393955391651e-09,1.02033573430362e-08,"ENSG00000141665.13","FBXO15","protein_coding"
6977.66696187478,-1.03386078150683,0.172838412181423,-5.98166095405703,2.20873652430388e-09,1.02697325252537e-08,"ENSG00000179094.16","PER1","protein_coding"
709.09969558047,-1.16614339013489,0.194968249714345,-5.9811963837366,2.21504622343301e-09,1.02954001388712e-08,"ENSG00000140379.9","BCL2A1","protein_coding"
6.39705752060687,-2.17095314577409,0.362969196683271,-5.98109471991498,2.21642934046054e-09,1.03006052875964e-08,"ENSG00000236495.2","AL158168.1","lncRNA"
14.5293984168943,-1.36625382144826,0.228524837684819,-5.97857911328045,2.25092290790667e-09,1.04534612282573e-08,"ENSG00000100312.11","ACR","protein_coding"
471.718147939373,-1.12736808970602,0.188610250696484,-5.97723657936387,2.26954492870235e-09,1.05361920281234e-08,"ENSG00000155657.28","TTN","protein_coding"
2161.84245434698,-1.10833560594659,0.185488265063117,-5.97523301848479,2.29761531470954e-09,1.06589193692827e-08,"ENSG00000144824.21","PHLDB2","protein_coding"
6.65048652435346,-2.2461068185593,0.376050513865097,-5.97288591756868,2.33092906045216e-09,1.08057795361395e-08,"ENSG00000236452.1","AC123023.1","lncRNA"
2.16009856750731,-1.72143700257119,0.28829270946677,-5.97114302944108,2.3559708000504e-09,1.09179883203188e-08,"ENSG00000226969.1","AL391845.1","lncRNA"
3908.84988873886,-1.29933618692999,0.217614824344461,-5.97080732364668,2.36082421345932e-09,1.09378892134592e-08,"ENSG00000157551.19","KCNJ15","protein_coding"
27.2693977879323,-1.24745905291647,0.208942838523548,-5.97033648882818,2.36764764436202e-09,1.09682040927584e-08,"ENSG00000224875.2","EML4-AS1","lncRNA"
2664.59110626919,-1.08190898679185,0.181517362812525,-5.96036087142404,2.51681506470748e-09,1.16220781563687e-08,"ENSG00000174804.4","FZD4","protein_coding"
81.2891089737105,-1.48841045184353,0.249730145167717,-5.96007522777806,2.5212184109613e-09,1.1639664657778e-08,"ENSG00000181322.15","NME9","protein_coding"
5.61103058133915,-1.93518065273377,0.324941827034422,-5.95546799990378,2.59328640527613e-09,1.19596806511326e-08,"ENSG00000231758.3","ARHGAP15-AS1","lncRNA"
119.880603168744,-1.39338873835545,0.234098605561465,-5.95214454615623,2.64651470992488e-09,1.21821864620716e-08,"ENSG00000128383.13","APOBEC3A","protein_coding"
44.8057419418612,-1.23602223884777,0.20768941035678,-5.95130120849428,2.66018992460567e-09,1.22408151387282e-08,"ENSG00000138741.11","TRPC3","protein_coding"
59.2206679951066,-2.01393413191579,0.338638853192713,-5.94714431887619,2.72860824341312e-09,1.25423668710207e-08,"ENSG00000231621.1","ANKRD44-AS1","lncRNA"
23.3936175913981,-1.11715570484306,0.18790009381003,-5.94547710004082,2.75652786730929e-09,1.26647519050933e-08,"ENSG00000246250.3","AC087521.2","lncRNA"
249.540653187071,-1.17629923456374,0.1979201709108,-5.94330142880626,2.7933808524554e-09,1.28284902655327e-08,"ENSG00000272734.1","ADIRF-AS1","lncRNA"
12.5730699486801,-1.3388698784951,0.225370073775756,-5.94076159298453,2.83700949654498e-09,1.30253453724395e-08,"ENSG00000144406.19","UNC80","protein_coding"
70.8993286531393,-2.04552055387407,0.344325983940592,-5.94065115407322,2.83892156505152e-09,1.3032594997892e-08,"ENSG00000140067.6","FAM181A","protein_coding"
426.241533400641,-2.42829440015771,0.408826866472029,-5.93966443818303,2.85606071677392e-09,1.31051256927862e-08,"ENSG00000154080.14","CHST9","protein_coding"
337.489204747198,-1.33692710058403,0.225332216210383,-5.93313784894303,2.97199117025596e-09,1.36131319774419e-08,"ENSG00000085563.15","ABCB1","protein_coding"
1.01618749052405,-2.61333362090446,0.440561047582727,-5.93183086712571,2.99575137500172e-09,1.37139385885812e-08,"ENSG00000286738.1","AC073968.2","lncRNA"
671.871079258352,-1.0185313299883,0.17171726317578,-5.93144399783305,3.0028198516821e-09,1.37446886906272e-08,"ENSG00000134533.6","RERG","protein_coding"
27.5856387343093,-1.12648836225357,0.190122339197892,-5.92507102009221,3.12162450109244e-09,1.42651276833176e-08,"ENSG00000183134.5","PTGDR2","protein_coding"
11.9200252374681,-1.02559928043682,0.173098925853131,-5.92493151174726,3.12427573101047e-09,1.42755760894641e-08,"ENSG00000267279.2","AC090409.1","lncRNA"
11.347587498756,-1.3448429297201,0.227005537247236,-5.92427368084598,3.13680678355727e-09,1.43278144329846e-08,"ENSG00000215704.10","CELA2B","protein_coding"
40.9306537135381,-1.02032580639967,0.172252130449823,-5.92344375500707,3.15268591048335e-09,1.43969835877143e-08,"ENSG00000169247.14","SH3TC2","protein_coding"
0.745547537757621,-2.57742033431846,0.435330072242362,-5.92061173500444,3.2074628778745e-09,1.46385852430729e-08,"ENSG00000271399.1","AL078624.1","processed_pseudogene"
7.09850075016269,-1.90467643879696,0.321805314043558,-5.91872276708007,3.24451330841446e-09,1.48059533844392e-08,"ENSG00000274252.1","GGTLC3","protein_coding"
2.59541084285309,-1.59256861243847,0.269166717714999,-5.91666245350853,3.28539963838824e-09,1.49855429828383e-08,"ENSG00000285402.1","AC244230.2","lncRNA"
13.1618444689306,-1.93707750736055,0.327430960134751,-5.91598762243912,3.2989001997245e-09,1.50436153962731e-08,"ENSG00000233009.1","NALCN-AS1","lncRNA"
189.800973772004,-1.20617459737464,0.203971159498559,-5.91345659033312,3.35001846749988e-09,1.5266050151594e-08,"ENSG00000158423.17","RIBC1","protein_coding"
22.3663998603117,-2.8261363803762,0.477962524812869,-5.91288277565838,3.36171436687069e-09,1.5315781219003e-08,"ENSG00000214888.3","AL772337.1","transcribed_unprocessed_pseudogene"
2680.04800760469,-1.05529877627038,0.178518067723901,-5.91143960790859,3.3913060390294e-09,1.54470022830008e-08,"ENSG00000107562.16","CXCL12","protein_coding"
759.326017038709,-1.16702222011674,0.197423987494403,-5.91124834893649,3.39524672111304e-09,1.54631517043615e-08,"ENSG00000110848.8","CD69","protein_coding"
391.310392664906,-1.38278150313696,0.234010945953691,-5.90904625209541,3.4409408947839e-09,1.56657891976485e-08,"ENSG00000146038.12","DCDC2","protein_coding"
31.5035445794354,-2.10878234323505,0.35694512321738,-5.90786147805359,3.46577244433877e-09,1.57733358361736e-08,"ENSG00000259087.5","AL121790.2","lncRNA"
1.77404722560613,-2.64820167889972,0.448637449423214,-5.90276554555209,3.57458100038643e-09,1.62477557354073e-08,"ENSG00000248995.2","LINC02231","lncRNA"
338.9941742561,-1.30458555145036,0.221120581614557,-5.89988295944528,3.63759519887458e-09,1.65226625336229e-08,"ENSG00000003137.8","CYP26B1","protein_coding"
134.7311340856,-1.46418600485315,0.248295996838601,-5.89693762080632,3.70309771272801e-09,1.68084812199002e-08,"ENSG00000118307.20","CFAP94","protein_coding"
100.454913221666,-2.04412294745449,0.346991325759052,-5.89099149087638,3.83885323945241e-09,1.74024752216187e-08,"ENSG00000225473.1","ATP13A4-AS1","lncRNA"
951.821283523931,-1.20007886545892,0.203768522023032,-5.88942224021859,3.87548104621242e-09,1.75624144550478e-08,"ENSG00000133687.16","TMTC1","protein_coding"
22.032402949574,-2.30664580129797,0.391804114437171,-5.88724241605141,3.92692518647613e-09,1.77873028674612e-08,"ENSG00000152936.10","LMNTD1","protein_coding"
306.038096139157,-1.12674255351408,0.191454420770875,-5.88517386528525,3.97635756250383e-09,1.79945469848892e-08,"ENSG00000250510.8","GPR162","protein_coding"
12.0255871044089,-2.53593214379348,0.430945304349067,-5.88458005737862,3.9906593875108e-09,1.8050918101108e-08,"ENSG00000177725.5","AC105206.1","lncRNA"
6.16482947754822,-1.33623251756761,0.227097094043393,-5.88397012826722,4.005401611876e-09,1.81113208313289e-08,"ENSG00000257058.1","AP001363.2","lncRNA"
54.5308044678187,-1.19297892406408,0.202751648298704,-5.88394192636364,4.00608454346911e-09,1.81123159180231e-08,"ENSG00000183549.10","ACSM5","protein_coding"
16.5244770358641,-1.40497841918107,0.238897538410323,-5.88109207206616,4.07568357150372e-09,1.8416348018073e-08,"ENSG00000118520.15","ARG1","protein_coding"
169.488025410357,-1.2898344466158,0.219450808350038,-5.87755614259772,4.16367524485637e-09,1.87900791150357e-08,"ENSG00000283526.1","PRRT1B","protein_coding"
35.1310029567705,-1.01284081621276,0.172474770220796,-5.87239985834539,4.29531177609064e-09,1.9368500243167e-08,"ENSG00000260778.5","AC009065.4","lncRNA"
2.63331600489895,-2.84352728658426,0.484820654595121,-5.86511168538997,4.48830483705658e-09,2.02108005269115e-08,"ENSG00000258979.3","LINC02299","lncRNA"
3.95590322652805,-2.43261633159813,0.414832040883201,-5.86409942303143,4.51576852082359e-09,2.03251136402517e-08,"ENSG00000287348.1","AC099535.2","lncRNA"
2.46896089175441,-1.91101397829324,0.325885632099138,-5.86406330952292,4.51675133134192e-09,2.03271991198092e-08,"ENSG00000282890.1","AC009975.1","lncRNA"
35.0019151338812,-2.75328109224099,0.469660945820649,-5.86227387382641,4.56571146102862e-09,2.05310107080569e-08,"ENSG00000203963.11","C1orf141","protein_coding"
497.238426379154,-1.95010872195706,0.332675303364029,-5.86189807971157,4.5760588563537e-09,2.05728123975157e-08,"ENSG00000203985.11","LDLRAD1","protein_coding"
19.8303478931469,-1.76734157400982,0.301578096699411,-5.86031145282865,4.619998358982e-09,2.07631969433013e-08,"ENSG00000007350.17","TKTL1","protein_coding"
4.23332165536189,-1.67820603544539,0.286554819512398,-5.85649209565217,4.7274607776725e-09,2.12339609379135e-08,"ENSG00000281974.1","AC025268.1","TEC"
167.887312592239,-1.10010604312024,0.187876437900362,-5.85547637274063,4.75644642613766e-09,2.13543489101873e-08,"ENSG00000173013.6","CCDC96","protein_coding"
1.11954231994582,-2.63278434954759,0.449755760000923,-5.8538090752683,4.80440135853122e-09,2.15597510964089e-08,"ENSG00000234436.1","AC245884.2","unprocessed_pseudogene"
11.801181146572,-1.03701986873243,0.177294754484023,-5.84912888004185,4.94154104930566e-09,2.21497643528499e-08,"ENSG00000278570.5","NR2E3","protein_coding"
165.979672755791,-1.83897542651463,0.314560368108144,-5.84617648299037,5.03000392664349e-09,2.25333810708055e-08,"ENSG00000171811.14","CFAP46","protein_coding"
97.3566104846702,-1.03835451896236,0.177722147267915,-5.84257243638322,5.14008237608323e-09,2.30107039764916e-08,"ENSG00000219507.4","FTH1P8","processed_pseudogene"
1.13270380991477,-2.69594520817012,0.461950359967255,-5.83600629375248,5.34668770242519e-09,2.38973428307938e-08,"ENSG00000283286.1","AC093277.1","lncRNA"
2826.81122550852,-1.04988265670493,0.180066734307094,-5.83051978337329,5.52549872178321e-09,2.46599327648379e-08,"ENSG00000170271.11","FAXDC2","protein_coding"
2.98195021257583,-1.74980484408967,0.300147374124436,-5.82981893209645,5.54875507186483e-09,2.47580769346799e-08,"ENSG00000240423.3","LINC00636","lncRNA"
10.7482332383933,-1.55174817537205,0.266195075098114,-5.82936470481321,5.56387852611919e-09,2.48227260980014e-08,"ENSG00000256660.6","CLEC12B","protein_coding"
1.29161972891163,-1.9069021218191,0.327261221734815,-5.82685021986594,5.64832626456731e-09,2.51736509178569e-08,"ENSG00000237926.1","AC239367.3","unprocessed_pseudogene"
1.66391337753955,-2.57068346106962,0.441184051764519,-5.82678238433179,5.65062167407569e-09,2.51810131793937e-08,"ENSG00000258873.3","DUXA","protein_coding"
161.787158593599,-1.01078051232545,0.173539860457432,-5.82448614203758,5.72885912446954e-09,2.55122324342344e-08,"ENSG00000165178.9","NCF1C","unprocessed_pseudogene"
198.040282893956,-1.87275550937194,0.321542236618179,-5.82429085854677,5.73556122412209e-09,2.55391723100958e-08,"ENSG00000142609.18","CFAP74","protein_coding"
2.91066513791492,-1.66801191111945,0.286396180879719,-5.82414159991883,5.7406888996996e-09,2.55561885476843e-08,"ENSG00000286203.1","AL158152.1","transcribed_unitary_pseudogene"
1.05073087276887,-2.01626789767587,0.346270680103853,-5.82280861051002,5.78668100998738e-09,2.57462893236858e-08,"ENSG00000223042.1","RN7SKP161","misc_RNA"
17.5068894770957,-1.38621526359726,0.238090357599347,-5.82222345152656,5.8069837689418e-09,2.58248757657077e-08,"ENSG00000224940.9","PRRT4","protein_coding"
618.245978249882,-1.02051956556299,0.175287427720779,-5.8219781009543,5.8155170902911e-09,2.5859886279566e-08,"ENSG00000111962.8","UST","protein_coding"
76.4224598985379,-1.04949907719573,0.1803135942577,-5.82041016661125,5.87033880281279e-09,2.60818405299725e-08,"ENSG00000198019.13","FCGR1B","protein_coding"
1.15910076718854,-2.12070213845804,0.364385022022215,-5.81994870889273,5.88656887104215e-09,2.61490891693439e-08,"ENSG00000273923.1","AC104260.1","lncRNA"
8.46877368095903,-1.41868645560684,0.243858409706091,-5.81766467400779,5.96754622507324e-09,2.64967719656576e-08,"ENSG00000285875.1","AL035446.2","lncRNA"
156.938737657891,-1.51853462323951,0.261078849417984,-5.81638316020136,6.01345403004908e-09,2.66884960473915e-08,"ENSG00000119698.12","PPP4R4","protein_coding"
34.7211534732482,-1.53504490427194,0.264018848885045,-5.8141489168461,6.09431444435277e-09,2.70197845594797e-08,"ENSG00000137561.5","TTPA","protein_coding"
2.19087618179345,-1.81514781486999,0.312234055128264,-5.81342036545097,6.12090968232869e-09,2.71284762463704e-08,"ENSG00000185758.9","CLDN24","protein_coding"
0.861105350758676,-2.3988319556199,0.413035134803018,-5.80781573646013,6.32931173512701e-09,2.80172282248026e-08,"ENSG00000231505.1","AC108868.1","lncRNA"
8.25940158155512,-2.1865562364205,0.376554324582647,-5.80674843887125,6.36977292542794e-09,2.81899552527619e-08,"ENSG00000249610.1","ZNF474-AS1","lncRNA"
4112.10603025702,-1.14946758476279,0.198243358220483,-5.79826529918026,6.70043934955457e-09,2.96098127823173e-08,"ENSG00000136960.13","ENPP2","protein_coding"
12.6279729391672,-1.71834098791206,0.29637284786472,-5.79790287906673,6.71493188768253e-09,2.96638066941641e-08,"ENSG00000123560.14","PLP1","protein_coding"
3.31387105384474,-1.10389568634474,0.190396524534988,-5.79787729340552,6.71595616423995e-09,2.96649825784935e-08,"ENSG00000286606.1","AC097468.3","lncRNA"
188.93867493464,-1.28521734978515,0.221860933466545,-5.7928961611394,6.91828853421922e-09,3.05242472243243e-08,"ENSG00000166405.15","RIC3","protein_coding"
824.329855155986,-1.03278970751838,0.178344888231571,-5.79096893529888,6.99815210232353e-09,3.08487878693277e-08,"ENSG00000010626.15","LRRC23","protein_coding"
0.672008707252096,-2.41316549630086,0.416805620007404,-5.78966640674852,7.05263543498102e-09,3.10749552084498e-08,"ENSG00000257281.1","AC009729.1","processed_pseudogene"
2.31435458581532,-2.83646074493312,0.490116891901103,-5.78731480551679,7.1520468252254e-09,3.14917007221667e-08,"ENSG00000149452.16","SLC22A8","protein_coding"
2.41403691027894,-1.39785493953675,0.241642666895237,-5.78480182120646,7.25978658015825e-09,3.19445303798687e-08,"ENSG00000279372.1","AC137723.1","TEC"
31.7433199229889,-1.22974913014953,0.212687537663608,-5.78195198298139,7.38387861393193e-09,3.24723032188998e-08,"ENSG00000260695.1","AC022164.1","lncRNA"
34.6363801235514,-1.25135281754393,0.21648894887676,-5.78021568323232,7.46049183663309e-09,3.27871188296597e-08,"ENSG00000253123.4","AC091182.1","lncRNA"
2.51308158191064,-1.14760014721684,0.19861958127036,-5.77788020635654,7.5647635762894e-09,3.32341712702122e-08,"ENSG00000260509.2","AL590787.1","lncRNA"
1.72641237598977,-2.74801301918796,0.475743703398534,-5.77624674705558,7.63853319033958e-09,3.35431985491166e-08,"ENSG00000224445.3","LINC01708","lncRNA"
174.373884146209,-1.54738079242466,0.267929698573426,-5.77532390273864,7.68051904818148e-09,3.37162206500325e-08,"ENSG00000123977.10","DAW1","protein_coding"
16.1337949359782,-1.89897083173874,0.328854578873498,-5.77450020079917,7.71818378363358e-09,3.3873962498583e-08,"ENSG00000197273.4","GUCA2A","protein_coding"
6.7056497861062,-1.53500244880497,0.266119412244897,-5.76809649418727,8.0171899986529e-09,3.51547133390057e-08,"ENSG00000170935.8","NCBP2L","protein_coding"
581.172790144248,-1.5300470236974,0.265323671700178,-5.76671886791309,8.08297180381406e-09,3.54352195445942e-08,"ENSG00000128918.15","ALDH1A2","protein_coding"
3.9081657692353,-1.31462417615178,0.228208079139592,-5.76063819084884,8.37964912162681e-09,3.66906176321337e-08,"ENSG00000234336.7","JAZF1-AS1","lncRNA"
68.5618782481921,-1.42338471536017,0.247092365918198,-5.76053699623966,8.38467489825081e-09,3.67044091557727e-08,"ENSG00000179766.19","ATP8B5P","transcribed_unprocessed_pseudogene"
266.62539837387,-1.57634298675949,0.273905137211161,-5.75506908271034,8.6606370491364e-09,3.78573936963535e-08,"ENSG00000126861.5","OMG","protein_coding"
182.737492723108,-1.67084457455206,0.290352290160329,-5.75454243405292,8.68767816615332e-09,3.79586349173454e-08,"ENSG00000143171.13","RXRG","protein_coding"
127.616798340098,-1.11145818396458,0.19346422959199,-5.74503196952021,9.19036209219757e-09,4.00699787219814e-08,"ENSG00000253159.3","PCDHGA12","protein_coding"
143.983300936946,-1.61447689350537,0.281046624863968,-5.74451621430007,9.2184162584334e-09,4.01833403819492e-08,"ENSG00000163491.16","NEK10","protein_coding"
7.22617779501728,-1.38661662487907,0.241523095388465,-5.7411347045252,9.40442429515519e-09,4.09530967164164e-08,"ENSG00000229212.8","AC044860.1","transcribed_unprocessed_pseudogene"
4.4753207527802,-1.43726137918727,0.250524052531323,-5.73701951834572,9.63571561737618e-09,4.19229695156268e-08,"ENSG00000274717.1","AL049757.1","processed_pseudogene"
3.44947715445058,-1.70774142641033,0.297717548077598,-5.73611276002185,9.6874178374396e-09,4.21291784170759e-08,"ENSG00000286150.1","AC097459.1","lncRNA"
3.81194754580096,-1.81238328683913,0.316068072881079,-5.73415489365494,9.79997428637436e-09,4.25902703021007e-08,"ENSG00000091704.10","CPA1","protein_coding"
295.426378257947,-1.29653288480639,0.226130168338559,-5.73356883043236,9.8339131713731e-09,4.27282762945815e-08,"ENSG00000148357.16","HMCN2","protein_coding"
0.938475299646998,-2.10079429487462,0.366408275290905,-5.73347939046062,9.83910267237724e-09,4.27460782361268e-08,"ENSG00000207087.1","RNU6-242P","snRNA"
1211.16416075812,-1.2672247008199,0.221177611161189,-5.7294438355082,1.0076044299757e-08,4.37414787545807e-08,"ENSG00000173930.9","SLCO4C1","protein_coding"
541.201945005996,-1.14723042519047,0.200320279767013,-5.72698094533805,1.02233646480836e-08,4.43662506425818e-08,"ENSG00000121552.4","CSTA","protein_coding"
3.32864149182909,-1.59951194652757,0.279312401788715,-5.72660553661172,1.02460032013329e-08,4.44595643459037e-08,"ENSG00000213777.5","AC011487.1","transcribed_processed_pseudogene"
3.9051822569319,-1.32222928176761,0.231263485227867,-5.7174148373004,1.08156849874212e-08,4.6853600049018e-08,"ENSG00000256508.2","MRGPRF-AS1","lncRNA"
176.69297641402,-1.13240193074016,0.198090541084473,-5.71658759949198,1.08684453844169e-08,4.70638968863356e-08,"ENSG00000140287.11","HDC","protein_coding"
30.3765972198549,-1.42901069017433,0.250019727113191,-5.71559175219553,1.0932291379201e-08,4.73220679158757e-08,"ENSG00000110675.13","ELMOD1","protein_coding"
281.727710385926,-1.62301542975465,0.284030487230579,-5.71422964337301,1.10202097600365e-08,4.76815378283933e-08,"ENSG00000243710.8","CFAP57","protein_coding"
670.775581317569,-1.24317774628998,0.21759564016114,-5.71324749599462,1.10840291864253e-08,4.79523655161976e-08,"ENSG00000185008.17","ROBO2","protein_coding"
361.634128981947,-1.00464883115406,0.175900599393156,-5.71145769042304,1.12012547094167e-08,4.84380923896768e-08,"ENSG00000150337.13","FCGR1A","protein_coding"
4.409838904524,-1.23411044950798,0.216175959210193,-5.70882374717731,1.1375962037434e-08,4.91711470443067e-08,"ENSG00000221970.2","OR2A1","protein_coding"
367.982789421563,-1.09429249504643,0.191825434530867,-5.70462669730246,1.1659833954386e-08,5.03210502337132e-08,"ENSG00000165996.14","HACD1","protein_coding"
96.3532178031148,-1.24410866147714,0.218100532236057,-5.70428989201458,1.16829101621371e-08,5.04150813359714e-08,"ENSG00000115353.11","TACR1","protein_coding"
266.539114446367,-1.11712435787753,0.196035965512523,-5.69856839767582,1.20817661145757e-08,5.20730906299662e-08,"ENSG00000116833.14","NR5A2","protein_coding"
2.34653818498219,-1.5280518508766,0.268386167483793,-5.69348213882474,1.24474243123121e-08,5.35782819013405e-08,"ENSG00000225940.7","C5orf67","lncRNA"
8.95121652711096,-2.37133226911964,0.416583018302755,-5.69234021775765,1.25309846802207e-08,5.39201629119988e-08,"ENSG00000260951.2","AC005100.1","lncRNA"
2011.17296936538,-1.33550575904401,0.234619595188492,-5.69221747216414,1.2539998995214e-08,5.39470867064335e-08,"ENSG00000104267.10","CA2","protein_coding"
188.974217613644,-1.24697122529637,0.219072084897048,-5.69205896717685,1.25516487664178e-08,5.39853339062096e-08,"ENSG00000175920.18","DOK7","protein_coding"
135.138282655819,-1.80409407409469,0.316955670648818,-5.69194446151302,1.25600712247738e-08,5.40156222768024e-08,"ENSG00000126838.10","PZP","protein_coding"
472.671727765698,-1.03920603230235,0.182657083926659,-5.68938258490763,1.27499522016566e-08,5.47840539807867e-08,"ENSG00000254838.5","GVINP1","transcribed_unprocessed_pseudogene"
6.9613213758934,-1.91974754989521,0.337858450197694,-5.68210606770939,1.33046101784216e-08,5.70607958013827e-08,"ENSG00000102290.22","PCDH11X","protein_coding"
1.01061901875239,-2.049756882529,0.360836700381311,-5.68056652874538,1.34249319403764e-08,5.75326921212211e-08,"ENSG00000134200.4","TSHB","protein_coding"
297.292390042835,-1.86902020827883,0.32923708935202,-5.67682156332173,1.37220477797267e-08,5.87673691220843e-08,"ENSG00000092850.12","TEKT2","protein_coding"
2.70688947211927,-2.21660546022564,0.390609593786004,-5.67473378915523,1.38904495383153e-08,5.94625512398882e-08,"ENSG00000234022.1","AC008278.2","lncRNA"
5.88344898332416,-1.13879979675869,0.200713515773168,-5.67375740677911,1.39698928081537e-08,5.9779638535147e-08,"ENSG00000279469.1","AC109454.4","TEC"
22.59108087442,-1.32907906185341,0.234307377035152,-5.67237395028335,1.4083213859134e-08,6.02284416963688e-08,"ENSG00000147647.13","DPYS","protein_coding"
1.09072830957217,-2.01292731294258,0.35494916068645,-5.67102992735552,1.41941597585854e-08,6.06697613886625e-08,"ENSG00000233529.1","HCG21","lncRNA"
10.957720506634,-1.00583374029272,0.177381768208924,-5.67044601285081,1.42426246506682e-08,6.08503270231792e-08,"ENSG00000256069.7","A2MP1","transcribed_unprocessed_pseudogene"
48.2960189527673,-1.11455208252894,0.196626319395093,-5.66837687832318,1.4415660256483e-08,6.15358570411733e-08,"ENSG00000233968.7","AL157895.1","lncRNA"
3.24813252330233,-1.43354773971317,0.253085687384156,-5.66427819182519,1.47644708095559e-08,6.29973293259984e-08,"ENSG00000265489.1","AC005358.1","lncRNA"
3.21071496436554,-1.3518250764135,0.238762811826867,-5.66179073730184,1.4980143670902e-08,6.3847947063072e-08,"ENSG00000062096.15","ARSF","protein_coding"
16.795080045278,-1.02552555330311,0.181213463794427,-5.65921279704963,1.5206890403678e-08,6.477910171852e-08,"ENSG00000258789.1","AL162171.1","lncRNA"
58.5533640119669,-1.75899926779708,0.31092434527973,-5.65732241460397,1.53752769342255e-08,6.5482146464212e-08,"ENSG00000100218.12","RSPH14","protein_coding"
12.3809468070462,-1.12825034455486,0.199450642950428,-5.65678970929802,1.5423054027394e-08,6.56784772168847e-08,"ENSG00000282556.3","AC068733.3","lncRNA"
0.783917243065018,-2.24261476879791,0.396466193699139,-5.65650944377804,1.54482482455602e-08,6.57714505600063e-08,"ENSG00000211692.1","TRGJP1","TR_J_gene"
7.37502328883134,-1.81468890304125,0.320954766623064,-5.65403319020483,1.5672592635804e-08,6.66830730055068e-08,"ENSG00000281560.1","LSINCT5","lncRNA"
1.15327851968933,-2.08179931655113,0.368482238457736,-5.64965987306307,1.6076560902561e-08,6.8297894330487e-08,"ENSG00000286160.2","AC113618.2","lncRNA"
710.266785066335,-1.17252713804174,0.207583231030231,-5.6484675193777,1.61884429573337e-08,6.87624719613421e-08,"ENSG00000105374.10","NKG7","protein_coding"
8.53643270209674,-1.52514331559866,0.270010944396245,-5.648449987866,1.61900936186249e-08,6.87624719613421e-08,"ENSG00000250686.2","KHDRBS2-OT1","lncRNA"
4.5245136111514,-1.38100023222745,0.24452435934983,-5.64770003241972,1.62608581615548e-08,6.90358729217536e-08,"ENSG00000129226.14","CD68","protein_coding"
5.35099635623834,-1.19846921882613,0.21226808198238,-5.64601709137607,1.64207528185124e-08,6.96920258721484e-08,"ENSG00000175749.11","EIF3KP1","processed_pseudogene"
8.61757343608966,-1.12868652296776,0.199981624810919,-5.64395115818728,1.66191238394967e-08,7.04727931256333e-08,"ENSG00000225774.2","SIRPAP1","processed_pseudogene"
1.76435440878937,-2.56765082026179,0.455982157307906,-5.63103353741088,1.79132886498572e-08,7.57390489635401e-08,"ENSG00000162456.10","KNCN","protein_coding"
3.19341622321429,-2.16057819226306,0.383765453324347,-5.62994447141392,1.80267648622572e-08,7.61859094745639e-08,"ENSG00000270981.1","AC092944.2","processed_pseudogene"
348.494764719912,-1.32464931083163,0.235387184023779,-5.62753370080596,1.82804455941584e-08,7.71996672291187e-08,"ENSG00000142621.19","FHAD1","protein_coding"
12.6618993659362,-1.05403226539766,0.187328864615156,-5.62664097475335,1.83752621498291e-08,7.75749685170959e-08,"ENSG00000248079.3","DPH6-DT","lncRNA"
2.09135557979546,-2.11519349573468,0.37601713964768,-5.62525819359343,1.85230709235469e-08,7.81736721645073e-08,"ENSG00000148604.15","RGR","protein_coding"
1.73857078691038,-2.18077992970591,0.387957951558393,-5.62117600875535,1.89661918952198e-08,7.99747904150696e-08,"ENSG00000263317.1","LINC01982","lncRNA"
11.2246349454217,-1.87069690236024,0.332822127336689,-5.62071073017271,1.90173465570472e-08,8.01732156996138e-08,"ENSG00000248399.1","AL645924.1","lncRNA"
3.59800211042591,-1.72345633035271,0.306765658446369,-5.61815275895367,1.93009822679595e-08,8.13339152624946e-08,"ENSG00000225365.1","AC078942.1","lncRNA"
1.77761940737519,-2.31404025800564,0.411980152834185,-5.61687314810285,1.94444064699331e-08,8.1903021482772e-08,"ENSG00000226337.3","TMEM252-DT","lncRNA"
254.623876506257,-1.013882659265,0.18056532086635,-5.61504642419932,1.96509478368524e-08,8.27373832369132e-08,"ENSG00000172935.9","MRGPRF","protein_coding"
3.50409538486741,-1.3033262359415,0.23215224176815,-5.61410144487481,1.97586277604401e-08,8.31728553026875e-08,"ENSG00000271390.1","AP003973.2","lncRNA"
1.41975884128255,-1.85924514131913,0.331365303777374,-5.61086245338543,2.01320736106172e-08,8.46628879588459e-08,"ENSG00000266106.1","AC103809.1","lncRNA"
17.331260131626,-1.37766269675768,0.245663631514903,-5.60792286697962,2.04769242308256e-08,8.60206679631174e-08,"ENSG00000109832.14","DDX25","protein_coding"
6873.19125240882,-1.52409862052739,0.271951216970435,-5.60430888122515,2.09087553988218e-08,8.77593593812394e-08,"ENSG00000275385.2","CCL18","protein_coding"
8.46747920078522,-2.15590112939459,0.384692245255871,-5.60422300158567,2.0919123849623e-08,8.77934615357786e-08,"ENSG00000277749.1","AC023300.2","lncRNA"
18.8727840422641,-1.91350862313016,0.341562233521438,-5.60222540824339,2.11617112161856e-08,8.87639534355837e-08,"ENSG00000261026.1","AC105046.1","lncRNA"
12.7110041183081,-1.09753844891256,0.196118096090781,-5.59631401074036,2.18956974729247e-08,9.17345329564259e-08,"ENSG00000263050.1","AC090617.5","lncRNA"
44.924002361191,-1.19344805440918,0.213263124831387,-5.59612945441349,2.19190061365261e-08,9.18223561854621e-08,"ENSG00000214575.9","CPEB1","protein_coding"
6.66106682107449,-1.92323896224691,0.343984218040285,-5.59106744258154,2.25677896034094e-08,9.44290178540435e-08,"ENSG00000169194.9","IL13","protein_coding"
3.05210104584592,-2.20275576207045,0.394178852813531,-5.58821394488271,2.29416897250051e-08,9.58989439196638e-08,"ENSG00000164007.11","CLDN19","protein_coding"
5.17128478671081,-1.42800401833335,0.255559922291495,-5.58774633177634,2.30035327751206e-08,9.61289236462242e-08,"ENSG00000251448.2","AC063919.1","lncRNA"
3.05218571654037,-1.62212339764604,0.290378877939804,-5.58623068301237,2.32050955074783e-08,9.68987933308219e-08,"ENSG00000253964.1","RPL31P40","processed_pseudogene"
136.609867979635,-1.0955551016414,0.196140574326315,-5.58556079181628,2.32947281422218e-08,9.72523212347468e-08,"ENSG00000186976.15","EFCAB6","protein_coding"
1.39904813961827,-2.95293401025523,0.528947449449939,-5.5826604577185,2.36866902866377e-08,9.88570688573401e-08,"ENSG00000225391.5","NHEG1","lncRNA"
3.84676609792604,-1.72377415117525,0.308891659914893,-5.58051373627306,2.39809211718278e-08,1.00031705188657e-07,"ENSG00000230470.1","AL078645.1","lncRNA"
9.36732986242946,-1.63703859501999,0.293353453512843,-5.58043062188909,2.39923839158079e-08,1.00068852591076e-07,"ENSG00000207870.1","MIR221","miRNA"
81.0306654090277,-1.28648810079873,0.230554059441149,-5.57998459848032,2.40539882609107e-08,1.00315103339838e-07,"ENSG00000164128.7","NPY1R","protein_coding"
2.12928475865367,-1.92162573535801,0.344380814630298,-5.57994421791739,2.40595731599912e-08,1.00327702187086e-07,"ENSG00000205716.4","FAM183DP","processed_pseudogene"
1.98926796523042,-1.65283725247656,0.296308959078934,-5.57808733699565,2.43177561110081e-08,1.01328731165995e-07,"ENSG00000248466.1","AC098827.1","processed_pseudogene"
3.77362171314143,-1.6676361499086,0.299136160949104,-5.57483971385304,2.47757878008591e-08,1.03127470740923e-07,"ENSG00000250726.1","AC107222.1","processed_pseudogene"
2.38163933718174,-1.60660962837675,0.288193148767529,-5.57476690631782,2.47861516395119e-08,1.03159636226946e-07,"ENSG00000251538.7","LINC02201","lncRNA"
13.68924109106,-1.27283399246707,0.228438567694892,-5.57188746764993,2.51994179774771e-08,1.04835044107661e-07,"ENSG00000215481.9","BCRP3","lncRNA"
50.3121122127594,-1.117064554952,0.20049095993864,-5.57164550109332,2.5234448786119e-08,1.04969620011653e-07,"ENSG00000138395.17","CDK15","protein_coding"
1676.80768203837,-1.51987966873611,0.272831035352292,-5.57077264605757,2.53612099069859e-08,1.05485704174135e-07,"ENSG00000064886.14","CHI3L2","protein_coding"
68.584213531665,-1.38525395327331,0.248690141006059,-5.57020052210096,2.54446321434784e-08,1.05776468756662e-07,"ENSG00000140527.15","WDR93","protein_coding"
4.83111904202026,-2.02456139403334,0.363488277964627,-5.56981205933238,2.55014262002675e-08,1.05990048714038e-07,"ENSG00000242550.6","SERPINB10","protein_coding"
983.458642807874,-1.08187159660235,0.194741918515504,-5.55541202864455,2.7695767382151e-08,1.14647527074046e-07,"ENSG00000188153.14","COL4A5","protein_coding"
4.37204966221865,-1.67917243197637,0.3022582586949,-5.55542283352901,2.76940541425448e-08,1.14647527074046e-07,"ENSG00000258234.1","AC024257.1","lncRNA"
4568.64205604088,-1.14545690698773,0.206283575633702,-5.55282650821275,2.8108701966692e-08,1.16283076081893e-07,"ENSG00000047936.11","ROS1","protein_coding"
538.400111702975,-1.24763788295066,0.224734008762429,-5.55162029023192,2.83033851982222e-08,1.17026602513909e-07,"ENSG00000143196.5","DPT","protein_coding"
67.2015893610005,-1.65131942318453,0.297521674429683,-5.5502491586535,2.85262744525413e-08,1.17910810774521e-07,"ENSG00000258647.6","LINC00930","lncRNA"
164.262483923742,-1.87206486153896,0.337371988273182,-5.54896353761024,2.87368097094929e-08,1.18743410849226e-07,"ENSG00000140481.15","CCDC33","protein_coding"
8.1307098906116,-1.39266801865156,0.251007606575858,-5.54831001996219,2.88444079421063e-08,1.1917543313088e-07,"ENSG00000286282.1","AC021733.4","lncRNA"
30.9028992962635,-1.17868682492577,0.212443809849132,-5.54822861519393,2.885783815487e-08,1.19218334547954e-07,"ENSG00000100024.15","UPB1","protein_coding"
3.49240287140676,-1.87025141552772,0.337136859301047,-5.54745458388957,2.8985841840767e-08,1.19709232408554e-07,"ENSG00000149516.14","MS4A3","protein_coding"
4.23506259217242,-1.23966426384901,0.223483958183765,-5.54699439692966,2.90622051653372e-08,1.20002019492554e-07,"ENSG00000260461.1","AL133355.1","lncRNA"
28.912346332354,-1.0413945977534,0.187740472345609,-5.54699039979145,2.90628693039005e-08,1.20002019492554e-07,"ENSG00000275367.1","AC092111.1","lncRNA"
57.8449549283209,-1.23433759447945,0.222791589865252,-5.54032400965405,3.01912517712783e-08,1.24451055837131e-07,"ENSG00000185055.11","EFCAB10","protein_coding"
2.45707450680285,-1.8063685209147,0.326351411650915,-5.53504123600022,3.11155140082335e-08,1.2804513394218e-07,"ENSG00000066813.14","ACSM2B","protein_coding"
2.59076911434618,-1.85187904579312,0.334707344585331,-5.53283062278603,3.15103723335777e-08,1.29561036018202e-07,"ENSG00000229459.1","AC023669.1","lncRNA"
746.079571068494,-1.2726239739035,0.230035726540798,-5.5322883668585,3.1607969686096e-08,1.2992137203641e-07,"ENSG00000138356.14","AOX1","protein_coding"
5354.16750292214,-1.25406299532271,0.22676584110314,-5.53021120474808,3.19845458420879e-08,1.31427834017299e-07,"ENSG00000053747.17","LAMA3","protein_coding"
146.63160943163,-3.04879855957105,0.551467938355971,-5.52851461983463,3.22953516419534e-08,1.32649250036872e-07,"ENSG00000140465.14","CYP1A1","protein_coding"
3.65532814519359,-1.71154240252147,0.309586211464959,-5.52848395418668,3.23009963026692e-08,1.32658510319033e-07,"ENSG00000227877.7","MRLN","protein_coding"
1.50138853080079,-2.63401884776554,0.476733835518198,-5.52513509955177,3.2923217034846e-08,1.35100503962936e-07,"ENSG00000258084.6","AC128707.1","lncRNA"
2.11289745711499,-2.24021464961985,0.405545784908547,-5.52395002730711,3.31461775475838e-08,1.35972646358581e-07,"ENSG00000239831.1","RNF7P1","processed_pseudogene"
55.8244915492343,-2.25161312088116,0.40772005055334,-5.52244884161415,3.34307154633448e-08,1.37096764493413e-07,"ENSG00000226673.2","LINC01108","lncRNA"
13.7187533127594,-2.20828863719927,0.400774001792815,-5.51005960297014,3.58712213145357e-08,1.46659362789583e-07,"ENSG00000255986.6","MT1JP","transcribed_unprocessed_pseudogene"
3568.08290929453,-1.34512192877151,0.244158988816864,-5.50920502779626,3.60457868872698e-08,1.4734228420409e-07,"ENSG00000108691.9","CCL2","protein_coding"
8.25613098900119,-1.70700584940495,0.310461633485149,-5.49828276764061,3.8350760604113e-08,1.56290732472354e-07,"ENSG00000243352.3","RN7SL8P","misc_RNA"
4.36430134883743,-1.17685795782262,0.214125597196812,-5.49611056888689,3.88259124978382e-08,1.58194167217087e-07,"ENSG00000064835.11","POU1F1","protein_coding"
5.67025272322686,-1.0743387689715,0.19550758434815,-5.49512579040601,3.90432013361147e-08,1.59046378459661e-07,"ENSG00000270638.1","AL023806.1","lncRNA"
21.9862119099327,-1.02121522034875,0.185896672942184,-5.49345614521222,3.94143016448867e-08,1.60424489043693e-07,"ENSG00000255495.1","AC145124.1","lncRNA"
7.2115191763961,-1.51639505909759,0.276163008442112,-5.4909419898482,3.99795661512723e-08,1.62623742522394e-07,"ENSG00000258551.6","CRAT37","lncRNA"
2.43803996475619,-2.95199008985682,0.538129968395803,-5.4856452218353,4.1196295894481e-08,1.6729475452957e-07,"ENSG00000279737.1","AC112204.3","TEC"
7.75293424772267,-2.38747583062735,0.435416021672967,-5.48320620232145,4.17685683027882e-08,1.69513155595976e-07,"ENSG00000276422.2","AL590491.2","lncRNA"
1.25043157861806,-2.59705074482915,0.474180716936366,-5.47692188245957,4.32788159497797e-08,1.75351350893646e-07,"ENSG00000130385.6","BMP15","protein_coding"
222.738396358547,-1.44117976349337,0.263165702563993,-5.47632062024845,4.34260554637295e-08,1.75902242356642e-07,"ENSG00000112319.19","EYA4","protein_coding"
9.36175673484281,-1.18781102127288,0.217072822833618,-5.47194718236706,4.45117508661672e-08,1.80011298381975e-07,"ENSG00000257953.1","AC083805.2","lncRNA"
68.2932312772055,-1.33767844398491,0.24451624210716,-5.47071406159867,4.48225960839371e-08,1.81230936904375e-07,"ENSG00000109072.14","VTN","protein_coding"
7.27398501965637,-2.16932095759182,0.396679187808084,-5.46870373910654,4.53338757742049e-08,1.83127892321711e-07,"ENSG00000170788.14","DYDC1","protein_coding"
97.6766819344399,-1.63883114915881,0.299987247615009,-5.46300271824226,4.681474289454e-08,1.88739718133757e-07,"ENSG00000116032.5","GRIN3B","protein_coding"
5.17554078057005,-1.56034969979727,0.28583448524638,-5.45892738747846,4.79019600994211e-08,1.9290435326237e-07,"ENSG00000279622.2","AC025280.2","lncRNA"
7.9428729580743,-1.30688203290832,0.239553658453336,-5.4554876821591,4.88386173665615e-08,1.96494338491766e-07,"ENSG00000285336.1","AC108734.4","lncRNA"
1055.44776409896,-1.13853072963899,0.208713281489132,-5.45499894168584,4.89731371550438e-08,1.96995048315586e-07,"ENSG00000150893.11","FREM2","protein_coding"
1.93209190651425,-2.06455665830761,0.378754159187828,-5.4509148169744,5.01113703696627e-08,2.01242614320122e-07,"ENSG00000196946.10","ZNF705A","protein_coding"
2.19998816427263,-1.7130208206777,0.314273305562406,-5.45073600066724,5.0161787423455e-08,2.01424412895559e-07,"ENSG00000286492.1","AC117509.1","lncRNA"
3.17604538632327,-1.34284458809626,0.24637888184833,-5.45032341255169,5.02783038384184e-08,2.01850857443434e-07,"ENSG00000212206.1","AC135178.1","snoRNA"
5.45212973387245,-1.00422949750193,0.184355322571941,-5.44724981894703,5.11545923758871e-08,2.05179413105867e-07,"ENSG00000234699.1","AL139339.1","lncRNA"
60.3331885700765,-2.0866159987168,0.38317410878666,-5.44560801700348,5.16287207464662e-08,2.06953848753326e-07,"ENSG00000206199.11","ANKUB1","protein_coding"
3.49094199242585,-2.01646905400456,0.370373004759536,-5.44442772041052,5.19722018535031e-08,2.08266690294873e-07,"ENSG00000169877.10","AHSP","protein_coding"
1.25293641351071,-1.90754480790788,0.350489573304475,-5.44251513653666,5.2533495045698e-08,2.10451289376864e-07,"ENSG00000229224.2","AC105398.1","lncRNA"
0.893282396033803,-2.39985260715027,0.441055543489678,-5.44115733851203,5.2935534469254e-08,2.11931696267278e-07,"ENSG00000277526.5","AC245123.1","lncRNA"
5.79641735527811,-1.12497340798213,0.206770881401303,-5.44067617431474,5.30787198965273e-08,2.12461475886969e-07,"ENSG00000213729.3","RPS16P2","processed_pseudogene"
9.23379686561101,-2.50254745254641,0.459990169358293,-5.44043681637278,5.31500880600397e-08,2.12703630177686e-07,"ENSG00000277350.2","AL353770.4","lncRNA"
2.46212821420519,-1.4009919174728,0.257631088512252,-5.43797693656902,5.38889480596299e-08,2.15506226522369e-07,"ENSG00000236990.1","AC025822.2","lncRNA"
25.5062314253954,-1.12480851820447,0.20689997127245,-5.43648465143237,5.43420179400119e-08,2.1718491512722e-07,"ENSG00000229272.2","AL157388.1","lncRNA"
1.82515216138294,-1.86218807674641,0.342617474738215,-5.43518125620785,5.47407577604998e-08,2.18666863201931e-07,"ENSG00000230077.1","MTAPP2","processed_pseudogene"
911.098860086959,-1.15426202116804,0.2124717621282,-5.43254317470943,5.55565057052345e-08,2.21812225767935e-07,"ENSG00000166828.3","SCNN1G","protein_coding"
3.02705323998788,-1.59646027068415,0.294159182428191,-5.42719848996682,5.72454557155441e-08,2.28345762243115e-07,"ENSG00000270490.1","AC110048.1","processed_pseudogene"
2.05009118671051,-1.40049320314783,0.258299139558061,-5.42198168195224,5.89419235791832e-08,2.348972819612e-07,"ENSG00000254664.1","AC103681.2","lncRNA"
3.09289089263801,-1.64739710174782,0.304037481682732,-5.41840135180077,6.01343036152928e-08,2.39429734917585e-07,"ENSG00000268080.2","AC016885.3","processed_pseudogene"
0.803721983975958,-1.96025466187862,0.362365819327582,-5.40960145058973,6.31651607493895e-08,2.51014970571109e-07,"ENSG00000286450.1","AC021573.1","lncRNA"
2.90605054700056,-1.59745690997967,0.295544848320955,-5.40512520876312,6.47631362376489e-08,2.57101175217149e-07,"ENSG00000236797.1","SPA17P1","transcribed_processed_pseudogene"
20.3537304478288,-1.04372421939759,0.193209418935034,-5.40203591082969,6.58887549428517e-08,2.61304638661065e-07,"ENSG00000171954.13","CYP4F22","protein_coding"
38.167928309454,-1.08891422295253,0.201738515417311,-5.39765161203862,6.75188121914127e-08,2.67443935607063e-07,"ENSG00000255471.1","AP001528.1","lncRNA"
1.1745209129563,-1.7783238101233,0.329542852116343,-5.39633555606745,6.80156909273763e-08,2.69303045803821e-07,"ENSG00000236091.1","LINC02243","lncRNA"
132.911924368982,-1.09043351373849,0.20211362332147,-5.39515098397948,6.84659553482911e-08,2.70948755939925e-07,"ENSG00000131409.13","LRRC4B","protein_coding"
39.709498067742,-1.77577104810373,0.329399192251552,-5.39093929151967,7.00903522511632e-08,2.77012985954981e-07,"ENSG00000177551.5","NHLH2","protein_coding"
0.947802925363488,-2.06355032811205,0.382928339472634,-5.38886813902036,7.09028016902052e-08,2.80054257892341e-07,"ENSG00000277863.1","AL162574.1","lncRNA"
73.3352640629173,-1.80387243054098,0.334799387276314,-5.38792034601971,7.12776270172471e-08,2.81392738378924e-07,"ENSG00000137975.8","CLCA2","protein_coding"
3.45786686128872,-1.44895259715597,0.26905954180774,-5.38524888365168,7.23444730422933e-08,2.85431697380317e-07,"ENSG00000249776.5","AC124854.1","lncRNA"
12916.0450906946,-1.19066341855662,0.221131624428237,-5.38441040097826,7.26824976863815e-08,2.86620862336571e-07,"ENSG00000184557.4","SOCS3","protein_coding"
540.042993681481,-1.91593598958883,0.355948570084785,-5.38262027329529,7.34092941541703e-08,2.89399464995652e-07,"ENSG00000077327.16","SPAG6","protein_coding"
23490.7360406218,-1.21119255216499,0.225063365668473,-5.38156242606415,7.38420865116945e-08,2.91047007180612e-07,"ENSG00000090382.7","LYZ","protein_coding"
4.47935912954804,-1.82273721493584,0.338769312452566,-5.38046732078501,7.42927251852756e-08,2.92557978185068e-07,"ENSG00000254152.1","PPIAP84","processed_pseudogene"
1.78547304274771,-2.15683229374618,0.401076376473608,-5.37760990240747,7.54811384994348e-08,2.970809739834e-07,"ENSG00000272428.1","AL450270.1","lncRNA"
19.6403789927744,-1.1621552281928,0.216260626891422,-5.37386414206725,7.70669335225582e-08,3.02994692622448e-07,"ENSG00000265485.7","LINC01915","lncRNA"
32.3442914003017,-1.7136383032369,0.319364520968395,-5.36577544068049,8.06021728068144e-08,3.16289974338493e-07,"ENSG00000167768.4","KRT1","protein_coding"
1.2860888006286,-2.60386834004859,0.485284451585988,-5.36565375531553,8.06565373078609e-08,3.16471569376708e-07,"ENSG00000255027.2","AP000842.2","lncRNA"
0.802870830903153,-2.09381383229737,0.390476102529079,-5.36220736361565,8.22110859260139e-08,3.22312594266191e-07,"ENSG00000241134.3","BET1P1","processed_pseudogene"
6.96392736871347,-1.66606517221381,0.310973044313238,-5.35758710499554,8.43407097784357e-08,3.30231770496295e-07,"ENSG00000164129.12","NPY5R","protein_coding"
83.2705784056132,-1.09685422793488,0.204764571232442,-5.35666019435448,8.47743392698347e-08,3.31796826362063e-07,"ENSG00000177363.5","LRRN4CL","protein_coding"
429.187505221355,-1.36318246626516,0.254699033400527,-5.35213050503216,8.69246695196414e-08,3.39873025876607e-07,"ENSG00000172752.14","COL6A5","protein_coding"
1.11145755922351,-2.00677558499927,0.375008420805195,-5.35128139440293,8.73335943019175e-08,3.41369581323378e-07,"ENSG00000272855.1","AC104458.1","lncRNA"
68.751926520002,-1.55790933662415,0.291555293323463,-5.34344384169951,9.11970922480615e-08,3.55618676308809e-07,"ENSG00000158164.7","TMSB15A","protein_coding"
69.6166114828014,-1.27654452768227,0.239147422845068,-5.33789790621864,9.40303780495457e-08,3.66228996064176e-07,"ENSG00000107593.17","PKD2L1","protein_coding"
1.31111481124815,-2.41441042832747,0.452410335607883,-5.33677115285913,9.46163350228094e-08,3.68437835185347e-07,"ENSG00000250626.3","AC093909.4","lncRNA"
123.617703003434,-1.78513689978299,0.334562476512983,-5.33573555046815,9.51580061675044e-08,3.70473379697604e-07,"ENSG00000159625.15","DRC7","protein_coding"
18.1221983293733,-1.18751934694095,0.222568147444404,-5.33553143419853,9.52651226272454e-08,3.70853513084634e-07,"ENSG00000285420.1","PDGFRL2P","unitary_pseudogene"
24.114491795233,-2.11204663547169,0.396152267313213,-5.33140110441885,9.74578907855717e-08,3.78786722718535e-07,"ENSG00000105205.7","CLC","protein_coding"
88.5621740891828,-1.16242791385589,0.21812843643871,-5.32909845609473,9.87014825875781e-08,3.83353619368191e-07,"ENSG00000189320.9","FAM180A","protein_coding"
177.236696364882,-2.04038880797541,0.382912995725678,-5.3285963933101,9.8974664313385e-08,3.84376497543377e-07,"ENSG00000169064.13","ZBBX","protein_coding"
3.48443330456054,-1.28231986100821,0.240661184723352,-5.32832023777443,9.91252375404127e-08,3.84923059461535e-07,"ENSG00000103375.11","AQP8","protein_coding"
1.25062231386408,-1.66104933143203,0.311776327048117,-5.32769548977231,9.94666987636896e-08,3.86134066400986e-07,"ENSG00000273180.1","AC019193.3","lncRNA"
0.867322570385253,-2.3983024493604,0.45052541023838,-5.32334557576102,1.01875941261542e-07,3.95290774170093e-07,"ENSG00000261472.1","AC084064.1","lncRNA"
9.86719959259852,-1.24879869768434,0.234863298589919,-5.31713002917837,1.0541673770987e-07,4.08018037915421e-07,"ENSG00000277152.1","AC110048.2","lncRNA"
171.96017591764,-1.09975880645743,0.206863189496279,-5.31635816471451,1.05864671286813e-07,4.09589722377326e-07,"ENSG00000149451.18","ADAM33","protein_coding"
6.41959646023416,-1.64804828063108,0.310578270590412,-5.30638630158552,1.11819853992505e-07,4.31592609123646e-07,"ENSG00000250740.1","AC109361.2","lncRNA"
1.53594725073956,-2.71535254483083,0.511912167461169,-5.30433288643565,1.13085785344111e-07,4.36234213949173e-07,"ENSG00000230739.1","AL392003.2","unprocessed_pseudogene"
8.20968928341963,-1.94441488452523,0.366701962051561,-5.3024392715189,1.14265483922051e-07,4.40524399148155e-07,"ENSG00000247699.2","FABP6-AS1","lncRNA"
0.768365031276881,-2.21740851466191,0.418284432149395,-5.30119780759598,1.15045354186549e-07,4.43356288622597e-07,"ENSG00000254880.1","PKNOX2-AS1","lncRNA"
415.458661249133,-1.29170765270329,0.24379791208313,-5.29827200596715,1.16903728963535e-07,4.50207638822173e-07,"ENSG00000168329.14","CX3CR1","protein_coding"
7.26088688530433,-1.05186526178001,0.198636887459134,-5.2954175593212,1.18744756887901e-07,4.57072701335869e-07,"ENSG00000259004.2","LINC02285","lncRNA"
500.729418771906,-1.01704727671363,0.192124900554277,-5.29367757005709,1.19880724263436e-07,4.61263526510582e-07,"ENSG00000203727.4","SAMD5","protein_coding"
2.98733380424175,-1.3787128225551,0.260500545902737,-5.29255252720228,1.2062080817829e-07,4.63792163193934e-07,"ENSG00000135577.4","NMBR","protein_coding"
9.68802341754587,-1.03778367849678,0.196099038387458,-5.29214057871257,1.20892903293804e-07,4.64701394773069e-07,"ENSG00000177627.11","C12orf54","protein_coding"
4.01645226026615,-1.15727578353271,0.218968919051084,-5.28511438311811,1.25626237008553e-07,4.82185412494524e-07,"ENSG00000255382.2","LINC02734","lncRNA"
305.150398440622,-1.45611964914258,0.275591256073733,-5.28362064126232,1.26655389861565e-07,4.85944902507393e-07,"ENSG00000101282.9","RSPO4","protein_coding"
77.8447411711647,-1.21127498297143,0.229252572865812,-5.28358294011567,1.26681470305912e-07,4.85997315151042e-07,"ENSG00000211689.7","TRGC1","TR_C_gene"
1.29305023395838,-2.11361247389131,0.400077519288444,-5.28300734730226,1.27080292735264e-07,4.87431771713746e-07,"ENSG00000186038.9","HTR3E","protein_coding"
3.6066571945594,-1.56861094230692,0.29693381631946,-5.2826955237032,1.2729685915951e-07,4.8821458353139e-07,"ENSG00000270980.1","AC060764.1","processed_pseudogene"
3.32953427094456,-1.23053189341616,0.232962903474875,-5.28209373707809,1.27715819404547e-07,4.89629443432872e-07,"ENSG00000287458.1","AL033519.5","lncRNA"
14.0995202851046,-1.4216995281525,0.269438870166628,-5.27651978080698,1.31660307348421e-07,5.04257559640899e-07,"ENSG00000222713.1","RN7SKP51","misc_RNA"
145.307667290384,-1.06914901811838,0.202638239178566,-5.27614640974174,1.31928698820978e-07,5.05236045563094e-07,"ENSG00000165695.10","AK8","protein_coding"
145.878353492608,-1.17641043495241,0.223112205321,-5.27273007435817,1.3440917689795e-07,5.14282340979142e-07,"ENSG00000280399.1","AC022497.1","TEC"
332.525350030882,-1.16061369842832,0.220382998028851,-5.26634862402763,1.39163895639558e-07,5.3159140963213e-07,"ENSG00000132321.17","IQCA1","protein_coding"
176.676989573503,-1.66816822097718,0.316820907495493,-5.26533502528053,1.39933931958589e-07,5.34376372740465e-07,"ENSG00000147614.4","ATP6V0D2","protein_coding"
12.6001212666872,-1.16122645680804,0.220632508068403,-5.26317026885279,1.41592333655946e-07,5.4039301748667e-07,"ENSG00000272555.1","AC009974.1","lncRNA"
4.05017492163428,-1.28357186000606,0.243940992333517,-5.2618128987979,1.42641883617312e-07,5.44186365197331e-07,"ENSG00000286475.1","AL592156.1","lncRNA"
1.9799545845433,-1.43029494317765,0.27184323732751,-5.26146965154947,1.42908480018947e-07,5.45150295537279e-07,"ENSG00000230317.2","LINC01284","lncRNA"
0.763113874758885,-1.93307298839224,0.367535110201903,-5.25956006578614,1.44400455860309e-07,5.50734331215374e-07,"ENSG00000270513.1","AC113368.1","processed_pseudogene"
17.3850565796481,-1.0181310928954,0.193681666992133,-5.25672413247431,1.46644029706242e-07,5.59127694283831e-07,"ENSG00000186105.8","LRRC70","protein_coding"
52.6977068417152,-1.11845861041886,0.212829984726356,-5.25517403883153,1.47884557363588e-07,5.63528154074844e-07,"ENSG00000125895.5","TMEM74B","protein_coding"
1.05426818236933,-2.29084140445204,0.436098729540034,-5.25303388723066,1.49613995750067e-07,5.69619115362508e-07,"ENSG00000287744.1","AC005998.1","lncRNA"
3.76032555005358,-1.67170470188929,0.318311099684255,-5.25179518888131,1.50623897223827e-07,5.73296734001126e-07,"ENSG00000242753.2","AL445430.2","lncRNA"
22.2261710781433,-1.74886229228142,0.333015855824506,-5.25158866070042,1.5079291807523e-07,5.73884232367422e-07,"ENSG00000255794.9","RMST","lncRNA"
1.69338348237203,-1.3775611530371,0.262371441244423,-5.25042339403765,1.51750004594275e-07,5.77133776827543e-07,"ENSG00000236044.1","FABP5P2","processed_pseudogene"
2.46705377662848,-1.88277466845805,0.358832873369747,-5.24694031173117,1.54645973249793e-07,5.87519570799772e-07,"ENSG00000250387.3","LINC02197","lncRNA"
14.8338903560878,-2.30753387881646,0.439890331787784,-5.24570264919959,1.55687826298741e-07,5.91248091119568e-07,"ENSG00000260057.6","LINC01571","lncRNA"
42.2551944079174,-1.152463598865,0.219739327505048,-5.24468520018803,1.5654938612653e-07,5.94404621435789e-07,"ENSG00000235904.3","RBMS3-AS3","lncRNA"
4.31369468901133,-1.45668682342302,0.277872134585072,-5.24229183900786,1.58594264536898e-07,6.01935224596834e-07,"ENSG00000279976.1","AC073862.4","TEC"
150.103607689123,-1.41372957552327,0.269701667027158,-5.24182735355844,1.58994100859704e-07,6.0333574095627e-07,"ENSG00000183833.16","CFAP91","protein_coding"
269.392038778041,-1.23511151038088,0.235732495319747,-5.23946225023232,1.61045184204126e-07,6.10467800357616e-07,"ENSG00000185924.7","RTN4RL1","protein_coding"
8.63372785558387,-1.72043228208879,0.328480214059321,-5.23755224349097,1.62720247425178e-07,6.16518784081589e-07,"ENSG00000155026.16","RSPH10B","protein_coding"
31.0493207459195,-1.19098067794434,0.22756521392406,-5.23357967330532,1.66258292751031e-07,6.29314495418899e-07,"ENSG00000177699.4","AC011944.1","lncRNA"
1.47355422298741,-1.58619221449694,0.303819730779606,-5.22083345418925,1.78119674020037e-07,6.72390600431996e-07,"ENSG00000285700.1","AC104260.3","lncRNA"
7.1102039791708,-1.33706595062875,0.256135385639903,-5.22015319081493,1.78775191182263e-07,6.74734954297178e-07,"ENSG00000259871.1","AC130456.1","lncRNA"
2.15651163278662,-2.10347654582379,0.402986343922745,-5.21972165445647,1.79192237724844e-07,6.7624375102815e-07,"ENSG00000279000.3","OR10A6","protein_coding"
1.26937892571682,-1.70958862441578,0.327575133100166,-5.21892064344523,1.79968847475473e-07,6.79109061770756e-07,"ENSG00000233055.1","AL353621.1","processed_pseudogene"
5.93300020874254,-1.16508019195726,0.22325926391123,-5.21850771854423,1.80370463423535e-07,6.80493309316078e-07,"ENSG00000273123.1","AC020634.2","lncRNA"
15.2285961875295,-1.00537638416188,0.192766296419282,-5.21551953239332,1.8330274243456e-07,6.91222859613257e-07,"ENSG00000266389.1","AC002091.2","lncRNA"
238.740761234714,-1.47769022294913,0.283478529873886,-5.21270596262271,1.86105758571135e-07,7.01319764892823e-07,"ENSG00000258545.6","RHOXF1-AS1","lncRNA"
385.5884839943,-1.54328697453408,0.296171861932297,-5.21078189016777,1.88046421971897e-07,7.07951177427582e-07,"ENSG00000162004.18","CCDC78","protein_coding"
16.4534141025256,-2.00360824716118,0.384647454871004,-5.20894710672949,1.89915238360971e-07,7.14711789988762e-07,"ENSG00000101448.14","EPPIN","protein_coding"
1.03464679773825,-2.19367759601587,0.421248191120821,-5.20756561631546,1.91334188196793e-07,7.19705673202797e-07,"ENSG00000283408.2","MIR548A1HG","lncRNA"
35.5640223056585,-1.00881025246417,0.193721904893184,-5.20751771990071,1.91383566679087e-07,7.19822217197169e-07,"ENSG00000197815.4","AC122129.1","lncRNA"
83.7375834405734,-1.41372400929226,0.271510573024304,-5.20688381872229,1.92038244205878e-07,7.22215140222992e-07,"ENSG00000152076.19","CCDC74B","protein_coding"
80.633981649513,-1.67149725658022,0.321601788218578,-5.19741281862581,2.02081261079197e-07,7.58526793984658e-07,"ENSG00000153822.14","KCNJ16","protein_coding"
157.331818726838,-1.16943040283904,0.225024927895485,-5.19689268996096,2.02647262923199e-07,7.6050542298338e-07,"ENSG00000227191.8","TRGC2","TR_C_gene"
16.3982681930438,-1.71019316094707,0.329083814230467,-5.19683158816609,2.02713854121084e-07,7.60682376832771e-07,"ENSG00000109061.10","MYH1","protein_coding"
31.1437230809828,-1.11580403294202,0.214721486471899,-5.19651783003118,2.03056133641366e-07,7.61893716130049e-07,"ENSG00000259134.7","LINC00924","lncRNA"
34.4079276934656,-1.21845738618483,0.234517194774596,-5.1955993561834,2.04061312827414e-07,7.6551847687178e-07,"ENSG00000166866.13","MYO1A","protein_coding"
193.6681694662,-1.05392391666103,0.202910809860998,-5.19402548037245,2.0579495605041e-07,7.71652206325085e-07,"ENSG00000112981.5","NME5","protein_coding"
1.71485335358914,-3.44664993923083,0.66382767805397,-5.19208531547642,2.07951666374518e-07,7.79365640925321e-07,"ENSG00000236129.1","AP002856.3","lncRNA"
1.29719896652834,-2.0231480131754,0.389741166222783,-5.19100415484192,2.09162957972194e-07,7.83755214824278e-07,"ENSG00000226398.1","AC013480.1","lncRNA"
0.682969627761832,-2.60641618867727,0.502105901224964,-5.19096904122919,2.09202412040135e-07,7.83827995551754e-07,"ENSG00000259671.1","MTCYBP23","processed_pseudogene"
3.62404621531503,-1.4798904938301,0.285183036735543,-5.18926550039664,2.11125193138773e-07,7.90805009353244e-07,"ENSG00000288162.1","AL596442.4","lncRNA"
167.069430980134,-1.26637982542464,0.244126992058983,-5.1873814310491,2.13271624927947e-07,7.98615498091437e-07,"ENSG00000170011.14","MYRIP","protein_coding"
14.6163966047029,-1.22972337199334,0.237062302396996,-5.18734256589638,2.13316123406004e-07,7.98705695627247e-07,"ENSG00000223930.7","AC117453.1","lncRNA"
72.4245988458812,-1.43885441188945,0.277407069332782,-5.18679792605926,2.13940650918621e-07,8.00967433132087e-07,"ENSG00000131044.17","TTLL9","protein_coding"
2.1092036956334,-1.46327974397672,0.28213919923449,-5.18637519333343,2.14426607583535e-07,8.02709995345957e-07,"ENSG00000270343.1","UNGP3","processed_pseudogene"
9.70112972773611,-1.64562925975992,0.317302003627145,-5.18631852603637,2.14491831068783e-07,8.02877352358194e-07,"ENSG00000101349.17","PAK5","protein_coding"
2.74404544306797,-1.57706449765383,0.304347738356665,-5.18178484311807,2.1977264397833e-07,8.21622559617468e-07,"ENSG00000253295.2","AC022217.2","lncRNA"
4.76931936982833,-1.04763296474667,0.202392949202631,-5.17623251636994,2.26411263213152e-07,8.45391139388727e-07,"ENSG00000100249.4","C22orf31","protein_coding"
124.40530200299,-1.2643116465025,0.244384214635729,-5.1734587210841,2.29799909114426e-07,8.57471177987661e-07,"ENSG00000117477.12","CCDC181","protein_coding"
253.7752992218,-1.38230953189164,0.267226474833675,-5.17280158244805,2.30609862660333e-07,8.60329348437552e-07,"ENSG00000118997.14","DNAH7","protein_coding"
16.0057397306112,-1.06057446430546,0.205184645473706,-5.16887831375942,2.35503167848144e-07,8.77664234387212e-07,"ENSG00000227582.2","ADGRF5P1","transcribed_processed_pseudogene"
23.9851267557271,-1.04957757057133,0.203065886335642,-5.16865530449815,2.35784309149862e-07,8.78628302194386e-07,"ENSG00000259005.1","AC005479.1","lncRNA"
21.6715043668632,-1.08398829199967,0.209797529191679,-5.16683059221971,2.38096883867721e-07,8.8699249453806e-07,"ENSG00000189430.13","NCR1","protein_coding"
1.08961387376981,-2.64383851335753,0.511895102691225,-5.16480524907911,2.40689390810482e-07,8.96479778393772e-07,"ENSG00000259636.1","AC016987.2","lncRNA"
7.88129226838425,-1.44062390589714,0.279187509400097,-5.16005858927095,2.4687257140233e-07,9.18548121284073e-07,"ENSG00000253125.1","AC055854.1","lncRNA"
107.54200281868,-1.40698039088384,0.272981010254222,-5.15413284452844,2.54807266366575e-07,9.47260416130575e-07,"ENSG00000167646.14","DNAAF3","protein_coding"
0.79756136788869,-1.93493528852778,0.375417187991254,-5.15409350030309,2.54860763449253e-07,9.47369291776645e-07,"ENSG00000286236.1","AC018755.5","lncRNA"
1.8830700797543,-1.67464690133501,0.324993867490649,-5.15285692701017,2.56547695501618e-07,9.53368269009858e-07,"ENSG00000286957.1","AC079776.5","lncRNA"
177.620782223991,-1.21577956215985,0.235943994994143,-5.15283112922638,2.56583003411176e-07,9.53408936139275e-07,"ENSG00000197769.6","MAP1LC3C","protein_coding"
1.62979900314987,-1.60905726183701,0.312517888773986,-5.1486885059584,2.62314079649924e-07,9.73687369643444e-07,"ENSG00000285094.1","LINC01488","lncRNA"
38.9451477770321,-1.27110786343827,0.246951154589787,-5.14720356561895,2.64398356479174e-07,9.80865764826182e-07,"ENSG00000273372.1","SFTPD-AS1","lncRNA"
2.81962874366597,-1.64909506652741,0.320505511192019,-5.14529394641021,2.6710223924949e-07,9.90333307188913e-07,"ENSG00000237179.6","LINC01797","lncRNA"
16.8838812236101,-1.28751443367639,0.250298747157362,-5.14391081976502,2.69077303671468e-07,9.97467219587742e-07,"ENSG00000232628.6","AC092809.2","lncRNA"
803.731311869445,-1.64821331184869,0.320539975450239,-5.14198988607761,2.71843754793182e-07,1.00734071674356e-06,"ENSG00000148053.17","NTRK2","protein_coding"
4.93308956406994,-1.61148501671569,0.313495036816466,-5.14038446375507,2.74176873804732e-07,1.01550546605329e-06,"ENSG00000255666.7","LINC02700","lncRNA"
10.2047632495579,-1.46129030461357,0.284347497987511,-5.13910027327812,2.76057065402339e-07,1.02208241330863e-06,"ENSG00000206120.11","EGFEM1P","transcribed_unitary_pseudogene"
2.14090741651497,-1.66298289926753,0.323623766513178,-5.13863032120608,2.76748232685276e-07,1.02444755398804e-06,"ENSG00000267298.1","AC006116.5","lncRNA"
1.26390028466065,-2.43835522825879,0.47464631297752,-5.13720461234106,2.78855290445342e-07,1.03205205432864e-06,"ENSG00000236476.2","AL593856.1","processed_pseudogene"
26.5883703342493,-1.39750649975489,0.272105156208634,-5.13590598291849,2.80788014131101e-07,1.03900858448833e-06,"ENSG00000100362.13","PVALB","protein_coding"
5.21780523510952,-1.30731143461645,0.254764862792471,-5.13144324647851,2.87528923587342e-07,1.06224455333235e-06,"ENSG00000236711.2","SMAD9-IT1","lncRNA"
3.87386066856418,-1.79256607721317,0.349652643532595,-5.12670534706273,2.94856429357508e-07,1.08849310728195e-06,"ENSG00000254561.4","AP003393.1","lncRNA"
2.70647670430761,-1.29519849306888,0.252752820277651,-5.12436811445304,2.98537225795664e-07,1.10156154480058e-06,"ENSG00000257345.2","LINC02413","lncRNA"
247.72437476807,-1.59865550458878,0.312074337803918,-5.1226753081929,3.01230809442668e-07,1.11129092149534e-06,"ENSG00000162631.19","NTNG1","protein_coding"
2.12395421569859,-1.65806599397752,0.323967466928719,-5.11800153792089,3.08790085750909e-07,1.13810538245444e-06,"ENSG00000182601.7","HS3ST4","protein_coding"
78.8149861217609,-1.38413998602959,0.270519359129639,-5.11660234033853,3.11088525697314e-07,1.14603700800806e-06,"ENSG00000005102.14","MEOX1","protein_coding"
91.3668435683548,-1.76126114428525,0.344316798485175,-5.11523443536284,3.13351524973721e-07,1.15415648755146e-06,"ENSG00000165164.14","CFAP47","protein_coding"
87.2280820619121,-1.40522841189119,0.274878412458007,-5.11218178002926,3.18459154861632e-07,1.17197641200889e-06,"ENSG00000174776.11","WDR49","protein_coding"
204.211054654903,-1.23849169641262,0.242285364060498,-5.11170660768173,3.19261396852294e-07,1.17470782512714e-06,"ENSG00000160401.15","CFAP157","protein_coding"
1069.19198223086,-1.62080168358119,0.317118794462893,-5.11102372953441,3.20417729986075e-07,1.17874082843707e-06,"ENSG00000128536.16","CDHR3","protein_coding"
2.21189306363277,-2.0042016137949,0.392626417999665,-5.10460203876707,3.31491370194556e-07,1.21696114148449e-06,"ENSG00000226792.7","C13orf42","protein_coding"
62.2034311172593,-1.09458009469735,0.21444796147551,-5.10417579708423,3.32239317701991e-07,1.21959256482145e-06,"ENSG00000228477.1","AL663070.1","processed_pseudogene"
3.70659637535201,-1.32342297705034,0.259518172421826,-5.09953875175732,3.40482159685553e-07,1.24821129760684e-06,"ENSG00000284620.2","AF228730.5","transcribed_unprocessed_pseudogene"
3.2944104369079,-1.24405950976453,0.244076405179096,-5.09700849146676,3.45062856323594e-07,1.26403390457579e-06,"ENSG00000251916.1","RNU1-61P","snRNA"
3.81456750132038,-1.45443100228725,0.285378204744277,-5.09650344037499,3.45984278553733e-07,1.26683922560926e-06,"ENSG00000251504.1","LINC01099","lncRNA"
4.52874093751388,-1.80863587570675,0.354999149775446,-5.09476114759936,3.49181205625105e-07,1.2780665753733e-06,"ENSG00000259760.1","AC015660.2","lncRNA"
14.4498116173069,-1.30239003024464,0.255655994197211,-5.09430664567163,3.50019847496123e-07,1.28101633486446e-06,"ENSG00000152463.15","OLAH","protein_coding"
3.24481946212532,-1.26631040156217,0.248606202720615,-5.09363961037308,3.51254174937966e-07,1.2851731762036e-06,"ENSG00000259645.1","AC027237.4","lncRNA"
4128.85534864453,-1.06200099312131,0.20861466463008,-5.09073029455754,3.56687069938123e-07,1.3045632053228e-06,"ENSG00000086544.3","ITPKC","protein_coding"
2.90734552356567,-1.21697447405602,0.239279079480331,-5.08600449608493,3.65685386657126e-07,1.33560153680045e-06,"ENSG00000248873.1","SERBP1P6","processed_pseudogene"
1343.47602405779,-1.03582157733848,0.204198867459644,-5.07261176432915,3.92392532091918e-07,1.42794682165803e-06,"ENSG00000204482.11","LST1","protein_coding"
120.923307774455,-1.53854520710319,0.303906005133084,-5.06256928496509,4.13643662361542e-07,1.50090978977858e-06,"ENSG00000288075.1","AC108519.1","lncRNA"
260.314290010478,-1.14598915269425,0.226397522938601,-5.06184492577263,4.1521870361945e-07,1.50597118280959e-06,"ENSG00000160345.13","C9orf116","protein_coding"
456.76960787423,-1.15898625096815,0.229097351768213,-5.05892469739564,4.21627314606449e-07,1.5276572636912e-06,"ENSG00000184613.11","NELL2","protein_coding"
1.59030413155773,-1.79779443498698,0.35538980553964,-5.05865505133758,4.22223858000272e-07,1.52967704725568e-06,"ENSG00000229981.8","LINC01435","lncRNA"
0.885836368538961,-2.01768803986551,0.3988719149373,-5.05848610620448,4.22598033557019e-07,1.53089091382334e-06,"ENSG00000286117.2","AL121894.3","lncRNA"
1.24834047397952,-2.01967228880384,0.399386295576289,-5.05693938719049,4.26038573653013e-07,1.54249772627832e-06,"ENSG00000279663.2","AC104623.2","TEC"
1.83676764827929,-1.58301019097344,0.31304276854586,-5.05684957466613,4.26239181652606e-07,1.54308126720771e-06,"ENSG00000250195.1","AC109927.1","lncRNA"
5.52363661113097,-1.86424977013254,0.368751246728025,-5.05557550428441,4.29094818964951e-07,1.55284466484024e-06,"ENSG00000074803.20","SLC12A1","protein_coding"
1.2291520578393,-2.05481589323739,0.406603351116168,-5.05361278404793,4.3353011139898e-07,1.56759072159984e-06,"ENSG00000249171.1","AC021192.1","lncRNA"
1.29894330099129,-1.78879912739061,0.354038583835244,-5.05255418212566,4.35940632873721e-07,1.57572445085734e-06,"ENSG00000234177.5","LINC01114","lncRNA"
86.7230767095163,-1.3232998450339,0.261989343706399,-5.05096820471013,4.39576243495005e-07,1.5878388243518e-06,"ENSG00000266010.2","GATA6-AS1","lncRNA"
325.372929368889,-1.03849665072929,0.205735755885166,-5.0477207827158,4.47111941854694e-07,1.61327223575067e-06,"ENSG00000134539.17","KLRD1","protein_coding"
244.838060470465,-1.07122903430087,0.212225227841189,-5.04760459064029,4.47383863665574e-07,1.61380696617788e-06,"ENSG00000163106.11","HPGDS","protein_coding"
1.24778665477851,-1.78655604930295,0.354086911228937,-5.04552976302433,4.52266481573592e-07,1.63081825382014e-06,"ENSG00000250101.1","AC106795.3","lncRNA"
63.9572365450174,-1.35172668650018,0.268080192193396,-5.04224752840012,4.60095587511793e-07,1.65752167509887e-06,"ENSG00000228559.2","AL033519.4","lncRNA"
2.67646179525494,-2.0549162813145,0.407861110051148,-5.03827462504772,4.69747118406746e-07,1.69042435997557e-06,"ENSG00000287413.1","AL449363.2","lncRNA"
879.431731578279,-1.04169143878832,0.206775187891636,-5.03779708489125,4.70920288743471e-07,1.69417870909449e-06,"ENSG00000092969.12","TGFB2","protein_coding"
3.54532440666365,-1.33872779409259,0.26597698396332,-5.03324676498026,4.82241716939113e-07,1.73363349798295e-06,"ENSG00000279174.1","AC104581.3","TEC"
159.846227874508,-1.0154292460181,0.201773666243167,-5.03251620949564,4.84083661090302e-07,1.74009532813932e-06,"ENSG00000254109.6","RBPMS-AS1","lncRNA"
13.535267857953,-1.55897024644886,0.309995077497874,-5.02901613481122,4.93002910360886e-07,1.77085523089148e-06,"ENSG00000264449.6","AP001021.1","lncRNA"
9.75947786066026,-2.26692958024966,0.450892481482006,-5.02764999052246,4.96527086830917e-07,1.78302298199327e-06,"ENSG00000117598.13","PLPPR5","protein_coding"
23.6715435882147,-1.72113684756644,0.343224852926886,-5.01460437054387,5.31426996800143e-07,1.90171648941805e-06,"ENSG00000197632.9","SERPINB2","protein_coding"
14.7518274291313,-1.71870523723304,0.342973277995056,-5.01119284651038,5.4093671076516e-07,1.9339784768343e-06,"ENSG00000206043.7","C18orf63","protein_coding"
8.8646212583949,-1.23101325543972,0.245658041296053,-5.01108471330751,5.4124080179851e-07,1.93471214169887e-06,"ENSG00000273972.1","AC068722.2","lncRNA"
1.80021366544282,-1.45554049449961,0.290942491118045,-5.00284605698607,5.6490050597944e-07,2.01633874847044e-06,"ENSG00000222267.1","RNU6-892P","snRNA"
14.7178696940134,-1.92209107361673,0.384300649547849,-5.00152959896939,5.6877232418055e-07,2.02978840104962e-06,"ENSG00000132911.5","NMUR2","protein_coding"
2.78293820623617,-1.69983416697208,0.339914386706181,-5.00077146908585,5.71013646226048e-07,2.03685824890351e-06,"ENSG00000272563.1","AC016745.2","lncRNA"
2.56386755969869,-1.33945305723124,0.267931884263849,-4.99922978898696,5.75597734480591e-07,2.05190078782546e-06,"ENSG00000224164.2","LINC02828","lncRNA"
0.86747806912957,-2.50263496095989,0.500743671143841,-4.99783642845283,5.79771309577453e-07,2.06640232398901e-06,"ENSG00000287641.1","AC007483.1","lncRNA"
15.8402833702432,-1.43022340435785,0.286585310208946,-4.99056774164414,6.0202082704231e-07,2.14160699845388e-06,"ENSG00000286196.1","AL162586.2","lncRNA"
4.57678029235012,-1.3855811341284,0.277679978437426,-4.98984889701235,6.04265410924549e-07,2.14900570706976e-06,"ENSG00000258679.1","AC121758.2","transcribed_processed_pseudogene"
1083.16896418436,-1.14572947027827,0.229656726930291,-4.98887833852148,6.0730877004311e-07,2.15943657251767e-06,"ENSG00000134817.11","APLNR","protein_coding"
0.755778998964177,-2.81362015382952,0.564315744004448,-4.98589696233487,6.16750084945207e-07,2.19081768100861e-06,"ENSG00000287010.1","AC130467.1","lncRNA"
16.2035738170793,-1.23876556734658,0.248647161447383,-4.98202175378028,6.29233589819612e-07,2.23313437359253e-06,"ENSG00000188831.4","DPPA3P2","transcribed_unprocessed_pseudogene"
2.99382717965491,-1.31832411911368,0.264804365509108,-4.97848332892511,6.40844620965023e-07,2.27186907618974e-06,"ENSG00000267097.1","SLC14A2-AS1","lncRNA"
179.167387574389,-1.84728872113951,0.371153029954346,-4.97716190372133,6.45233495348625e-07,2.28577149253006e-06,"ENSG00000205362.11","MT1A","protein_coding"
621.610201526691,-1.14037603263815,0.229198360549105,-4.97549820996137,6.50800358994568e-07,2.30424075713142e-06,"ENSG00000171798.18","KNDC1","protein_coding"
150.74526482957,-1.04060520649375,0.209166707548718,-4.97500399891018,6.524629297413e-07,2.30970932727581e-06,"ENSG00000176049.16","JAKMIP2","protein_coding"
70.1987260104072,-1.08590124544501,0.218280886029613,-4.97478851766111,6.53189108897032e-07,2.31207082951151e-06,"ENSG00000266256.3","LINC00683","lncRNA"
213.546496344282,-1.02203895506621,0.205517345363019,-4.9730058222624,6.59226803845519e-07,2.33217648144643e-06,"ENSG00000164946.20","FREM1","protein_coding"
31159.1224480404,-1.22850602586205,0.247140796878609,-4.97087506950733,6.66513885303825e-07,2.35646502040332e-06,"ENSG00000240583.13","AQP1","protein_coding"
10.9882288847387,-1.20612515579207,0.242638289590087,-4.9708772586128,6.66506358975729e-07,2.35646502040332e-06,"ENSG00000241479.1","MECOM-AS1","lncRNA"
1.74231096076227,-1.5468812362424,0.311349742891777,-4.9683074149192,6.75398312830902e-07,2.38722892054792e-06,"ENSG00000272912.1","AL356608.1","lncRNA"
0.631779626058573,-2.02871081911616,0.408354989308908,-4.96800791524432,6.76442023228794e-07,2.39027025564078e-06,"ENSG00000225639.1","PGAM1P2","processed_pseudogene"
29.975774828376,-1.19834209253526,0.241385482713082,-4.96443315093494,6.89020131446971e-07,2.43208071113579e-06,"ENSG00000186160.5","CYP4Z1","protein_coding"
36.4805991010358,-1.45102402706323,0.292360274336838,-4.96313676799829,6.93637007645251e-07,2.44749411597532e-06,"ENSG00000188487.12","INSC","protein_coding"
4.4188200314194,-1.56875107943054,0.31614440518485,-4.96213456162,6.97226632756275e-07,2.45905140751562e-06,"ENSG00000221611.1","AC007688.1","snoRNA"
123.177085382196,-1.22420612790362,0.24698565695078,-4.95658793719986,7.17419046575609e-07,2.52707936911965e-06,"ENSG00000158113.13","LRRC43","protein_coding"
7.69895616290113,-1.25774436528434,0.253878003311335,-4.95412894728791,7.26550155577588e-07,2.55809196849978e-06,"ENSG00000255239.2","TREHP1","unprocessed_pseudogene"
88.2773747071672,-1.73053142739553,0.349398393538305,-4.95288890675969,7.31197237278832e-07,2.57375902599244e-06,"ENSG00000163885.12","CFAP100","protein_coding"
4.64998544305789,-1.77027350928977,0.357849302148075,-4.94698047100634,7.5373535048427e-07,2.6509453532087e-06,"ENSG00000255446.1","AP003064.2","lncRNA"
28.1949279678393,-1.33810419994891,0.270518838279789,-4.94643629426263,7.55844482287429e-07,2.6571692063956e-06,"ENSG00000198553.9","KCNRG","protein_coding"
3.36600962190011,-1.12019125904257,0.226710169128069,-4.94107195698737,7.76942260233594e-07,2.72986689280783e-06,"ENSG00000261226.1","AC092384.3","lncRNA"
1.38993686361659,-1.58846551342457,0.321547506374367,-4.94006478649278,7.80966182783833e-07,2.7425278379713e-06,"ENSG00000181017.6","OR56B2P","protein_coding"
688.212346004537,-1.09008068454526,0.220682553852662,-4.93958704716209,7.82881894783755e-07,2.74900856288434e-06,"ENSG00000132031.13","MATN3","protein_coding"
3499.34110502521,-1.01265044580234,0.205400783429085,-4.93011968550722,8.21792537763123e-07,2.88072774300894e-06,"ENSG00000144802.11","NFKBIZ","protein_coding"
0.662930613122749,-2.46609464083712,0.500299209338816,-4.92923953267137,8.25503123422504e-07,2.89295743530772e-06,"ENSG00000286784.1","AC116611.1","lncRNA"
4.13536525160787,-1.23013883421616,0.249739772316594,-4.92568253268333,8.40663918934143e-07,2.94318867422492e-06,"ENSG00000213561.4","AC103591.2","processed_pseudogene"
2.7873783042082,-1.56375919522014,0.317563373160964,-4.92424293033162,8.4687577162216e-07,2.96387584467818e-06,"ENSG00000285530.1","AL445928.2","lncRNA"
138.344055944859,-1.18377779494035,0.240744044645218,-4.9171633578096,8.78072757816466e-07,3.06724866464413e-06,"ENSG00000166246.14","C16orf71","protein_coding"
729.025226824323,-1.93644751907018,0.393828100951066,-4.91698666091578,8.78865376071222e-07,3.0695181212998e-06,"ENSG00000166959.8","MS4A8","protein_coding"
7.18164222498266,-1.46339111948585,0.297710272324683,-4.91548749077046,8.85618056999962e-07,3.09117118798194e-06,"ENSG00000273259.3","AL049839.2","protein_coding"
0.847586502351369,-2.54031411270622,0.516934703725352,-4.91418760319077,8.91513528787141e-07,3.1109163451908e-06,"ENSG00000206918.1","RNU6-1181P","snRNA"
19.7615379799709,-1.49479506176549,0.304222587943613,-4.9134913744227,8.94686706214947e-07,3.12143237347513e-06,"ENSG00000272865.2","AL591686.2","lncRNA"
348.743027196711,-1.54633795162652,0.314807287134459,-4.91201447622798,9.01453955733366e-07,3.14392109998238e-06,"ENSG00000204950.4","LRRC10B","protein_coding"
7.20185780097588,-2.33398565090792,0.475602037462202,-4.90743408788153,9.22756508773526e-07,3.21535039579847e-06,"ENSG00000265374.1","LINC01908","lncRNA"
9.35076076324641,-1.06884427244341,0.21785977399125,-4.90611117813029,9.28998790142846e-07,3.23623712784472e-06,"ENSG00000270020.1","AC009108.3","lncRNA"
21.2957124247599,-1.26515741425514,0.258117600835598,-4.90147673060446,9.5118917882635e-07,3.308237823896e-06,"ENSG00000287055.1","AL359813.1","lncRNA"
2.6732717059997,-1.58420600292235,0.323389633697251,-4.89875320000345,9.64466959795504e-07,3.35143917980267e-06,"ENSG00000139780.7","METTL21C","protein_coding"
599.66286380488,-1.67788619530518,0.34265207615894,-4.8967635454422,9.74279542334506e-07,3.38283343133022e-06,"ENSG00000205364.4","MT1M","protein_coding"
78.3601598015474,-1.15962898487588,0.236960958792041,-4.89375545569758,9.89297554851375e-07,3.43284584720131e-06,"ENSG00000130700.7","GATA5","protein_coding"
9.83491756159471,-1.06806197059777,0.218567905170303,-4.88663680866392,1.0257305988594e-06,3.55359575599533e-06,"ENSG00000265158.1","LRRC37A7P","transcribed_processed_pseudogene"
14.3268659500522,-1.65795528247802,0.339522310056491,-4.88319981742042,1.04378001695664e-06,3.61228936442295e-06,"ENSG00000205231.1","TTLL10-AS1","lncRNA"
1.47314034622999,-2.37208817292399,0.485823269424436,-4.88261539167164,1.04687939249903e-06,3.62269521647326e-06,"ENSG00000284748.1","AL513220.1","lncRNA"
22.8975075491739,-1.18716607411602,0.243163345715624,-4.88217527449386,1.0492193037951e-06,3.62982942063532e-06,"ENSG00000273100.1","AL596442.2","lncRNA"
11.1023430682575,-1.22932994010339,0.251882924732743,-4.88056084551089,1.0578456923258e-06,3.65740941742366e-06,"ENSG00000242607.1","RPS3AP34","processed_pseudogene"
11.0761815511721,-1.55386520411977,0.318504706633846,-4.87862556425609,1.06827646668448e-06,3.6915159323411e-06,"ENSG00000288218.1","AL358787.2","processed_pseudogene"
1.99521219631021,-1.53511022215942,0.314718304541347,-4.87772779659766,1.07314879604934e-06,3.70671599772325e-06,"ENSG00000272597.1","AC063944.2","lncRNA"
10.7728444861214,-1.26281888079084,0.259399949045843,-4.8682310287103,1.12601646714822e-06,3.88007664459113e-06,"ENSG00000172318.5","B3GALT1","protein_coding"
22.6754214732721,-1.09502056718053,0.224947219163148,-4.86789999562672,1.12790377507323e-06,3.88521149844987e-06,"ENSG00000204677.13","FAM153CP","lncRNA"
1.42427619685943,-1.34430079239215,0.276174820878038,-4.86757188116656,1.12977744672611e-06,3.89132305851946e-06,"ENSG00000229414.2","KCNQ1-AS1","lncRNA"
6.36127332973455,-1.16221023388633,0.238792160006031,-4.86703681501512,1.13283932571252e-06,3.90118240380679e-06,"ENSG00000118017.4","A4GNT","protein_coding"
1.30573678567573,-1.78117743765963,0.366096553919434,-4.86532150764688,1.14270897637228e-06,3.9337859553465e-06,"ENSG00000252335.1","RNU6-62P","snRNA"
16.9977800708648,-1.08607389712711,0.223257619351879,-4.86466665854454,1.14649867102042e-06,3.94579063286719e-06,"ENSG00000204173.11","LRRC37A5P","transcribed_unprocessed_pseudogene"
3.0736543227939,-1.57787476011068,0.325070829780341,-4.85394140463754,1.21031511424314e-06,4.15263838101256e-06,"ENSG00000276863.1","AC124319.2","lncRNA"
1.17914564976144,-1.64299418994498,0.338860825585849,-4.84858108665833,1.24347701485264e-06,4.26081427917677e-06,"ENSG00000247570.2","SDCBPP2","processed_pseudogene"
0.683829954739616,-2.20163217123318,0.454330080633047,-4.8458868674632,1.26047331758085e-06,4.31565153471487e-06,"ENSG00000271475.1","AL078624.2","processed_pseudogene"
0.914000774805124,-1.90752643674105,0.393806982670604,-4.84381059930719,1.27372355861702e-06,4.35872991449434e-06,"ENSG00000263515.1","MIR548AN","miRNA"
1.43970936086254,-1.97110879434786,0.407099076139535,-4.84184049995794,1.28642006867227e-06,4.39910021036568e-06,"ENSG00000232563.1","CRB3P1","processed_pseudogene"
115.729391001327,-1.02665688901036,0.212135188865194,-4.83963502001912,1.30077793353133e-06,4.44547959100563e-06,"ENSG00000007171.18","NOS2","protein_coding"
1.4907558966816,-1.58118535860536,0.326800112184433,-4.83838682929521,1.30897193516021e-06,4.47114008334098e-06,"ENSG00000271897.1","AL357518.1","lncRNA"
5.78589667216566,-1.67159058179127,0.345569924437689,-4.83719925717285,1.31681406724512e-06,4.49518025520098e-06,"ENSG00000129744.3","ART1","protein_coding"
0.797965249395512,-2.24229124743718,0.46427982282572,-4.82961166347924,1.36799582523067e-06,4.65649309647714e-06,"ENSG00000236217.4","C1DP2","processed_pseudogene"
0.65571515301969,-2.36842594785438,0.491481362944219,-4.81895373136089,1.44313013177236e-06,4.89818069098657e-06,"ENSG00000225612.2","AC099552.2","lncRNA"
4.88408525602692,-2.0942404767658,0.43479754735484,-4.81658760383181,1.4603406711136e-06,4.95401740800576e-06,"ENSG00000260071.2","AC012178.1","lncRNA"
540.591567689799,-1.24394904045852,0.258581854771096,-4.8106586657432,1.50433729754966e-06,5.09774898895508e-06,"ENSG00000205795.4","CYS1","protein_coding"
2.58849689605324,-1.39471099760772,0.290087405385252,-4.80789917699276,1.52524650859949e-06,5.16435243817659e-06,"ENSG00000279499.1","AL157770.1","TEC"
12.1499610903158,-1.24217432217148,0.25857359524362,-4.80394883708502,1.55566596509883e-06,5.26325132978405e-06,"ENSG00000254427.2","LINC02696","lncRNA"
4.12615785612173,-1.32324056786417,0.275587955925859,-4.80151813390626,1.57467246005777e-06,5.32479329714142e-06,"ENSG00000241111.1","PRICKLE2-AS1","lncRNA"
2.03275885026347,-1.28562767180715,0.267921209077998,-4.79852892658778,1.59835226817778e-06,5.40393317833634e-06,"ENSG00000238406.1","RNU7-171P","snRNA"
1.79233818568878,-1.70114343105368,0.354554088919285,-4.79798000987362,1.6027376993823e-06,5.41782385232627e-06,"ENSG00000283307.1","OR5AK4P","unprocessed_pseudogene"
15.701643797506,-1.39366768241644,0.291178012587601,-4.78630810764653,1.69877205281407e-06,5.72666600957357e-06,"ENSG00000215475.5","SIAH3","protein_coding"
3.28770860408163,-1.80191228035069,0.376479014752703,-4.78622236496849,1.69949758283493e-06,5.72808267992365e-06,"ENSG00000237292.1","LINC01732","lncRNA"
343.640879075282,-1.27522908099876,0.266450304044296,-4.78599221559442,1.70144651385661e-06,5.73366375591828e-06,"ENSG00000213085.10","CFAP45","protein_coding"
1831.33512651805,-1.16978535160585,0.244657502940964,-4.78131811836616,1.74149523674892e-06,5.86407797170829e-06,"ENSG00000170561.13","IRX2","protein_coding"
324.929816657694,-1.57195556714022,0.328848575648859,-4.78018055586392,1.75137833537724e-06,5.89684956476052e-06,"ENSG00000165309.14","ARMC3","protein_coding"
1.16198167720734,-1.8637161859271,0.390096658576488,-4.77757536485453,1.77421561101799e-06,5.96911968659144e-06,"ENSG00000232780.2","GAPDHP74","transcribed_processed_pseudogene"
5.84918133184358,-1.18331143244522,0.247761524682459,-4.77600964864017,1.78807816812061e-06,6.01181096178594e-06,"ENSG00000144410.5","CPO","protein_coding"
15.934835171963,-1.00660275189505,0.210772764170634,-4.77577240995017,1.79018769391608e-06,6.01819885314691e-06,"ENSG00000126467.11","TSKS","protein_coding"
49.0792416697446,-1.36210700751336,0.285272367392784,-4.77475971459203,1.79921950221489e-06,6.04752261992535e-06,"ENSG00000186431.19","FCAR","protein_coding"
14.8271236082245,-1.56393338290188,0.327673373601942,-4.77284243669351,1.81643897025639e-06,6.10330356732808e-06,"ENSG00000232862.5","AL138787.1","transcribed_processed_pseudogene"
252.60238459488,-1.44933904016104,0.303690757958011,-4.77241734291247,1.8202782157592e-06,6.11567844602674e-06,"ENSG00000153347.10","FAM81B","protein_coding"
13.3028712979882,-1.38588505576367,0.29054452973015,-4.76995748999592,1.84264800981469e-06,6.18764775354491e-06,"ENSG00000249695.6","AC026369.1","lncRNA"
2.54669815232786,-1.27249459086078,0.266784742623401,-4.76974274596005,1.84461337030121e-06,6.1921219690535e-06,"ENSG00000163833.8","FBXO40","protein_coding"
14.2114579850852,-1.17803002485624,0.247082396653761,-4.76776185114889,1.86283796766046e-06,6.252226821556e-06,"ENSG00000236320.4","SLFN14","protein_coding"
7.4443127325355,-1.37637851225982,0.288826719207002,-4.76541268771388,1.88467498080678e-06,6.32118082402931e-06,"ENSG00000144644.14","GADL1","protein_coding"
9.74566302945785,-1.88036664268257,0.394812516897656,-4.7626824434495,1.9103634550876e-06,6.40514372042094e-06,"ENSG00000280623.1","PCAT14","lncRNA"
3.5401458015358,-1.18633000770395,0.249341034034783,-4.7578611049574,1.95655044187325e-06,6.55214166375201e-06,"ENSG00000275540.1","AC011477.6","unprocessed_pseudogene"
475.466603795488,-1.13618101189476,0.239109279235931,-4.75172279187745,2.01690761830578e-06,6.7464099036647e-06,"ENSG00000118432.12","CNR1","protein_coding"
1.01553030206993,-1.78149244432651,0.375439860478997,-4.74508072225904,2.08423202288196e-06,6.95888082656945e-06,"ENSG00000240296.1","AC245052.5","processed_pseudogene"
1358.7103106402,-1.220839147814,0.25728980797706,-4.74499614816788,2.08510303187741e-06,6.96060115512667e-06,"ENSG00000001626.16","CFTR","protein_coding"
25.1520957657131,-1.00966124645252,0.212861717593402,-4.74327304067483,2.10292522853603e-06,7.01710302019641e-06,"ENSG00000173988.13","LRRC63","protein_coding"
3023.89462896868,-1.12181885443322,0.23661141187822,-4.74118659589675,2.12470132406411e-06,7.08312212574142e-06,"ENSG00000130208.9","APOC1","protein_coding"
0.550894046813291,-2.13816068108267,0.451139179826722,-4.73947016063627,2.14277786273217e-06,7.13851869117763e-06,"ENSG00000198671.3","AC135895.1","lncRNA"
6.6441443269244,-1.50552651378483,0.317716508388331,-4.73858447400754,2.15216309920306e-06,7.16917461776751e-06,"ENSG00000162989.5","KCNJ3","protein_coding"
9.58239733579705,-1.29847200242458,0.274334955297885,-4.73316279004489,2.21048060868508e-06,7.35529903898434e-06,"ENSG00000274963.1","RN7SL600P","misc_RNA"
8.25676387443376,-1.01751997506298,0.215159919892875,-4.72913345371013,2.25480140796658e-06,7.49449026544979e-06,"ENSG00000158077.5","NLRP14","protein_coding"
4.79356868612918,-1.3051832920388,0.276010709314762,-4.72874148716588,2.25915811172736e-06,7.50769563227205e-06,"ENSG00000122548.5","KIAA0087","lncRNA"
1.60827931287699,-1.77094942515546,0.374943015776504,-4.72324953563367,2.32105766070403e-06,7.70554910672856e-06,"ENSG00000237576.2","LINC01888","lncRNA"
28.2889188624552,-1.28960548685999,0.27325084202231,-4.71949318551304,2.36432965895288e-06,7.84055795631231e-06,"ENSG00000168913.7","ENHO","protein_coding"
81.5933485809074,-1.07801383391891,0.228519746122883,-4.71737717290842,2.389045425776e-06,7.91782303345819e-06,"ENSG00000136011.15","STAB2","protein_coding"
5.37381470707822,-1.27962151738146,0.271442944386452,-4.71414543588089,2.42727257132626e-06,8.03562671752981e-06,"ENSG00000238207.2","AC009312.1","lncRNA"
1.37889470763611,-1.91398567213176,0.406342873249932,-4.71027252631181,2.47385771887851e-06,8.18227760945271e-06,"ENSG00000213900.2","RPS17P1","processed_pseudogene"
1449.19878865643,-1.00288839225191,0.212970514058207,-4.70904808905992,2.4887635393717e-06,8.22879645620227e-06,"ENSG00000267519.6","AC020916.1","lncRNA"
8.75051811308973,-1.46631592166922,0.311441751730542,-4.70815461806761,2.49969467444315e-06,8.26075097590025e-06,"ENSG00000280362.1","AC084759.3","TEC"
13.0851125615039,-1.03732742146204,0.220453011385689,-4.70543548006793,2.53324614933498e-06,8.36738879628828e-06,"ENSG00000228741.2","AL445985.1","lncRNA"
3.53700157965827,-1.24552162559325,0.264866935105448,-4.70244285152992,2.57067183915513e-06,8.48384580736944e-06,"ENSG00000275155.1","AC027348.1","lncRNA"
2.90510068564469,-1.26262640482497,0.268757036109024,-4.69802176383867,2.6269344528716e-06,8.65930183432891e-06,"ENSG00000237714.1","P4HA2-AS1","lncRNA"
3.9066867633497,-1.76165296011565,0.374976920988571,-4.69803036269891,2.62682388556732e-06,8.65930183432891e-06,"ENSG00000251061.2","LINC02512","lncRNA"
1.93264277565346,-1.31762254452344,0.280618578047321,-4.69542164204554,2.66057345083271e-06,8.7613312887768e-06,"ENSG00000287546.1","AL163534.1","lncRNA"
9.20744599812157,-1.30580892321881,0.278454291124653,-4.68949111161029,2.73885330207287e-06,9.01000996750008e-06,"ENSG00000285881.1","AC105206.3","lncRNA"
4.91962370056336,-1.31502153089472,0.280755635748651,-4.68386512487322,2.81515287300076e-06,9.25323368949121e-06,"ENSG00000285869.1","LINC02858","lncRNA"
4.47074408894362,-1.21369134462235,0.259183720453959,-4.68274528391126,2.83058163079668e-06,9.2992603303421e-06,"ENSG00000277621.1","AC005277.2","lncRNA"
2.6274879834828,-1.52931433879344,0.326629630427539,-4.68210534602036,2.83943485752327e-06,9.32599676093192e-06,"ENSG00000184811.4","TRARG1","protein_coding"
19.6253980802484,-1.28090454860853,0.273591062472838,-4.68182161007431,2.84336870138549e-06,9.3381335001188e-06,"ENSG00000214402.7","LCNL1","protein_coding"
4.10739363399043,-1.18879732289374,0.254063768380128,-4.67912969438079,2.88095172489849e-06,9.45442149840682e-06,"ENSG00000283122.1","HYMAI","lncRNA"
6.01370978442725,-1.12469848182996,0.240396812083136,-4.67850830501448,2.88969468250051e-06,9.4815229432272e-06,"ENSG00000237870.6","AC073130.1","lncRNA"
2.02035643522957,-1.48835978809147,0.318153354178265,-4.67812068785396,2.89516134862042e-06,9.49707089721397e-06,"ENSG00000255036.6","STRA6LP","lncRNA"
0.586466621019658,-2.3205393303537,0.49614661120696,-4.67712421678865,2.90926042076542e-06,9.54172068770192e-06,"ENSG00000227537.1","AL139281.1","processed_pseudogene"
72.9829003887827,-1.63413850733964,0.349578666171211,-4.67459449181403,2.94535003064962e-06,9.65361353960552e-06,"ENSG00000226321.5","CROCC2","protein_coding"
2.3129088295815,-1.402598028836,0.300157428966881,-4.67287461004591,2.97013109920678e-06,9.73234392741037e-06,"ENSG00000274594.1","AL391669.1","processed_pseudogene"
25.4690387069329,-1.0683930096494,0.228661385873328,-4.67238054019866,2.97728685335276e-06,9.75364774358644e-06,"ENSG00000234147.1","AL035446.1","lncRNA"
231.449798515816,-1.28445136804931,0.274925854976483,-4.67199190181361,2.98292723271139e-06,9.76941124399308e-06,"ENSG00000286722.1","AC009244.1","lncRNA"
1.13343498570684,-2.03333601006357,0.435331694661629,-4.67077411315991,3.00066768595359e-06,9.82504620693246e-06,"ENSG00000272797.1","AC092954.1","lncRNA"
2.72825984737421,-1.23009393250924,0.263418912554045,-4.66972519392228,3.01602918908046e-06,9.87170273867104e-06,"ENSG00000234377.7","OBI1-AS1","lncRNA"
4.15051900396083,-1.36611056862279,0.292875648800443,-4.66447304246046,3.09408887957296e-06,1.01165434447334e-05,"ENSG00000255860.3","AP000812.2","unprocessed_pseudogene"
5.85999573448769,-1.35796819982269,0.291137296591507,-4.66435669947175,3.09583976833213e-06,1.01214225060243e-05,"ENSG00000230393.1","AC092667.1","lncRNA"
8.43343902383159,-1.09323422859362,0.23457021195442,-4.66058422118002,3.15313103875808e-06,1.02941073483767e-05,"ENSG00000272425.1","AC009902.3","lncRNA"
1.0150716068026,-1.837514055628,0.394609909582661,-4.65653297346576,3.2157879613519e-06,1.04890388193433e-05,"ENSG00000172538.7","FAM170B","protein_coding"
0.738922957184772,-2.40921958586266,0.518162937543673,-4.64954054275562,3.32675286593471e-06,1.08356223070494e-05,"ENSG00000259379.1","MTND5P32","processed_pseudogene"
2.20994840157607,-2.62281747477034,0.564542023677039,-4.64592070168154,3.38563045973021e-06,1.10118116133075e-05,"ENSG00000237654.6","AP003025.1","lncRNA"
118.678885021868,-2.05147554337668,0.442033859153736,-4.64099186271427,3.46740781318828e-06,1.12618804065297e-05,"ENSG00000231738.11","TSPAN19","protein_coding"
2.10974528605424,-1.77295466091894,0.382210041869824,-4.63869199313918,3.50621127972289e-06,1.1383187056072e-05,"ENSG00000278891.1","AC105101.1","TEC"
255.329255476395,-1.75858299354302,0.37911846054208,-4.63861082108353,3.50758839583587e-06,1.1386713250162e-05,"ENSG00000196090.12","PTPRT","protein_coding"
15.3640024494754,-1.07029873466449,0.230904635799146,-4.6352414318589,3.56521120263792e-06,1.15651396477182e-05,"ENSG00000286504.1","AC092745.4","lncRNA"
2.80498193085644,-1.38579592496867,0.299190160669771,-4.63182319186703,3.62459634845698e-06,1.17490125672192e-05,"ENSG00000287312.1","AC127526.4","lncRNA"
17.6333576329735,-1.24287695227804,0.268491620914365,-4.62910890122136,3.67242611721723e-06,1.18991228279231e-05,"ENSG00000287593.1","AL022724.3","lncRNA"
107.768504413052,-1.18794529860435,0.256828597786271,-4.62544011392744,3.73803802092465e-06,1.20991037460307e-05,"ENSG00000162706.13","CADM3","protein_coding"
1.65094910060881,-1.91566817939429,0.414159748129023,-4.62543303169457,3.73816575833767e-06,1.20991037460307e-05,"ENSG00000288581.1","AL137139.3","lncRNA"
8.17741931934513,-1.38228631761882,0.298991313369922,-4.62316547607728,3.77927998497243e-06,1.22281300720982e-05,"ENSG00000179796.12","LRRC3B","protein_coding"
1.46968265797348,-1.36041038822596,0.294331825182188,-4.62202953208979,3.80003899707017e-06,1.22881849429264e-05,"ENSG00000288039.1","AC098969.2","lncRNA"
0.852488248586451,-2.57166654490497,0.556517159376375,-4.62100135023104,3.81892289641369e-06,1.23482293719686e-05,"ENSG00000249160.4","LINC02213","lncRNA"
4.01368726053171,-1.10399652027787,0.238921506511544,-4.62074987052088,3.82355532187031e-06,1.2359123021651e-05,"ENSG00000273348.1","AC027449.1","lncRNA"
2.27166035293814,-1.22932011309413,0.266200490524715,-4.61802347047139,3.87412443485687e-06,1.25153441146194e-05,"ENSG00000288557.1","AC080097.1","lncRNA"
150.811640738369,-1.55530130728791,0.336921312510418,-4.61621526907657,3.90801575649048e-06,1.26227457339851e-05,"ENSG00000230873.9","STMND1","protein_coding"
2.34901865170367,-1.29583356435423,0.280723161546987,-4.61605503875511,3.91103264002912e-06,1.26304050703128e-05,"ENSG00000280053.1","AC011199.1","TEC"
8.96297172339659,-1.36525868825287,0.295896428658581,-4.61397487777107,3.95040195162878e-06,1.27480767581384e-05,"ENSG00000248791.1","AC010627.1","processed_pseudogene"
22.764977499081,-1.01675088520147,0.220559197375054,-4.60987751724773,4.02906273691943e-06,1.29922747390518e-05,"ENSG00000258636.2","AL121821.2","lncRNA"
3.75567300406315,-1.48879910267723,0.322990416330682,-4.60942191285632,4.03790155992827e-06,1.30169407630892e-05,"ENSG00000237986.4","CELF2-AS2","lncRNA"
72.5748504408652,-1.2184130178309,0.264364712773238,-4.60883377758518,4.04933899147644e-06,1.30512053435026e-05,"ENSG00000170703.15","TTLL6","protein_coding"
21537.1418679693,-1.01166390701835,0.219514566948284,-4.6086413356645,4.05308813500719e-06,1.30622131288887e-05,"ENSG00000198502.6","HLA-DRB5","protein_coding"
0.846927466918416,-2.14547611353834,0.466075509869098,-4.60328008682738,4.15888314123239e-06,1.33899338653583e-05,"ENSG00000253407.2","AC087341.1","lncRNA"
3.79942417942413,-1.12615558661927,0.244936091844792,-4.59775273679504,4.27072408858504e-06,1.37274276581585e-05,"ENSG00000253875.2","AC013643.2","lncRNA"
15.9073136005065,-1.32100172277967,0.287504673304228,-4.59471391403027,4.33343382680408e-06,1.39221345711552e-05,"ENSG00000269091.6","AC010624.3","lncRNA"
0.718264669179174,-2.09585293194958,0.456223541845783,-4.59391666521681,4.35003153767039e-06,1.39720170812263e-05,"ENSG00000249436.2","LINCR-0003","lncRNA"
10.7304819896734,-1.59381446278599,0.346966064139248,-4.59357449478502,4.35717375836028e-06,1.39926603478372e-05,"ENSG00000171695.10","LKAAEAR1","protein_coding"
0.809323042952056,-1.97634588859151,0.430250561062865,-4.5934766097905,4.35921900563498e-06,1.39969310666696e-05,"ENSG00000234117.2","AL445224.1","lncRNA"
9.93192944132378,-1.73805535003083,0.378446343860241,-4.59260705838049,4.37742817671441e-06,1.40507868085482e-05,"ENSG00000199899.2","Y_RNA","misc_RNA"
1.26229669752769,-1.93901027066311,0.422592644777446,-4.58836729561222,4.46726143757969e-06,1.43250354268566e-05,"ENSG00000248222.5","SLIT3-AS1","lncRNA"
4.164956138336,-2.30276196518999,0.502120427344858,-4.58607505248626,4.51656298224908e-06,1.44760116355466e-05,"ENSG00000197953.6","AADACL2","protein_coding"
3.75913993523053,-1.41438790016666,0.308568327556989,-4.58371055566434,4.56796452033631e-06,1.46299737801015e-05,"ENSG00000230495.1","AL132765.1","processed_pseudogene"
2.3502939955755,-2.26504951885778,0.494423087216714,-4.58119690892381,4.62322278685531e-06,1.47996834810565e-05,"ENSG00000243543.9","WFDC6","protein_coding"
539.040822923646,-1.03657553570097,0.226472978869283,-4.57703846558785,4.71604769423512e-06,1.50832580566501e-05,"ENSG00000165152.9","PGAP4","protein_coding"
4.86171601328874,-1.19079578869227,0.260175029510721,-4.57690267560131,4.71910870022017e-06,1.50918145266685e-05,"ENSG00000105650.22","PDE4C","protein_coding"
15.5160390947051,-1.61296956791547,0.352537088112503,-4.57531880277158,4.75495353747087e-06,1.52002358365144e-05,"ENSG00000214514.8","KRT42P","transcribed_unprocessed_pseudogene"
1.02811030250702,-1.78558902408801,0.390563358296409,-4.57182934896027,4.83484624827101e-06,1.5437973769163e-05,"ENSG00000280061.1","AC011504.1","TEC"
1.79617339671102,-1.55638033594615,0.340747609229807,-4.56754587204308,4.93467707493937e-06,1.57400430892935e-05,"ENSG00000248371.5","LINC02056","lncRNA"
8.85298481358662,-1.96563060362865,0.430466659599529,-4.56627838601324,4.96459365285124e-06,1.58315959766703e-05,"ENSG00000231720.1","AL353747.3","lncRNA"
11.407609983664,-1.88225240087556,0.412407915090407,-4.56405498537276,5.01749282566252e-06,1.59820522393976e-05,"ENSG00000223991.1","AC104809.1","lncRNA"
6.39250188305163,-1.28119702982935,0.28088033599374,-4.56136249373436,5.08227540275778e-06,1.61739198751883e-05,"ENSG00000275152.5","CCL16","protein_coding"
152.624051209038,-1.11226207678684,0.243855190159826,-4.56115810394621,5.0872256875112e-06,1.61883571910223e-05,"ENSG00000107165.13","TYRP1","protein_coding"
1.60503925446067,-1.41294191095726,0.309954932044141,-4.55853985493621,5.1510490482141e-06,1.63794653263177e-05,"ENSG00000249609.1","AC080188.1","lncRNA"
1.57712601613317,-1.56048778298035,0.34237580873619,-4.55782138563053,5.16869633507715e-06,1.64329100006422e-05,"ENSG00000260660.4","AC113208.3","transcribed_unitary_pseudogene"
6.78495306721412,-1.32478088237757,0.290673726784081,-4.55762169162832,5.17361155920492e-06,1.64458646566408e-05,"ENSG00000279430.1","AL590560.4","TEC"
17.4264051835077,-1.07327130242759,0.235569832389994,-4.55606429540925,5.21209882797968e-06,1.65601363460273e-05,"ENSG00000234997.2","AC016745.1","lncRNA"
6129.16107697804,-1.05124438712769,0.230753708234597,-4.55569878018573,5.221171289989e-06,1.65876149832394e-05,"ENSG00000006210.7","CX3CL1","protein_coding"
11.5545569632071,-1.26239671676377,0.277123478555435,-4.55535822278317,5.22963787933037e-06,1.66131644630684e-05,"ENSG00000168594.15","ADAM29","protein_coding"
3.73891693857505,-1.23641501851023,0.271423607224549,-4.55529653869549,5.23117281144629e-06,1.66153427990832e-05,"ENSG00000281128.2","PTENP1-AS","lncRNA"
4.96430530501335,-1.05873155365313,0.232745934187621,-4.54887238889279,5.39341349446607e-06,1.70945782805728e-05,"ENSG00000287957.1","AC007695.1","lncRNA"
0.782737567382394,-1.61207638945913,0.354609715646837,-4.54605815443769,5.46599395693043e-06,1.73176106816164e-05,"ENSG00000288010.1","AL035587.3","lncRNA"
0.645098197042873,-1.8948320489785,0.41707494996455,-4.54314518083514,5.54210538392363e-06,1.75445454071932e-05,"ENSG00000177462.7","OR2T8","protein_coding"
9.73165410614961,-1.08678885154301,0.239290763967723,-4.54170831135629,5.58002116059663e-06,1.76545769756878e-05,"ENSG00000183230.17","CTNNA3","protein_coding"
1.15742741050049,-1.55365568773537,0.342440644152919,-4.53700725735574,5.70581438095854e-06,1.80336178451893e-05,"ENSG00000257065.1","AL049844.1","protein_coding"
8204.37583323717,-1.10722746784975,0.244151041461777,-4.53501021834917,5.76006966612606e-06,1.81962772346152e-05,"ENSG00000162551.14","ALPL","protein_coding"
44.9732266350796,-1.18626460101069,0.261631238252892,-4.5341091871608,5.78471009665914e-06,1.82667439309529e-05,"ENSG00000145934.16","TENM2","protein_coding"
9.30298116684051,-1.91990248196234,0.424538172208153,-4.52233181288819,6.11620808344702e-06,1.92513946680635e-05,"ENSG00000153820.13","SPHKAP","protein_coding"
67.3415860119162,-1.08618879158941,0.240375707620229,-4.51871281978911,6.22167155405047e-06,1.95628951049859e-05,"ENSG00000168824.14","NSG1","protein_coding"
2.9874548699379,-1.11829925353566,0.247552291360166,-4.5174263885469,6.25957780289135e-06,1.96741798397543e-05,"ENSG00000262075.3","DKFZP434A062","lncRNA"
1.52057431670706,-1.33984187770297,0.296920092314004,-4.51246619001465,6.40781517380893e-06,2.00997367187429e-05,"ENSG00000228877.2","AL669970.3","lncRNA"
0.70375800407276,-1.99205402415013,0.441510924601016,-4.51190200095344,6.42488736575083e-06,2.01484426598169e-05,"ENSG00000203531.3","AC104772.1","processed_pseudogene"
1.53288107494943,-1.749708646626,0.388112521824396,-4.5082509536182,6.53642355435543e-06,2.04787841685736e-05,"ENSG00000218793.1","AL049697.3","processed_pseudogene"
5.69340719525689,-1.25810556190776,0.279365134557376,-4.50344515574964,6.68606282163548e-06,2.09222170550514e-05,"ENSG00000232814.2","COL4A2-AS1","lncRNA"
4.25620261960262,-1.81426164679624,0.402898665086453,-4.50302223366003,6.69938719833566e-06,2.09588839509172e-05,"ENSG00000269621.1","AL589765.7","lncRNA"
0.761948988088558,-2.2428137801781,0.498177458243265,-4.50203786435257,6.73049869512203e-06,2.10494840504172e-05,"ENSG00000258770.1","LINC02330","lncRNA"
6.26334833290194,-1.15513982387791,0.256894094899607,-4.49656043798645,6.90615551159878e-06,2.1571262078893e-05,"ENSG00000235821.1","IFITM4P","processed_pseudogene"
3.41539733872791,-1.1949050453662,0.265812805031867,-4.49528774666422,6.94759306636618e-06,2.16937651037324e-05,"ENSG00000224995.1","LINC01526","lncRNA"
79.4554172180584,-1.06093256506929,0.236304285155451,-4.48968821860916,7.13274975778511e-06,2.22328844011382e-05,"ENSG00000170891.11","CYTL1","protein_coding"
1.84290277619407,-1.12110510694824,0.249789921819441,-4.48819191255692,7.1830207881774e-06,2.2382448356599e-05,"ENSG00000276406.1","AC015726.2","lncRNA"
2.02935797754958,-1.50763018741842,0.33597409167612,-4.48734061575135,7.21177264424189e-06,2.24648842017059e-05,"ENSG00000240240.9","BX664727.3","lncRNA"
81.4030869778419,-1.03000777857356,0.229655161380048,-4.48501907113264,7.29074133501057e-06,2.26964199825218e-05,"ENSG00000242640.1","RPS29P11","processed_pseudogene"
519.179551285674,-1.00470806919408,0.224334887242715,-4.47860821623815,7.51312803374436e-06,2.33455198272124e-05,"ENSG00000105894.12","PTN","protein_coding"
2.22001280543102,-1.16383629783695,0.260061805878563,-4.47522962437788,7.63292349108082e-06,2.36994310187641e-05,"ENSG00000277435.1","AC138649.2","processed_pseudogene"
331.631752272601,-1.319174988382,0.294777472624127,-4.47515536597361,7.63557688874532e-06,2.37057885777129e-05,"ENSG00000105479.16","CCDC114","protein_coding"
0.750717738839542,-1.92680592440872,0.430575484196658,-4.47495501980017,7.64274004861352e-06,2.37242631161586e-05,"ENSG00000249341.1","AC124017.1","lncRNA"
17.8556180554871,-1.07024965933312,0.239177156698131,-4.474715203191,7.65132287982566e-06,2.37471379767178e-05,"ENSG00000182264.9","IZUMO1","protein_coding"
19.1888256907354,-1.21269489667595,0.271030325043227,-4.47438823121558,7.6630397762778e-06,2.37816170580955e-05,"ENSG00000184434.8","LRRC19","protein_coding"
15.4680331683559,-1.09691320352056,0.245215496090561,-4.4732621755497,7.70352290044624e-06,2.38996713404711e-05,"ENSG00000229498.1","AC105053.1","lncRNA"
4.3504319915382,-1.99766897022942,0.447029998141704,-4.46875820086728,7.86750044163606e-06,2.43832694267116e-05,"ENSG00000254453.1","NAV2-AS2","lncRNA"
4.33021138873925,-2.05694974555391,0.460307216784712,-4.46864544058616,7.87164825010274e-06,2.43941924190045e-05,"ENSG00000237336.1","AL445489.1","lncRNA"
6.02530205696966,-1.24023707795585,0.277790428079488,-4.46465015562368,8.01996874518875e-06,2.48282750765808e-05,"ENSG00000199161.1","MIR126","miRNA"
0.785568455647004,-1.66819994813938,0.373760887680439,-4.46328121300287,8.07140094851072e-06,2.49756437226137e-05,"ENSG00000229112.1","AL356583.2","unprocessed_pseudogene"
3.79888464025029,-1.31586840050742,0.294876435985846,-4.46243999154471,8.10316251821026e-06,2.50640149000147e-05,"ENSG00000258826.6","LINC01147","lncRNA"
3.15607696933331,-1.04194256682888,0.233514818616483,-4.46199762825388,8.11991250042155e-06,2.51118545842089e-05,"ENSG00000270532.1","PEBP1P2","processed_pseudogene"
17.2451504867784,-1.44916971007312,0.324782572446344,-4.46196881549895,8.12100463592765e-06,2.51132473848969e-05,"ENSG00000249790.3","AC092490.1","lncRNA"
1.5584934618976,-1.36331231060516,0.30562418336586,-4.46074749579994,8.16742759193023e-06,2.52508184482754e-05,"ENSG00000232801.1","SDCBPP3","processed_pseudogene"
0.656469779335806,-1.74402525028856,0.391076711352558,-4.459547704226,8.21327918231872e-06,2.53805439219232e-05,"ENSG00000264395.1","MIR3193","miRNA"
7.26498045617771,-1.24425946706188,0.279194741387999,-4.45660065399557,8.32695129396938e-06,2.57236860412344e-05,"ENSG00000280168.1","AC005274.1","TEC"
0.812920976656904,-1.64776446018705,0.369746783524097,-4.45646732740182,8.33212928964123e-06,2.57360024837708e-05,"ENSG00000188386.8","PPP3R2","protein_coding"
152.804309210138,-1.4746914776465,0.331020597436465,-4.45498403744965,8.38994368599434e-06,2.59019239744887e-05,"ENSG00000176029.14","C11orf16","protein_coding"
9.04609660330051,-1.21870610977951,0.273583793177764,-4.45459906679357,8.40501129392799e-06,2.59443477906994e-05,"ENSG00000286627.1","AP005900.1","lncRNA"
630.817020985763,-1.1093613950143,0.249149877022309,-4.45258656465229,8.48420182178752e-06,2.61825947546031e-05,"ENSG00000170381.14","SEMA3E","protein_coding"
9.66708221106161,-1.07824630532396,0.242201048150336,-4.45186473617026,8.51277862365119e-06,2.62666409337719e-05,"ENSG00000287117.1","AC105916.1","lncRNA"
6.27653643875968,-1.14323115007657,0.256881699612359,-4.45041881847456,8.57029866813157e-06,2.64191237736455e-05,"ENSG00000179300.4","RTL3","protein_coding"
1.21338132445334,-2.66129597326119,0.598183097567569,-4.44896551588132,8.62848667613604e-06,2.65943062479426e-05,"ENSG00000264790.1","AC021382.1","lncRNA"
1.48258497871009,-1.6302584747284,0.366467236136642,-4.44857906511604,8.64402300486904e-06,2.66358976457619e-05,"ENSG00000235820.1","AL109935.1","lncRNA"
3.01091089045916,-1.11426046904878,0.250523933123645,-4.44772064351571,8.67862949686469e-06,2.67404292001427e-05,"ENSG00000179256.2","SMCO3","protein_coding"
98.8570920693236,-1.39852194947844,0.314478982800429,-4.44710783857359,8.70341513028278e-06,2.6812575772563e-05,"ENSG00000101098.13","RIMS4","protein_coding"
1.23485282122214,-2.65908283385808,0.599309230539802,-4.43691286293559,9.12582130935515e-06,2.80432317933388e-05,"ENSG00000252236.1","AL135927.1","snoRNA"
15.7459453771711,-1.09662409077686,0.247422839134777,-4.4321861902955,9.32824102151717e-06,2.86158199602531e-05,"ENSG00000250934.2","AC016924.1","lncRNA"
0.523013196203623,-2.13837228334381,0.482997560826966,-4.42729416621191,9.54225576179141e-06,2.92425413277985e-05,"ENSG00000213167.3","Metazoa_SRP","misc_RNA"
5.5317792869004,-1.05498704713693,0.23844283305744,-4.42448629555908,9.66720400098701e-06,2.95976339693782e-05,"ENSG00000224239.1","AC090044.1","lncRNA"
17.2611543017621,-1.0732997101676,0.242608347152111,-4.42400157606555,9.68893125170479e-06,2.96525550453981e-05,"ENSG00000260947.1","AL356489.2","lncRNA"
5.57187459997452,-1.06551582167691,0.240848703419101,-4.42400480696303,9.68878627442496e-06,2.96525550453981e-05,"ENSG00000287644.1","AC080112.4","lncRNA"
13.8179255357517,-1.0061506882457,0.227568262799114,-4.42131374502726,9.81026062780679e-06,3.0012142023822e-05,"ENSG00000260078.3","AC007342.3","transcribed_unprocessed_pseudogene"
0.866109699217843,-1.61894331749454,0.366258676567668,-4.42021833493803,9.86012280514348e-06,3.01576102460583e-05,"ENSG00000183733.6","FIGLA","protein_coding"
26.8174203734599,-1.07109925726109,0.242381155039702,-4.41906986162204,9.9126602817587e-06,3.03064543703024e-05,"ENSG00000146006.8","LRRTM2","protein_coding"
0.603218967749527,-2.15947794164855,0.489002522545578,-4.4160875293793,1.00503401132017e-05,3.06866306936406e-05,"ENSG00000166408.4","OR5P1P","unprocessed_pseudogene"
0.670596239342833,-2.18905803376552,0.495882970479661,-4.41446503324782,1.01260080639629e-05,3.0910431511891e-05,"ENSG00000285831.1","AC027329.1","lncRNA"
2.11933985701466,-1.49388099648365,0.338525416997232,-4.4129064509678,1.01992074310077e-05,3.11217393935403e-05,"ENSG00000251613.4","AC063979.1","lncRNA"
1.19224801489119,-1.60975443985467,0.365028882779111,-4.40993717428321,1.03400613284964e-05,3.15195871189058e-05,"ENSG00000251635.2","LINC02278","lncRNA"
58.680005937362,-1.04777542264724,0.237776767648846,-4.40655087125508,1.05029650082322e-05,3.19887549608605e-05,"ENSG00000197816.16","CCDC180","protein_coding"
0.605614683376905,-2.33122654708431,0.52911169153365,-4.40592522219111,1.05333298973507e-05,3.20694997583483e-05,"ENSG00000225427.2","LINC00331","lncRNA"
240.272892403885,-1.06056167434674,0.240820113090923,-4.40395804459373,1.0629350866831e-05,3.23384488236637e-05,"ENSG00000180229.12","HERC2P3","transcribed_unprocessed_pseudogene"
2.98268524979285,-1.55570866642507,0.353262569516949,-4.40383103296891,1.06355791392913e-05,3.23473377350853e-05,"ENSG00000199687.1","RNU1-38P","snRNA"
127.703860480346,-1.00179884392907,0.228246840470119,-4.38910278830442,1.13819266095777e-05,3.44875670887191e-05,"ENSG00000050628.20","PTGER3","protein_coding"
4.2920287715229,-1.27570199480306,0.290912473349814,-4.38517462009636,1.15892772228622e-05,3.50734730864518e-05,"ENSG00000232699.3","BDH2P1","processed_pseudogene"
1.63674271456604,-2.65754652282547,0.607163522657692,-4.37698646847687,1.20331441694714e-05,3.63296786124207e-05,"ENSG00000226594.1","AL356421.2","lncRNA"
58.2680532275407,-1.39536422699705,0.318917019750225,-4.37532066519968,1.21254095263692e-05,3.65856581213936e-05,"ENSG00000170959.14","DCDC1","protein_coding"
1.15160774564617,-3.34083372680461,0.763561247687595,-4.375331693328,1.21247964872516e-05,3.65856581213936e-05,"ENSG00000229234.1","RBMY1KP","unprocessed_pseudogene"
5.89607131413611,-1.1689263020514,0.267324671156021,-4.37268396140351,1.22728325129116e-05,3.70104969992866e-05,"ENSG00000232692.1","AP001596.1","lncRNA"
3.95543628370646,-1.41241678530001,0.323083155948509,-4.37168190075845,1.23293068710395e-05,3.71750737533245e-05,"ENSG00000187922.14","LCN10","protein_coding"
1.34649213562265,-1.86387455911367,0.42664424341318,-4.36868559201117,1.24996566932581e-05,3.76538926916e-05,"ENSG00000230023.2","LINC02800","lncRNA"
1.15277601118402,-1.5805872219086,0.361907290715294,-4.36738154344621,1.25744954259615e-05,3.78705903573694e-05,"ENSG00000235718.9","MFRP","protein_coding"
2.0859046117413,-1.08698597941932,0.248999878942394,-4.36540766218925,1.26885894647514e-05,3.82024462833874e-05,"ENSG00000238247.2","RDXP3","processed_pseudogene"
4.99787781567513,-1.0226481272285,0.234427756799583,-4.36231673753029,1.28692373997806e-05,3.87046444309288e-05,"ENSG00000213519.2","AC132008.1","processed_pseudogene"
2.98028851698249,-1.70089878240407,0.390598488797164,-4.35459642366239,1.33312291502722e-05,3.99957316475736e-05,"ENSG00000267275.1","AC020911.2","lncRNA"
1.5987228789737,-1.34048757445163,0.30784249221834,-4.35445920669351,1.33395817353524e-05,4.00146548781966e-05,"ENSG00000240244.3","GAPDHP33","processed_pseudogene"
2.54852193493917,-1.3955525047324,0.320754915150274,-4.35083747377209,1.35618550663488e-05,4.0647131633065e-05,"ENSG00000287901.1","AL137026.3","lncRNA"
284.7478800475,-1.03298011333507,0.237473622525268,-4.34987306106029,1.36216361014524e-05,4.08169264327998e-05,"ENSG00000158258.16","CLSTN2","protein_coding"
1.59146879504625,-1.59269458738153,0.366249103502344,-4.34866480805279,1.36968868373878e-05,4.10361288441791e-05,"ENSG00000223436.1","AC011625.1","lncRNA"
0.669507367754718,-1.79133685568059,0.412282050582559,-4.34493049879182,1.39319766324103e-05,4.16989580543712e-05,"ENSG00000276427.1","IGLL4P","unprocessed_pseudogene"
0.8641765725961,-1.96942724220102,0.453497898957711,-4.34274832745072,1.40711294499998e-05,4.20864760764306e-05,"ENSG00000282850.2","RHOXF1P2","unprocessed_pseudogene"
11.6161829660598,-1.06341457793662,0.245136497135782,-4.3380508017441,1.43751931873775e-05,4.29368509743736e-05,"ENSG00000267551.3","AC005264.1","lncRNA"
14.058957651975,-1.09040172002403,0.251554840993038,-4.33464812571111,1.45993456930632e-05,4.35631383494933e-05,"ENSG00000183798.5","EMILIN3","protein_coding"
74.539019832848,-1.11805461193583,0.257939362927925,-4.33456374879954,1.46049461792915e-05,4.35765267969389e-05,"ENSG00000169224.13","GCSAML","protein_coding"
0.851007826855243,-2.30158613317302,0.531088824865766,-4.33371222554863,1.46615805027695e-05,4.37355013457747e-05,"ENSG00000280091.1","AC020895.2","TEC"
0.536703819463729,-2.13090754700247,0.491717140009014,-4.33360437051962,1.466876880356e-05,4.37536086631685e-05,"ENSG00000229899.1","AC084290.1","processed_pseudogene"
2.00356537218691,-1.20422632920522,0.277944619579981,-4.33261248598731,1.47350334839531e-05,4.39445617910654e-05,"ENSG00000285790.1","AC021517.3","lncRNA"
20.8068720224389,-1.16902951905362,0.269928738992419,-4.33088200766371,1.485132524032e-05,4.4264392412138e-05,"ENSG00000244124.1","ATP1B3-AS1","lncRNA"
1.92934108008439,-1.43554613882919,0.331521978087199,-4.33016883861498,1.48995058942454e-05,4.43984579237775e-05,"ENSG00000267214.1","AC092068.1","lncRNA"
18.9691675827733,-1.00459958026653,0.232290128173861,-4.32476226245233,1.52696445833984e-05,4.54454260870828e-05,"ENSG00000196301.3","HLA-DRB9","unprocessed_pseudogene"
4.60137627940801,-1.80484716204975,0.41751737418885,-4.32280732162631,1.54056268499367e-05,4.58118082122404e-05,"ENSG00000274330.1","AL160191.3","unprocessed_pseudogene"
76.2730398082378,-1.1253266075611,0.260577537253804,-4.31858639628259,1.57031749901004e-05,4.66576264645117e-05,"ENSG00000280213.1","UCKL1-AS1","lncRNA"
1.55115939011035,-1.25952296383727,0.291937996818811,-4.31435091547532,1.60072512149134e-05,4.7514203693452e-05,"ENSG00000179636.15","TPPP2","protein_coding"
1.39084492391339,-1.51509869198215,0.351467468108159,-4.3107793166106,1.62680196980092e-05,4.82223982124686e-05,"ENSG00000285424.1","AL162718.1","lncRNA"
47.9527679868294,-1.31587688490246,0.305368853393958,-4.30913916163166,1.6389122233878e-05,4.85666597602334e-05,"ENSG00000141744.4","PNMT","protein_coding"
0.835235499326437,-2.03601298407866,0.472547872734102,-4.3085856514358,1.64301847916856e-05,4.86846555416818e-05,"ENSG00000234132.2","AL358473.2","lncRNA"
1.18563112996022,-1.590026630959,0.369260051479552,-4.30598063502421,1.66247600665843e-05,4.92239320645815e-05,"ENSG00000266905.1","AC114684.1","lncRNA"
4.24990479672003,-1.1356208138678,0.263894133438729,-4.30331966485895,1.68257809299692e-05,4.97776996726865e-05,"ENSG00000179564.4","LSMEM2","protein_coding"
554.809500871502,-1.08346278601417,0.251933374011216,-4.30059252874506,1.70342026478785e-05,5.03524236149067e-05,"ENSG00000186493.13","C5orf38","protein_coding"
1.08356434160273,-2.52013078761406,0.586271716326972,-4.29857132355426,1.71902584695732e-05,5.07906979894946e-05,"ENSG00000226868.1","AC096637.1","lncRNA"
1.65228739970862,-1.68653898017801,0.393127603843904,-4.29005484144958,1.78629002029561e-05,5.26714087086436e-05,"ENSG00000270087.5","AC010997.3","lncRNA"
1.11512187327083,-1.60813474032372,0.374856126565613,-4.29000522162264,1.78668917368152e-05,5.26745528933409e-05,"ENSG00000254744.3","AC084855.1","lncRNA"
3.02459167843973,-1.28344782377796,0.299214113827122,-4.28939600262138,1.79159680420077e-05,5.2807302308813e-05,"ENSG00000230305.2","AC004980.3","unprocessed_pseudogene"
2.03992929175105,-1.26234093773541,0.294754119214356,-4.28269142124317,1.84646162609364e-05,5.43507521368063e-05,"ENSG00000243025.1","MTAPP1","processed_pseudogene"
1.80532881502445,-1.32616857278827,0.309693520865519,-4.28219669911707,1.85057281266119e-05,5.44676680949567e-05,"ENSG00000231861.2","OR5K2","protein_coding"
1.33061242838162,-1.37700558126611,0.321691258042784,-4.28051912148314,1.86457865054994e-05,5.48633936195728e-05,"ENSG00000271401.1","AC010680.5","lncRNA"
4.62003732706743,-1.00352902748289,0.234698180140936,-4.27582790322562,1.90428289054129e-05,5.59643212840942e-05,"ENSG00000287477.1","AL356495.1","lncRNA"
1.58860277418101,-1.81160471553643,0.423784716241645,-4.27482314983591,1.91289072513858e-05,5.62130722179317e-05,"ENSG00000258422.5","AL160191.1","lncRNA"
26.9106048912002,-1.616822874698,0.37839526132413,-4.27284123231407,1.92997880200163e-05,5.66811771998843e-05,"ENSG00000275874.1","PICSAR","lncRNA"
4.27404624163597,-1.24709900557183,0.292097051825435,-4.26946796545257,1.95939787347505e-05,5.74933999602222e-05,"ENSG00000257542.5","OR7E47P","transcribed_unprocessed_pseudogene"
7.35990692936388,-1.11874800480378,0.262189165655666,-4.26694978797497,1.981637386451e-05,5.81154557215124e-05,"ENSG00000286864.1","AC012076.1","lncRNA"
1.68874806087388,-1.27677871933834,0.300276901871925,-4.25200443783355,2.11865661082529e-05,6.198052619483e-05,"ENSG00000171794.4","UTF1","protein_coding"
3.13853530817296,-1.71242208943356,0.403058288370573,-4.24857182904314,2.15137667372509e-05,6.28907221123088e-05,"ENSG00000284969.1","AL049629.2","protein_coding"
17.8384862004299,-1.14214710770938,0.269198784226917,-4.2427647323497,2.20782858780461e-05,6.44542975748899e-05,"ENSG00000226808.3","LINC00840","lncRNA"
2.60115131190571,-1.57301892576859,0.371582615457668,-4.23329526283447,2.30291834327357e-05,6.70951512848173e-05,"ENSG00000170486.11","KRT72","protein_coding"
0.828258875459401,-1.80441535178018,0.426585215338831,-4.22990597634041,2.33789006303314e-05,6.80785653047699e-05,"ENSG00000240666.2","MME-AS1","lncRNA"
1.69103347499533,-1.94829628107879,0.460835071362107,-4.22775175361576,2.36038005853759e-05,6.86823557931546e-05,"ENSG00000255079.1","LINC02704","lncRNA"
1.51589990951508,-1.7700314577553,0.419080371324122,-4.22360859365168,2.40421444010569e-05,6.99006726025527e-05,"ENSG00000230164.1","MAS1LP1","unprocessed_pseudogene"
0.715554520860819,-1.81240099158013,0.429183085568564,-4.22290871314076,2.41169518200903e-05,7.00921302489569e-05,"ENSG00000202322.1","RNA5SP131","rRNA_pseudogene"
1.65912778416706,-1.29008396271064,0.305518847321469,-4.22260025533941,2.41499918985527e-05,7.01673101412435e-05,"ENSG00000279288.1","AC073346.2","TEC"
8.94651871520802,-2.70090796733174,0.639984403444518,-4.22027154536101,2.44008222782286e-05,7.08592635672998e-05,"ENSG00000234795.10","RFTN1P1","transcribed_unprocessed_pseudogene"
23.9176877218233,-1.08811147655823,0.257942627653278,-4.21842440878306,2.46015420093678e-05,7.13944630946729e-05,"ENSG00000287804.1","Z98745.2","lncRNA"
214.783485530294,-1.34823777655763,0.320126098719865,-4.2115834414908,2.53586848983886e-05,7.34718420523357e-05,"ENSG00000256870.3","SLC5A8","protein_coding"
29.5081475305266,-1.16104021923765,0.276130335244753,-4.20468188766202,2.61449615328023e-05,7.56211464069839e-05,"ENSG00000225873.4","C3orf86","transcribed_unitary_pseudogene"
7.32150104198872,-1.63430420069367,0.389062730542166,-4.20061874961972,2.66186507318452e-05,7.69230058184649e-05,"ENSG00000253376.2","AC012103.1","lncRNA"
7.67444666009957,-1.01020529785861,0.241042915831206,-4.19097692365298,2.7775591216476e-05,8.00535213885191e-05,"ENSG00000286796.1","AC010883.2","lncRNA"
4025.75267317647,-1.06459292268175,0.25402707680756,-4.19086396639615,2.7789424345041e-05,8.0087491828384e-05,"ENSG00000131016.17","AKAP12","protein_coding"
1.79569983881625,-1.42088745909034,0.340091537195375,-4.17795594329672,2.9414061115703e-05,8.45392306660722e-05,"ENSG00000277563.1","AC063961.1","misc_RNA"
1.21451180860633,-1.4950637001139,0.358194630384545,-4.17388641060547,2.99447096379513e-05,8.59507395908949e-05,"ENSG00000287570.1","AL035447.1","lncRNA"
61.7122725418205,-1.19225760946366,0.285687425450647,-4.17329396833961,3.00227159742749e-05,8.61683217536565e-05,"ENSG00000182732.18","RGS6","protein_coding"
2.5658634889247,-1.25636252607421,0.301123284743027,-4.17225299314319,3.01602482535896e-05,8.653766493703e-05,"ENSG00000267289.1","AC008752.2","lncRNA"
33.8349510862743,-1.03792439185824,0.248788745217275,-4.17191055387892,3.02056216138973e-05,8.66487925645785e-05,"ENSG00000099957.16","P2RX6","protein_coding"
1063.72657700081,-1.05518638968555,0.253011821611633,-4.17050232263547,3.03928957411798e-05,8.71668428062231e-05,"ENSG00000173947.14","PIFO","protein_coding"
0.82030916667377,-2.32841465629108,0.558972447908042,-4.16552669993876,3.10634563812254e-05,8.89726329712875e-05,"ENSG00000236040.1","CHIAP1","unprocessed_pseudogene"
1.64211088099619,-1.39112631409946,0.334085383302847,-4.16398436934431,3.12741533931767e-05,8.95498972946289e-05,"ENSG00000270077.1","AP003117.1","lncRNA"
1.77186919172307,-1.49233245545939,0.358528124673069,-4.16238602430481,3.14939349645841e-05,9.01462342988179e-05,"ENSG00000211825.1","TRDJ1","TR_J_gene"
2.45391684456482,-1.77426870804974,0.426583442990396,-4.1592535697399,3.19289288985868e-05,9.13245315934947e-05,"ENSG00000232451.2","AC018467.1","lncRNA"
26.0053803958098,-1.04985085149092,0.252652769559607,-4.15531107504141,3.24845270545418e-05,9.28322521121213e-05,"ENSG00000238755.3","LINC02006","lncRNA"
1.51269368698468,-1.26199226803631,0.303788013698481,-4.15418716713715,3.26445891351898e-05,9.32556152320857e-05,"ENSG00000189152.11","GRAPL","protein_coding"
1.36001349915722,-1.98194826734715,0.477398790738973,-4.15155694944108,3.30221067914057e-05,9.42514996976292e-05,"ENSG00000283097.1","AL159152.1","TEC"
0.448494143389053,-2.2726470999592,0.548781600786795,-4.14125964992426,3.4540368776937e-05,9.83625042289733e-05,"ENSG00000259730.1","AC092078.1","lncRNA"
754.867726015487,-1.12799465897959,0.272494560506691,-4.13951257185516,3.48044528213107e-05,9.90424727911213e-05,"ENSG00000075461.6","CACNG4","protein_coding"
22.9525230797541,-1.20780101332262,0.291804623716627,-4.13907428175478,3.48710039190494e-05,9.92174256057822e-05,"ENSG00000286952.1","AC093928.1","lncRNA"
3.60427697374507,-1.294266328112,0.312837333206194,-4.13718629694025,3.51590644050183e-05,0.000100002079619655,"ENSG00000287109.1","AP000224.1","lncRNA"
1.78570994162327,-1.96020037083698,0.474610093680867,-4.1301278606077,3.62561535528577e-05,0.000103007061119822,"ENSG00000071677.1","PRLH","protein_coding"
19.5934565993753,-1.22273487913588,0.296335240337717,-4.12618788687568,3.68825978894696e-05,0.000104689753228843,"ENSG00000100121.13","GGTLC2","protein_coding"
0.736903463733874,-2.55549402910025,0.619694574208946,-4.12379603672082,3.72678935042965e-05,0.000105706722290274,"ENSG00000237612.1","AP002856.4","lncRNA"
1.80162885408793,-2.03766492007378,0.494587107595162,-4.11993133015851,3.78985332674397e-05,0.00010738649567619,"ENSG00000250376.1","AC093720.1","unprocessed_pseudogene"
0.710482957437544,-1.98565274129351,0.482063674331397,-4.11906734944824,3.80408958868265e-05,0.000107761097441836,"ENSG00000186049.8","KRT73","protein_coding"
320.643204238968,-1.36177507974648,0.33060318731714,-4.11906216270129,3.80417520651536e-05,0.000107761097441836,"ENSG00000188039.16","NWD1","protein_coding"
1.6782719252718,-1.53259255846939,0.372433747979742,-4.11507433679923,3.87054655006711e-05,0.000109522277135495,"ENSG00000281769.1","LINC01230","lncRNA"
13.3173911505389,-1.06437160135326,0.258655096002365,-4.1150227380153,3.87141249384632e-05,0.000109538859216703,"ENSG00000278897.1","AC020951.1","TEC"
1.7313664143975,-1.89733148827526,0.461493992058918,-4.11128101540492,3.93469951772336e-05,0.000111241042430484,"ENSG00000250137.1","AC093607.1","lncRNA"
0.493320789560249,-2.07550380066836,0.505145662964773,-4.10872338977817,3.97852251492184e-05,0.000112395490969915,"ENSG00000147613.8","PSKH2","protein_coding"
3.83048442391848,-1.41676350599411,0.344976898408234,-4.10683588533388,4.01116012314985e-05,0.000113288131922755,"ENSG00000077009.13","NMRK2","protein_coding"
24.8599923920934,-1.76592675995668,0.430829430595666,-4.098900015988,4.15118300575645e-05,0.000117023227576007,"ENSG00000132872.12","SYT4","protein_coding"
4.17426844094419,-1.66415904481086,0.406169593756155,-4.09720242576784,4.18173206319954e-05,0.000117822708727122,"ENSG00000150175.13","FRMPD2B","unprocessed_pseudogene"
2.36843312589158,-1.38395910802425,0.337903782716548,-4.09571948824613,4.20859276462253e-05,0.000118530620031988,"ENSG00000228485.1","GRK5-IT1","lncRNA"
4.44906939104117,-1.12976950292358,0.275859991651552,-4.09544528787862,4.21357730122886e-05,0.000118653924420255,"ENSG00000287011.1","AC003077.1","lncRNA"
53.8284515174486,-1.31099245130256,0.320368722221707,-4.09213621795234,4.27417440497168e-05,0.000120265131689758,"ENSG00000171401.15","KRT13","protein_coding"
1.30412751098853,-1.60841092843445,0.393613399566536,-4.08627076772716,4.38362171973136e-05,0.000123194126339276,"ENSG00000235933.1","LINC01779","lncRNA"
1.6321610988807,-1.3389201425093,0.32799344530751,-4.08215518225981,4.46199855905228e-05,0.000125207935184134,"ENSG00000267207.1","AC005884.1","lncRNA"
1.1818338370226,-1.69506908479677,0.415259595554851,-4.08195043038536,4.46593233663601e-05,0.000125300350085971,"ENSG00000241101.1","PRICKLE2-AS2","lncRNA"
0.608959970101229,-2.10703436175501,0.517275745580209,-4.07332912814543,4.63458571087515e-05,0.000129716024213043,"ENSG00000238201.1","AC114752.2","lncRNA"
47.0809574155899,-1.09260251753229,0.268381191891582,-4.07108452657022,4.67947643548529e-05,0.000130888200426715,"ENSG00000223561.7","AC005165.1","lncRNA"
2.58424820526442,-1.37174569444108,0.337022876413304,-4.07018570679711,4.69756765607647e-05,0.000131337896506093,"ENSG00000259462.3","CPEB1-AS1","lncRNA"
3.35964172405898,-1.28154925401775,0.315320748467121,-4.06427188901393,4.81826345521999e-05,0.000134548966863779,"ENSG00000236936.1","AL031005.1","lncRNA"
3.98877630084673,-1.03977785676098,0.255934805755723,-4.06266687209942,4.85152421672771e-05,0.000135400466532182,"ENSG00000286721.1","AC010623.1","lncRNA"
2.01817038759598,-1.06370506318911,0.261864668152549,-4.06204117070674,4.86454949871923e-05,0.00013574462414204,"ENSG00000255775.1","AC005845.1","lncRNA"
2.73565361821429,-1.28924806929302,0.317467082433669,-4.06104487876278,4.88535784010358e-05,0.000136270542619501,"ENSG00000232316.2","LINC02518","lncRNA"
1.52332221504714,-1.22172394981231,0.301918582839681,-4.04653446078557,5.19814752521436e-05,0.000144466413926962,"ENSG00000267088.1","AC087683.1","processed_pseudogene"
1902.83064610734,-1.06592995213826,0.26347839221485,-4.04560671248164,5.21877855536357e-05,0.000145008892742975,"ENSG00000166592.12","RRAD","protein_coding"
3.26965566636472,-1.4018140577559,0.347060198989034,-4.03910924340878,5.36545730427379e-05,0.000148873083580471,"ENSG00000184601.11","C14orf180","protein_coding"
1.99214417526638,-1.3726300548912,0.340273091672207,-4.03390714248272,5.48570030834666e-05,0.000152004630198211,"ENSG00000225948.2","LINC02648","lncRNA"
0.497564794797449,-2.31887759119051,0.574861475007503,-4.03380238893248,5.48814763717514e-05,0.000152061676124266,"ENSG00000259600.2","AC066616.2","processed_pseudogene"
36.8655943442128,-1.244081734271,0.308890959993778,-4.02757573188954,5.63549181414391e-05,0.000155890308341061,"ENSG00000065325.13","GLP2R","protein_coding"
0.80698389746995,-1.86932948291262,0.464201666968324,-4.02697710053717,5.64985326171747e-05,0.000156254440585389,"ENSG00000286700.1","AC108075.1","lncRNA"
85.2479301283187,-1.42888405477374,0.355358516054439,-4.02096471653106,5.79602868088293e-05,0.000159924127987329,"ENSG00000075673.12","ATP12A","protein_coding"
0.583374057525094,-2.06850462254277,0.514432528930834,-4.02094445085312,5.79652739097244e-05,0.00015992661167323,"ENSG00000224927.2","NDUFA5P10","processed_pseudogene"
0.990090385277263,-1.41336849545257,0.351716947936435,-4.01848277071937,5.85740913020199e-05,0.000161526622039418,"ENSG00000271414.1","AC093107.2","processed_pseudogene"
5.28170550478222,-1.18216332953278,0.294413136850187,-4.01532126650424,5.93648734582991e-05,0.000163594760937509,"ENSG00000268297.1","CLEC4GP1","unprocessed_pseudogene"
0.846763441852006,-1.58663490324795,0.395177385731475,-4.01499417865495,5.94472620528956e-05,0.000163749881134159,"ENSG00000221507.1","RNU6ATAC40P","snRNA"
1.43168964001099,-1.4479691105035,0.360829271455729,-4.01289259228281,5.99792089730791e-05,0.000165075708702037,"ENSG00000226871.1","AC135178.2","lncRNA"
1.05701093652144,-1.32300528542713,0.329711001403337,-4.01262099170507,6.00482836338504e-05,0.000165242572916751,"ENSG00000258604.1","AL161668.4","lncRNA"
183.27048918891,-1.01124363049753,0.252022309277163,-4.01251632602656,6.0074922773997e-05,0.000165304254487679,"ENSG00000156042.18","CFAP70","protein_coding"
90.8407640449547,-1.14274308573179,0.284816396463301,-4.01220961967699,6.01530490504366e-05,0.000165507591224345,"ENSG00000165186.12","PTCHD1","protein_coding"
1.78560449462143,-1.18685487004748,0.2959017178935,-4.0109766124259,6.04681007030807e-05,0.000166292588981113,"ENSG00000287259.1","AL359732.1","lncRNA"
7.21467697093006,-1.12261281831897,0.279957680267372,-4.00993756358755,6.073480554145e-05,0.000166961431329232,"ENSG00000277452.1","RN7SL473P","misc_RNA"
1.98158554046418,-1.4760745731889,0.368135728236166,-4.00959336454835,6.08234004645617e-05,0.000167175702997736,"ENSG00000144035.4","NAT8","protein_coding"
40.197650436826,-1.47397017618059,0.367793796651905,-4.00759933853811,6.13390642954865e-05,0.000168439222803276,"ENSG00000260802.1","SERTM2","protein_coding"
0.690686405711457,-1.88719982741375,0.470919343455788,-4.0074799509503,6.13700694099654e-05,0.000168512538494236,"ENSG00000285707.1","AL008720.1","lncRNA"
2.50661768192895,-1.19779208466344,0.299256272628947,-4.00256300107234,6.26599749102685e-05,0.000171837373201606,"ENSG00000173124.14","ACSM6","protein_coding"
3.63966023651284,-1.07844838902536,0.269501146676649,-4.00164675484405,6.29031612212101e-05,0.000172455937907039,"ENSG00000286694.1","AL161935.3","lncRNA"
0.826307573568878,-1.88552903559158,0.471202667912995,-4.00152453283592,6.29356683441588e-05,0.00017253297169506,"ENSG00000254789.3","AC073172.1","lncRNA"
14.739905142158,-1.02715950809203,0.256857816817848,-3.99894198594879,6.36262722130016e-05,0.000174328362974742,"ENSG00000248738.6","AC037441.1","lncRNA"
1.58159966370301,-1.53600933233711,0.38471411774233,-3.99259933935122,6.53529402206119e-05,0.000178746481007392,"ENSG00000237990.3","CNTN4-AS1","lncRNA"
4.35009204306786,-1.13162648677335,0.28346013348967,-3.99218921137843,6.54661029929946e-05,0.000179018453963583,"ENSG00000274642.1","AC244669.2","unprocessed_pseudogene"
1.46023976983782,-1.60417453199936,0.402034200167667,-3.99014444873184,6.6033067776193e-05,0.00018048054586507,"ENSG00000101890.5","GUCY2F","protein_coding"
1.25019196031338,-1.39829615163282,0.350582348579999,-3.98849559111143,6.64936385260997e-05,0.000181663238788299,"ENSG00000251443.2","LINC02160","lncRNA"
0.572741591313282,-2.51316083977221,0.63054908731245,-3.98567041066366,6.72898628574322e-05,0.000183659037697857,"ENSG00000262995.1","AC137056.1","lncRNA"
1.12910503004781,-2.12692158858195,0.533718474579502,-3.98510017899919,6.7451662510596e-05,0.000184074970758221,"ENSG00000249139.2","EPPIN-WFDC6","protein_coding"
4.49849276503697,-1.23075044539097,0.309237355110012,-3.97995399020641,6.89286074660716e-05,0.000187752007431077,"ENSG00000287167.1","AL133313.1","lncRNA"
1.93251234643086,-1.11093294777531,0.279397747553771,-3.97617002106113,7.00340631214002e-05,0.000190524396830055,"ENSG00000234770.1","GULOP","unitary_pseudogene"
4.35846403919143,-1.23143788241356,0.309835940790167,-3.97448365503711,7.05321054929581e-05,0.000191799292567404,"ENSG00000288063.1","AC099050.1","lncRNA"
15.3818999766247,-1.16580929561505,0.29346839478534,-3.97252077678687,7.11160310714427e-05,0.000193252875823377,"ENSG00000236581.9","STARD13-AS","lncRNA"
8.17301704829561,-1.19746725271062,0.301594709285681,-3.97045178792026,7.17364718834162e-05,0.000194830641398526,"ENSG00000186766.8","FOXI2","protein_coding"
1.89300099057176,-1.31092169301473,0.330322452201508,-3.96861213725499,7.22924366834959e-05,0.00019621803009377,"ENSG00000286457.1","AC009560.3","lncRNA"
1.38636732888606,-2.09299508522173,0.527650419442258,-3.96663208840825,7.2895384415416e-05,0.000197785971956708,"ENSG00000227556.1","AC096531.1","unprocessed_pseudogene"
0.982773810461348,-2.39806219244303,0.604572029661706,-3.96654505135623,7.29219970317826e-05,0.000197844461336108,"ENSG00000237642.1","HMGB3P5","processed_pseudogene"
0.882005711561984,-1.58127950932022,0.399101442101427,-3.96209921215557,7.42936543242101e-05,0.000201398336498834,"ENSG00000226679.1","AL606748.1","lncRNA"
0.430918765456466,-1.94225316398833,0.490247575556742,-3.96178025313566,7.43929938361227e-05,0.00020165366041849,"ENSG00000282301.3","CYP3A7-CYP3A51P","protein_coding"
92.2959761387158,-1.13986915794128,0.287740413107841,-3.96144964702636,7.44960933990358e-05,0.000201919140458383,"ENSG00000257335.8","MGAM","protein_coding"
3.5632649136608,-1.45505336190622,0.367312481962188,-3.96135016739235,7.4527142574713e-05,0.000201989307112557,"ENSG00000272514.6","CFAP206","protein_coding"
299.664844743287,-1.3771300127821,0.347644060575302,-3.9613218488564,7.45359834776455e-05,0.000201999277613668,"ENSG00000142449.13","FBN3","protein_coding"
0.648091616013791,-2.03905398212568,0.516246910253945,-3.94976500900056,7.82279563890309e-05,0.000211360778944912,"ENSG00000258807.5","AL359237.1","lncRNA"
3.03052753916944,-1.44742998757108,0.366948689628379,-3.94450240178522,7.99658522027549e-05,0.000215788136166196,"ENSG00000255308.1","CSRP3-AS1","lncRNA"
1.24424326804426,-1.87501708036981,0.475396433985452,-3.94411263174764,8.00960090243054e-05,0.00021610955865201,"ENSG00000286658.1","AC005153.1","lncRNA"
676.21788632589,-1.50624772531376,0.38241829256562,-3.93874392150134,8.19092949976647e-05,0.000220682499487305,"ENSG00000235584.3","AC008268.1","lncRNA"
1.10877616334497,-2.51321494006736,0.639112533770541,-3.93235120150166,8.41190488614884e-05,0.000226308869095834,"ENSG00000248349.1","AC112204.1","unprocessed_pseudogene"
10.654586209252,-1.09878861761141,0.279623269163354,-3.92953211976612,8.51113077281514e-05,0.000228789625795857,"ENSG00000171815.6","PCDHB1","protein_coding"
1.1624905389027,-1.42376213399546,0.362420966150266,-3.92847618370163,8.54858148060346e-05,0.000229670128333329,"ENSG00000286463.1","AP002755.1","lncRNA"
0.737646818756653,-1.79102498565093,0.455938154809663,-3.92821913840183,8.55772160077462e-05,0.000229868344288792,"ENSG00000267373.1","AC008894.1","lncRNA"
1.83333672878852,-1.27638242978459,0.324936164476526,-3.92810209919494,8.56188638679369e-05,0.000229964428719627,"ENSG00000223882.1","ABCC5-AS1","lncRNA"
1.82857303399637,-1.97666446873678,0.503240276893498,-3.92787413785464,8.57000378422527e-05,0.000230150859982513,"ENSG00000178645.13","C10orf53","protein_coding"
8.60372586833571,-1.23448056843759,0.315501503544407,-3.91275653069538,9.12485215869318e-05,0.000244163423018205,"ENSG00000004846.16","ABCB5","protein_coding"
918.6256877003,-1.0351492015633,0.26486244887389,-3.90825202275527,9.29663016909724e-05,0.000248538932258621,"ENSG00000124440.16","HIF3A","protein_coding"
9.65252005830501,-1.0486205765653,0.268351305833545,-3.90764104280432,9.32016355639479e-05,0.000249082994212051,"ENSG00000223901.2","AP001469.1","lncRNA"
1.60518380325364,-1.34378902122043,0.344056764778207,-3.90571893590491,9.39456564142395e-05,0.000250934299054308,"ENSG00000223513.1","ATP6V0E1P2","processed_pseudogene"
0.844377653494782,-2.03463888866999,0.521037215833755,-3.90497804540544,9.42339397138797e-05,0.000251652787479958,"ENSG00000233544.1","EIF3KP2","processed_pseudogene"
0.978595549266844,-1.84802311859737,0.473293890909805,-3.90459956084568,9.43815316816331e-05,0.000252029733604066,"ENSG00000254707.1","AC104237.1","lncRNA"
0.623903146030119,-1.55427426633921,0.398200212263649,-3.90324821150554,9.49102802584962e-05,0.000253355220464917,"ENSG00000260765.2","CES1P2","unprocessed_pseudogene"
432.960980585529,-1.32919550721492,0.34061730197875,-3.90231353337959,9.52776311118012e-05,0.000254231775181445,"ENSG00000186081.12","KRT5","protein_coding"
8.58524619712603,-1.04223929919407,0.267166114927343,-3.90109089798874,9.57601831116475e-05,0.000255449705183849,"ENSG00000234389.1","AC007278.1","lncRNA"
0.669364060302009,-1.59999363687077,0.411198442251401,-3.89104984958224,9.98114224551824e-05,0.000265677217338531,"ENSG00000250969.1","AC097658.2","lncRNA"
2.83633913852964,-1.37077714913667,0.352329664186389,-3.89060952986209,9.99927286530885e-05,0.000266105513120512,"ENSG00000280048.1","AC012409.5","TEC"
4.88694294266481,-1.23060154107632,0.316662198661492,-3.88616496152046,0.000101840315933208,0.000270746205773651,"ENSG00000242268.3","LINC02082","lncRNA"
4.81466463139459,-1.01895381390245,0.262336993142656,-3.88414078279976,0.000102692394928294,0.000272901407060855,"ENSG00000258846.1","EEF1A1P33","processed_pseudogene"
366.438623299504,-1.33406983653225,0.343506934765947,-3.88367657683893,0.000102888748912282,0.000273347792361091,"ENSG00000114771.14","AADAC","protein_coding"
1.635898122584,-1.26751907270093,0.32642084472529,-3.88308250892388,0.000103140550000732,0.000273918110302844,"ENSG00000230702.1","RPL31P30","processed_pseudogene"
9.57829833444012,-1.37660768457494,0.354564905461828,-3.88252662169677,0.000103376694500811,0.000274457794457647,"ENSG00000226807.6","MROH5","polymorphic_pseudogene"
10.3188126389658,-1.17470729434113,0.302640138216567,-3.88153171374947,0.000103800612269526,0.000275564569790964,"ENSG00000117507.6","FMO6P","transcribed_unitary_pseudogene"
1.36681223604641,-2.90275321092613,0.748701270603353,-3.8770512685078,0.000105730085188189,0.00028040148854619,"ENSG00000268566.6","AC100781.1","lncRNA"
43.4666843675394,-1.43648123379599,0.370601080892273,-3.87608484664282,0.000106150682121425,0.00028147877902646,"ENSG00000170324.21","FRMPD2","protein_coding"
9.39719393257356,-1.29011421968799,0.332848801661402,-3.87597675956301,0.00010619782079394,0.000281565615928429,"ENSG00000229274.2","LINC02829","lncRNA"
1.14905930186817,-1.39532203251999,0.360261635947953,-3.87307971010704,0.000107468659518061,0.000284665004779074,"ENSG00000221571.3","RNU6ATAC35P","lncRNA"
233.635382423673,-1.01246832014916,0.261515839585475,-3.87153727190676,0.0001081511158068,0.000286272461465989,"ENSG00000150471.16","ADGRL3","protein_coding"
6.43742858596948,-1.23422383897324,0.318795159173873,-3.87152628719837,0.000108155990654805,0.000286272461465989,"ENSG00000166926.8","MS4A6E","protein_coding"
176.55731691505,-1.08123415152228,0.279313351326803,-3.87104356589533,0.000108370419947379,0.000286801224331185,"ENSG00000187889.13","FYB2","protein_coding"
2.64645766137911,-1.25020227023038,0.323226697991902,-3.86788058658973,0.000109785400479519,0.000290408470639091,"ENSG00000214264.4","KCTD9P4","processed_pseudogene"
0.878690024114896,-1.5044802551192,0.38936111120668,-3.86397154676445,0.000111558222082995,0.0002948189902296,"ENSG00000198685.4","LINC01565","lncRNA"
0.715920383572058,-1.73427599206936,0.449360864697673,-3.85942819750484,0.00011365264362918,0.000300070278513828,"ENSG00000235389.2","AL583805.2","lncRNA"
0.40985706708812,-2.00043878317017,0.518381513138806,-3.85900872710042,0.000113847872668919,0.000300545173406697,"ENSG00000253888.2","AC090150.1","lncRNA"
1.11937060964681,-1.61346828028982,0.418131396759363,-3.85875897575417,0.000113964261605116,0.000300832131737034,"ENSG00000199990.1","VTRNA1-1","misc_RNA"
1.56979243243071,-1.66095478871675,0.430442064636314,-3.85871857138338,0.000113983101363284,0.000300861567584936,"ENSG00000231188.1","AL139819.1","lncRNA"
86.5948685108817,-1.08932030760903,0.282392440919202,-3.85746978234699,0.000114566837511431,0.000302280016091956,"ENSG00000135519.8","KCNH3","protein_coding"
55.7148716914132,-1.06742133326206,0.276850306760913,-3.85559021317566,0.000115450744660353,0.000304427431893819,"ENSG00000232354.8","VIPR1-AS1","lncRNA"
3.6928008048542,-1.03523723646813,0.268533459270117,-3.85515175383338,0.000115657862605575,0.000304850318039793,"ENSG00000214289.2","RPL39P5","transcribed_processed_pseudogene"
5.88481719704063,-1.02628622148324,0.266343629648328,-3.85324110375126,0.000116564506540165,0.000306950585829286,"ENSG00000274248.1","AJ011932.1","lncRNA"
2.30145553761627,-1.31526924021407,0.341621707410038,-3.85007513189259,0.000118081597485003,0.000310799151892489,"ENSG00000172179.12","PRL","protein_coding"
1.46417506380207,-1.22981795415333,0.319511371624243,-3.84905847920695,0.000118572700079116,0.000311965866119538,"ENSG00000199550.1","Y_RNA","misc_RNA"
1.88146015636785,-1.42561933294391,0.370396166390609,-3.848904125645,0.00011864743005047,0.000312141494238599,"ENSG00000254957.1","AC111188.1","processed_pseudogene"
2.84543752581192,-1.32122224884568,0.343465881763529,-3.84673505869593,0.000119702287800242,0.000314557130072613,"ENSG00000276758.1","AC245884.12","unprocessed_pseudogene"
1.06993659461176,-1.90448863723026,0.495494528489078,-3.84361184176474,0.000121236709606073,0.000318375524031625,"ENSG00000280707.2","HPAT5","lncRNA"
2.06353152874592,-1.3642218572948,0.355975784496061,-3.83234454901494,0.000126927802599416,0.000332272668150772,"ENSG00000275465.7","AL449403.2","lncRNA"
1577.70840918304,-1.04026887635464,0.271521598971261,-3.83125644624958,0.000127490537107757,0.000333701151007603,"ENSG00000172264.17","MACROD2","protein_coding"
1.64801267257185,-1.38763201790959,0.362893373007083,-3.82380093196827,0.000131410027084631,0.000343156874864777,"ENSG00000246394.7","ZNF84-DT","lncRNA"
7.54878091614686,-1.45190888040906,0.379880596767965,-3.8220137926547,0.000132366284231841,0.000345423479044759,"ENSG00000137707.13","BTG4","protein_coding"
2.14443287425422,-1.25718452015432,0.329073657442804,-3.82037422844408,0.00013324934090137,0.000347611997254101,"ENSG00000287464.1","AC100810.7","lncRNA"
0.973256777739024,-1.90393070469521,0.498431073764532,-3.81984752739284,0.000133534194011987,0.000348331880933474,"ENSG00000268433.1","MTDHP3","processed_pseudogene"
5.30581123149945,-1.44412219356142,0.378361627390495,-3.81677762494395,0.000135205924950125,0.000352457734276421,"ENSG00000226644.5","AL121899.1","lncRNA"
150.310551723954,-1.02146185120217,0.267811725886474,-3.81410428472117,0.000136677748046404,0.000356093401259134,"ENSG00000150873.12","C2orf50","protein_coding"
4.12176416722429,-1.0512180126588,0.275715148386839,-3.81269588852586,0.000137459206371084,0.000357926284569263,"ENSG00000266149.1","AP001094.3","lncRNA"
0.734751242618871,-2.32621714526813,0.610393372305681,-3.8110131118907,0.000138398425320033,0.000360204109158512,"ENSG00000260166.2","AC134312.3","lncRNA"
1.42675615075287,-1.2943323140346,0.339667477050536,-3.81058653384713,0.000138637472686932,0.000360778276498791,"ENSG00000146722.11","AC211486.1","transcribed_unprocessed_pseudogene"
1.32291029268115,-1.51826010272905,0.39878476541007,-3.80721691102674,0.000140539470789616,0.000365509107501559,"ENSG00000253374.5","AC023644.1","lncRNA"
66.3133630908277,-1.16847179852533,0.30756167734075,-3.79914626759812,0.000145195386359979,0.000376916589070739,"ENSG00000269353.1","AC092071.1","lncRNA"
1.58304001726514,-1.36134446121425,0.358440482641039,-3.7979651494264,0.000145888829220531,0.000378566032906405,"ENSG00000251168.1","AC025174.1","lncRNA"
1.41359248891131,-1.29983476668732,0.342251745613631,-3.79789083137274,0.00014593256599743,0.000378654415492702,"ENSG00000259444.1","AL161669.1","lncRNA"
1.65027548723802,-1.17383440085472,0.309975712184534,-3.78685927546453,0.000152563445117332,0.000394995379838979,"ENSG00000213386.3","AC022217.1","processed_pseudogene"
4.4451017679821,-1.85318029828566,0.489465706663247,-3.78612898321117,0.000153012273291117,0.000396078803079626,"ENSG00000122585.8","NPY","protein_coding"
2.91771220806921,-1.09219004342918,0.288674556021548,-3.78346487643911,0.000154660158539593,0.000399921143448941,"ENSG00000115592.11","PRKAG3","protein_coding"
1.83566771551638,-1.57984283852802,0.417839267538952,-3.78098221316824,0.000156210835765447,0.000403690807973696,"ENSG00000242034.1","AC097493.1","processed_pseudogene"
0.941187584612116,-1.73085141194593,0.457860863723936,-3.780299975561,0.00015663951915931,0.000404691735390398,"ENSG00000226717.2","PTPRD-AS2","lncRNA"
1.28731145258133,-1.29318033491085,0.34263131505484,-3.77426194889358,0.000160482066801612,0.000413990622718299,"ENSG00000279378.1","AC009159.4","TEC"
158.901280536265,-1.41800139517452,0.376459791185668,-3.76667423288022,0.000165436642059775,0.000426013506214862,"ENSG00000143355.16","LHX9","protein_coding"
3.13065547544594,-1.26777849846322,0.336819060331742,-3.76397492830291,0.000167233658046779,0.000430414382598559,"ENSG00000274215.1","AC106028.4","lncRNA"
1.71824280287925,-1.3133400003826,0.348925987039978,-3.76395009017236,0.00016725027854948,0.000430428849057527,"ENSG00000279637.1","AC018445.3","TEC"
5.24438389086222,-1.32021866597346,0.350894130650976,-3.76244157610787,0.000168262622958488,0.000432806461512429,"ENSG00000160472.5","TMEM190","protein_coding"
0.897559020538666,-2.47897976269574,0.659123988329525,-3.761021911793,0.000169220603914275,0.000435041814057518,"ENSG00000284809.1","AL365394.1","lncRNA"
3.78070316987377,-1.66881113658565,0.443811437385694,-3.76018055419192,0.000169790765768974,0.000436421601110465,"ENSG00000261257.1","AP000821.1","lncRNA"
8.01501267127251,-1.03754103224283,0.275980612198675,-3.75947072505193,0.000170273199745461,0.000437575397598978,"ENSG00000101425.14","BPI","protein_coding"
5.87956647245714,-1.09473102429622,0.291198390374088,-3.75939929781162,0.000170321816462319,0.000437642852451703,"ENSG00000225179.2","LINC00457","lncRNA"
1.79060664029844,-1.49874426117548,0.398998660732646,-3.75626388926587,0.000172468833901717,0.000442733956430324,"ENSG00000208018.1","MIR645","miRNA"
1.64402476698846,-1.57427797192679,0.41930252773051,-3.75451581569905,0.000173676879064489,0.000445678402168832,"ENSG00000241956.10","AC109466.1","lncRNA"
2.69950898771327,-1.82241067842429,0.485600622740147,-3.75290020869577,0.000174800452494842,0.00044850281991841,"ENSG00000287435.1","AC069404.1","lncRNA"
0.915961598769401,-1.92740886401416,0.513973299502018,-3.75001749289623,0.000176822234966837,0.000453274213985412,"ENSG00000249343.3","LINC01333","lncRNA"
1.9101812329656,-1.20489995401703,0.321324875988037,-3.74978734625542,0.000176984591794278,0.000453660687901342,"ENSG00000241721.1","SUMO1P1","processed_pseudogene"
22.4726037192091,-1.18604091327271,0.316517116297316,-3.74716200863721,0.000178846582104511,0.000458073413033879,"ENSG00000258676.5","AC091544.2","lncRNA"
563.758225096982,-1.0003847350418,0.267171874298118,-3.74434898010837,0.000180862123379517,0.000463023601567804,"ENSG00000248801.7","C8orf34-AS1","lncRNA"
2.06609524094674,-1.06297269742553,0.284644976612062,-3.73438066632118,0.000188177689907229,0.000480494693883182,"ENSG00000280382.1","AC096920.1","lncRNA"
7.69018180168163,-1.02087803430357,0.273478703309225,-3.73293430877962,0.000189261967869341,0.000483074167679549,"ENSG00000187048.13","CYP4A11","protein_coding"
0.925870048980523,-1.45923167656817,0.390952892392763,-3.73250001461093,0.000189588685876657,0.000483844966219232,"ENSG00000233896.2","PDYN-AS1","lncRNA"
4.69583181675688,-1.07210910251533,0.287333419414771,-3.7312370579759,0.000190541818622208,0.000486087222407304,"ENSG00000273866.1","Metazoa_SRP","misc_RNA"
0.957521181258687,-1.44127096714042,0.386598549744397,-3.72808167049082,0.000192942856517549,0.000491795656486986,"ENSG00000234638.1","AC053503.3","lncRNA"
2.74591630519617,-1.06766165955548,0.286613538283302,-3.72509151504264,0.000195244377695819,0.000497208625772165,"ENSG00000264056.1","MIR5685","miRNA"
2.31095680344278,-1.34059602793847,0.360784115077543,-3.71578451465452,0.000202574173143045,0.000514635458628871,"ENSG00000286471.1","AC027250.2","lncRNA"
0.650858827841226,-2.22056985660264,0.597773646966923,-3.71473360839795,0.000203417873783905,0.000516678230497079,"ENSG00000236133.2","LINC01069","lncRNA"
8.7667718863312,-1.61511397604465,0.435336763989479,-3.71003349508906,0.000207231827952604,0.000525615028494514,"ENSG00000113196.3","HAND1","protein_coding"
0.933408684426791,-1.61988676880656,0.436737350247519,-3.7090639669094,0.000208026872440529,0.00052749478651311,"ENSG00000285454.1","AC111006.1","lncRNA"
39.8614724157329,-1.55250234463023,0.418632167134571,-3.70851183093909,0.000208480921198057,0.000528440661186757,"ENSG00000187905.10","LRRC74B","protein_coding"
2.16673322887613,-1.16350187463438,0.313780373075721,-3.7080135485517,0.000208891482367346,0.000529447023545348,"ENSG00000254139.1","AC104051.2","lncRNA"
0.861378811546884,-1.37427544804275,0.370709200316914,-3.70715225537402,0.000209602938519037,0.000531112645676904,"ENSG00000235924.1","ZNRF2P3","processed_pseudogene"
20.3768246739853,-1.14664523578683,0.309315938491283,-3.70703572980977,0.000209699367007672,0.000531322580314504,"ENSG00000070601.10","FRMPD1","protein_coding"
4.53289365396051,-1.84928438350291,0.499554001367761,-3.70187082565577,0.000214015576436785,0.000541627442863009,"ENSG00000263450.1","AC090371.1","lncRNA"
2.07604132609572,-1.81292527111246,0.490447944328492,-3.69646828389641,0.000218619556650292,0.000552635779798616,"ENSG00000238837.3","LINC02031","lncRNA"
10.6771456960289,-1.28238025485759,0.34704699765399,-3.69511986424424,0.000219783078223352,0.000555469329842923,"ENSG00000169933.16","FRMPD4","protein_coding"
1.38292257154077,-1.40202619721025,0.379453668351161,-3.69485477186838,0.000220012503337555,0.000556013256787773,"ENSG00000241577.1","AC060234.3","lncRNA"
1.2793828415057,-1.2455066288397,0.337368248818063,-3.69183120582097,0.000222645215275288,0.000562049539961119,"ENSG00000235736.1","AL031275.1","lncRNA"
5.887249715349,-1.05676530200077,0.286567227968872,-3.68766976423265,0.00022631710065413,0.000570766593561275,"ENSG00000177535.8","OR2B11","protein_coding"
1.34101280824252,-1.44549386034719,0.392596917957715,-3.68187775866054,0.000231522421217834,0.00058316866616041,"ENSG00000260762.1","ACSM5P1","unprocessed_pseudogene"
1.05696534124494,-1.23353925574655,0.335182215293368,-3.68020497348552,0.000233046549497794,0.000586453024334288,"ENSG00000210194.1","MT-TE","Mt_tRNA"
0.794333948888273,-1.44732107476804,0.393467485312191,-3.67837528841725,0.000234724413570933,0.000590143987885132,"ENSG00000248516.1","AC105415.1","lncRNA"
66.3192960980867,-1.0371062522136,0.282012240198758,-3.67752212273716,0.00023551065564455,0.000591930597085676,"ENSG00000175785.13","PRIMA1","protein_coding"
12.7734930475411,-1.14977699434899,0.312670033086809,-3.67728554923512,0.000235729109197486,0.000592441603854003,"ENSG00000165621.8","OXGR1","protein_coding"
3.92960229645232,-1.49929707516005,0.407857818740701,-3.67602876852839,0.000236892820474717,0.000595181591894758,"ENSG00000256377.6","AC009509.1","lncRNA"
0.600160396835275,-2.26255634680536,0.615663799229412,-3.67498681851566,0.000237861694860665,0.00059726424419871,"ENSG00000258115.1","AC090109.1","lncRNA"
1.85319239666797,-1.0347834558842,0.281792205006986,-3.6721507461803,0.000240517729913305,0.000603546190152465,"ENSG00000266989.1","FTLP5","processed_pseudogene"
0.955875678830329,-1.52431512986039,0.415283197666623,-3.67054371191793,0.000242035072396328,0.000606964523067209,"ENSG00000274824.1","MIR7152","miRNA"
1.60302297438676,-1.60102304899017,0.436634598875918,-3.66673427417773,0.000245667848172002,0.000615558476568877,"ENSG00000287149.1","AC092640.1","lncRNA"
49.8941233474337,-1.22722785921619,0.334964438729415,-3.66375566275424,0.000248543891226611,0.000622170612051465,"ENSG00000232044.7","SILC1","lncRNA"
1.12390343188357,-1.20433263826796,0.329017925511211,-3.66038609111261,0.000251835491562503,0.000630007327728699,"ENSG00000264215.1","AC126365.1","lncRNA"
0.607556735947958,-1.87070474177475,0.512000025634739,-3.65372001584491,0.000258468109509928,0.000645238634337033,"ENSG00000249662.6","LINC02218","protein_coding"
5.89599718639872,-1.53256402511984,0.419982690737241,-3.64911235372478,0.000263148003017302,0.000656168005229724,"ENSG00000255160.5","AC009652.1","lncRNA"
0.472815957175811,-1.97123672575181,0.540775798916578,-3.64520144892042,0.000267182428022559,0.000665651358875894,"ENSG00000237741.1","AC002368.1","lncRNA"
2.35789156974986,-1.01557275748324,0.27872187255768,-3.6436780083453,0.000268769619295925,0.000669460469297825,"ENSG00000284930.1","AC005280.2","lncRNA"
5.98724886178722,-1.00951408446006,0.277061499805525,-3.64364621273134,0.000268802839408518,0.000669500598873064,"ENSG00000225362.10","CT62","lncRNA"
1.16493119813141,-1.19533334773254,0.328513530383035,-3.6386122250089,0.000274111174970122,0.000682244268398159,"ENSG00000271820.1","AL109910.2","lncRNA"
3.03349185014015,-2.64334309947435,0.726926458860652,-3.63632808691184,0.000276552060194193,0.000687881939197748,"ENSG00000286201.1","AC011751.1","lncRNA"
7.14713846431128,-1.03339913560833,0.284427659317154,-3.63325823546588,0.000279864672951381,0.000695944618534602,"ENSG00000168314.17","MOBP","protein_coding"
1.05306176397479,-1.52572405478405,0.4202143736759,-3.63082309973719,0.000282518783872053,0.000702321487306862,"ENSG00000234484.1","AL032821.1","lncRNA"
0.569427572718021,-1.94304096440211,0.535593139423903,-3.62783019680217,0.000285813125396091,0.000709969746072141,"ENSG00000257165.5","AC079362.1","lncRNA"
5.44333460716924,-1.28865520773964,0.355555214283863,-3.6243462505118,0.000289693290907454,0.000719242952001749,"ENSG00000229240.9","LINC00710","lncRNA"
1.12114507945252,-1.51201022269967,0.417775319499668,-3.61919470137794,0.000295521233902446,0.000732782548877549,"ENSG00000250048.2","LINC00603","lncRNA"
0.819825593965213,-1.36937940232234,0.378417317417903,-3.61870173296025,0.000296084648666316,0.00073408657333597,"ENSG00000249085.1","AC035140.1","lncRNA"
1.86498060256425,-1.38154947883512,0.381872871172437,-3.61782567741313,0.000297088378015872,0.000736295225798917,"ENSG00000233431.1","LINC02596","lncRNA"
3.24561474231976,-1.72184709146776,0.47602221163373,-3.61715703466504,0.000297856610349116,0.000738105694355726,"ENSG00000228648.1","AL353747.2","lncRNA"
0.651085913074494,-1.95635635596839,0.540891699665512,-3.61690955357275,0.000298141423460631,0.000738764693606759,"ENSG00000136698.10","CFC1","protein_coding"
0.534856528975705,-1.59218260734846,0.440258776366662,-3.61646988729745,0.000298648041695017,0.000739973185561179,"ENSG00000225056.1","AL121894.1","lncRNA"
0.829823021881275,-1.4727399334707,0.407403133756785,-3.61494502973046,0.000300411357277077,0.000744106647778788,"ENSG00000273115.1","AP001596.2","lncRNA"
2.55772445101441,-1.22100489011549,0.337872297998432,-3.6138058590443,0.000301735029924152,0.000747232237263279,"ENSG00000259744.1","AC009269.4","lncRNA"
1.91206324594749,-1.47093728001084,0.407758909760435,-3.60737005323818,0.000309316363061415,0.00076466350388251,"ENSG00000267501.1","AC104365.2","lncRNA"
2.32045872935268,-1.27476849184154,0.353867219073239,-3.60239214917985,0.000315302231103493,0.000778821588518545,"ENSG00000168928.13","CTRB2","protein_coding"
2.58469472656135,-1.16636284037354,0.323817688206143,-3.60191207229863,0.000315885215479783,0.000780113876108513,"ENSG00000267361.1","SEC24AP1","processed_pseudogene"
0.477300305068303,-1.67514787458463,0.46539860210468,-3.59938312450678,0.000318972953759045,0.000787043991017416,"ENSG00000286766.1","AC091010.1","lncRNA"
16.0968250429963,-1.4857045491071,0.412877345236583,-3.59841625181874,0.000320160912464167,0.000789676436535475,"ENSG00000226320.6","LINC01811","lncRNA"
8.10863107151792,-1.15771145343828,0.322666286088954,-3.58795295123928,0.000333284411216552,0.000819875042139618,"ENSG00000162753.13","SLC9C2","protein_coding"
16.6751601723589,-1.08514941913959,0.302519823579891,-3.58703573966954,0.000334458496531649,0.000822556434402613,"ENSG00000261701.7","HPR","protein_coding"
2.18856889717066,-1.04697301992127,0.292294845154187,-3.58190723264032,0.000341094922646241,0.000837772120139973,"ENSG00000270022.3","Z93241.1","lncRNA"
10.259200252128,-1.09967633856507,0.307312924049777,-3.57836020715792,0.000345756718522527,0.000848795869040464,"ENSG00000283142.1","AL049767.1","transcribed_unprocessed_pseudogene"
0.489953403406904,-1.96247794165098,0.54899987598835,-3.57464186693664,0.000350707613069419,0.000859900328066487,"ENSG00000256181.1","AP001880.1","unprocessed_pseudogene"
2.14821005744354,-1.01614739460408,0.284499581985502,-3.57170083524364,0.000354670417051759,0.000868824845977988,"ENSG00000267990.1","AC063977.2","unprocessed_pseudogene"
9.06840126575082,-1.03331630164063,0.289785678912291,-3.56579491960812,0.000362754966582428,0.000887629101884505,"ENSG00000159251.8","ACTC1","protein_coding"
44.7811507520032,-1.2787024226245,0.358620002933569,-3.56561935241901,0.000362997915708826,0.000888168038491969,"ENSG00000286073.1","AL138900.2","unprocessed_pseudogene"
10.8322718931575,-1.53217161918393,0.429800426010884,-3.56484434742076,0.000364072183545404,0.000890629445756139,"ENSG00000170099.6","SERPINA6","protein_coding"
0.678385770086882,-1.66686571810598,0.468223134952864,-3.55998154229133,0.000370880861094179,0.000906152533433837,"ENSG00000258696.1","AL359233.1","lncRNA"
0.588133949492616,-1.979912578396,0.556242515330458,-3.55944129373094,0.000371644595971077,0.000907848472747626,"ENSG00000234588.1","FABP5P14","processed_pseudogene"
0.657325253981676,-1.6915791230927,0.475655563372379,-3.5563110228323,0.000376098793236077,0.000917984149084389,"ENSG00000282998.1","AC009975.2","lncRNA"
1.0597904315721,-1.19818709412466,0.337152966542585,-3.55383820706593,0.000379652696891018,0.000925907739609998,"ENSG00000259986.1","AC103876.1","lncRNA"
1.62753885455505,-1.30192806691826,0.366609935672657,-3.55126236426048,0.00038338803058305,0.000934551611832387,"ENSG00000140522.12","RLBP1","protein_coding"
2.51353695049974,-1.16639026331119,0.328773452635057,-3.54770208471149,0.000388607506971027,0.00094619579846518,"ENSG00000261049.2","AC007347.1","lncRNA"
12.9507689932839,-1.04778984787142,0.295507873157523,-3.54572565757963,0.000391533596514741,0.000952923321633185,"ENSG00000108018.15","SORCS1","protein_coding"
3.61544672564365,-1.33459836001065,0.37683442795551,-3.5416041131152,0.000397701874227559,0.000966613170211093,"ENSG00000229206.3","AL162408.1","lncRNA"
1.10189403943042,-1.40604389731679,0.397138788212868,-3.54043457614406,0.000399468662748731,0.000970485394053554,"ENSG00000170820.12","FSHR","protein_coding"
2.40098005684584,-1.18288664814345,0.334194429382737,-3.53951635378323,0.000400860932723644,0.000973686477865233,"ENSG00000249779.1","AC106800.1","processed_pseudogene"
3.28167678257068,-1.2445816277216,0.351709187002564,-3.53866681256901,0.000402153099954553,0.000976582658205388,"ENSG00000171402.15","XAGE3","protein_coding"
29.3375410414891,-1.26051655129699,0.356338660816515,-3.53741170943573,0.000404069256773491,0.000980748919910896,"ENSG00000162040.7","HS3ST6","protein_coding"
0.980128165717232,-2.61144791789122,0.739664993071981,-3.53058200989795,0.000414646449301589,0.00100469604599942,"ENSG00000184895.8","SRY","protein_coding"
18.7448063993174,-1.25543401507272,0.355615297354461,-3.53031499041888,0.000415065190165464,0.00100556686208301,"ENSG00000153002.12","CPB1","protein_coding"
1.57340844061745,-1.15762591393228,0.32793864492657,-3.53000761527051,0.000415547705905775,0.00100660545279891,"ENSG00000223553.6","SMPD4P1","transcribed_unprocessed_pseudogene"
1.29573099993401,-1.19057298591537,0.337308006544639,-3.52963156170387,0.0004161387451557,0.00100755473749951,"ENSG00000288048.1","AC104088.3","lncRNA"
1.17536281591124,-1.76816005805843,0.501975048865178,-3.52240626711572,0.000427648237418485,0.00103361971454124,"ENSG00000099715.14","PCDH11Y","protein_coding"
7.82924607675048,-1.04970518962772,0.29823730701942,-3.51969778737096,0.000432038772993953,0.00104390918345331,"ENSG00000179520.11","SLC17A8","protein_coding"
1.58180481591886,-1.7572095234496,0.500114607898832,-3.51361367113889,0.000442055227363245,0.00106666233594075,"ENSG00000282904.2","AC107398.4","lncRNA"
0.830953163696645,-1.43724235693829,0.409115078042033,-3.51305154485318,0.000442991528920173,0.00106872389137949,"ENSG00000240048.1","DDX50P2","processed_pseudogene"
3.04895288068355,-1.29508271409962,0.368914570775574,-3.51052199260374,0.000447227811369361,0.00107781434296326,"ENSG00000225298.5","LINC00113","lncRNA"
1.93852389483802,-1.38754436011969,0.395288819887962,-3.5102039073935,0.000447763181990752,0.00107898596847498,"ENSG00000236525.1","AC007278.2","lncRNA"
9.00888881340001,-1.1746562303498,0.334909460393805,-3.50738444046512,0.000452534856197779,0.00108976910430133,"ENSG00000279940.1","AC073862.3","TEC"
0.579393829467228,-1.67695625682656,0.478201594093309,-3.50679771364238,0.000453533781007139,0.00109193566631332,"ENSG00000130656.6","HBZ","protein_coding"
1.1343538031221,-1.17822855704617,0.336431621798301,-3.50213380879085,0.000461547757375096,0.00110993272454799,"ENSG00000256171.1","GCSHP4","processed_pseudogene"
2.78848408360796,-1.16293838406534,0.332785221621398,-3.4945613822611,0.000474841406203106,0.001140219628506,"ENSG00000226622.6","AC092155.1","lncRNA"
2.56919045462178,-1.20668528360277,0.345515174656007,-3.49242340746434,0.000478658848063035,0.00114894981386476,"ENSG00000220343.5","PPIAP74","processed_pseudogene"
0.976386476587097,-1.94094601128761,0.556012696658177,-3.49083037663231,0.000481521860352211,0.00115536944530892,"ENSG00000185149.6","NPY2R","protein_coding"
0.71776490624182,-1.53725273327876,0.441007942272038,-3.48577108466337,0.000490720737156657,0.00117553677169741,"ENSG00000264825.1","AC091588.2","lncRNA"
0.401187628866873,-2.05939406036928,0.591497439164628,-3.48166183657155,0.000498312559331536,0.00119219055754477,"ENSG00000249581.2","CLRN2","protein_coding"
7.02586686096351,-1.05720433391053,0.303830633787615,-3.47958440112245,0.000502192156994396,0.0012008115670851,"ENSG00000277968.1","AC091825.2","misc_RNA"
11.954023850112,-1.13411542536088,0.326363486664291,-3.47500707555398,0.000510839876747558,0.00122007295025688,"ENSG00000204099.12","NEU4","protein_coding"
1.29418207918345,-1.54312606862838,0.444935794337913,-3.46819943071704,0.00052395829105515,0.00124911733198971,"ENSG00000199482.1","RNU6-633P","snRNA"
3.22124616815419,-1.44374235322453,0.416563142363983,-3.46584276523202,0.000528572297328912,0.00125919655222073,"ENSG00000162891.10","IL20","protein_coding"
2.83087409900833,-1.02533578030368,0.296825509026449,-3.4543384888538,0.000551644526253887,0.00130985448767238,"ENSG00000247193.3","AC104078.1","lncRNA"
0.872757552189467,-1.88724777124934,0.546401321842087,-3.45395901475283,0.000552421322855013,0.00131146021868832,"ENSG00000169906.5","S100G","protein_coding"
0.449149902661959,-1.73062849229062,0.501216118742583,-3.45285881194783,0.000554679239268247,0.00131642123434048,"ENSG00000287563.1","AP006219.3","lncRNA"
0.827272285403869,-1.21660141542616,0.352927932110727,-3.44716670100361,0.000566498917700199,0.00134235613107221,"ENSG00000248408.1","LINC02469","lncRNA"
0.960865756461809,-1.13721294212942,0.329927155140239,-3.44686069155487,0.000567140943338112,0.00134363336282398,"ENSG00000287370.1","AL356317.1","lncRNA"
0.456349923438926,-1.59968311429548,0.464449393177752,-3.44425708762473,0.000572630928641157,0.00135598310854204,"ENSG00000249145.3","LINC02517","lncRNA"
1.65188479313628,-1.19912703701003,0.348286241193617,-3.44293542260092,0.000575436702695,0.00136221497962238,"ENSG00000200201.1","Y_RNA","misc_RNA"
3.05160859453609,-1.1667916392531,0.339159510388097,-3.44024449710388,0.000581188898481161,0.00137483392494658,"ENSG00000279798.1","AC018659.8","TEC"
1.74393983767932,-1.27917729987195,0.371853160654226,-3.44000652736529,0.000581700157168075,0.00137587698562282,"ENSG00000141255.13","SPATA22","protein_coding"
0.441157569232993,-1.65903198378891,0.48229339116012,-3.43988123038186,0.000581969515821414,0.00137634770479921,"ENSG00000286124.1","AC084277.1","lncRNA"
2.451307041972,-1.29314148250284,0.375942650169039,-3.43973071935679,0.000582293232181977,0.00137686364544764,"ENSG00000267137.1","AC005901.1","lncRNA"
0.983830825605285,-1.21299291063347,0.352725587661571,-3.43891385559841,0.000584053053662529,0.0013806010712322,"ENSG00000234756.1","LINC02621","lncRNA"
10.2365609997848,-1.31434938697535,0.382540188141039,-3.43584655343653,0.000590705437296275,0.00139498457856612,"ENSG00000233936.1","AL390778.2","lncRNA"
0.693289441748795,-1.42903960903056,0.415988101588839,-3.43528962384366,0.000591920849849203,0.00139751748373653,"ENSG00000237740.1","NPAP1P3","processed_pseudogene"
0.527306810745709,-2.44428619631177,0.712364928966237,-3.43122758704425,0.000600856273294572,0.00141724574022242,"ENSG00000188340.2","OR6N2","protein_coding"
0.764727725057399,-1.4565983741678,0.425841288506624,-3.42051936597298,0.000625016855113599,0.00147119916323891,"ENSG00000225992.1","TRGVA","TR_V_pseudogene"
422.144850000216,-1.10856945650041,0.324477474141727,-3.41647585686088,0.000634372886034704,0.00149189527035423,"ENSG00000141639.12","MAPK4","protein_coding"
4.60696795577158,-1.01716662009272,0.298063711999809,-3.41258120040247,0.000643507524400797,0.0015116516350899,"ENSG00000240654.6","C1QTNF9","protein_coding"
1.16641211411168,-1.32442332903036,0.388483012410708,-3.40921812980118,0.000651493644930963,0.00152912654869203,"ENSG00000286500.1","AL512643.2","lncRNA"
0.432194400491336,-1.86231917488271,0.546362586830105,-3.40857741685342,0.00065302552893294,0.00153244629521288,"ENSG00000250977.1","AC098859.2","lncRNA"
0.855568433053728,-1.38626671982934,0.40673880059857,-3.40824803974755,0.000653814341412358,0.00153411338932704,"ENSG00000287440.1","AC063919.2","lncRNA"
0.477034005565226,-2.29328562362965,0.673274636333445,-3.40616666642687,0.000658819468447175,0.00154502364975467,"ENSG00000286566.1","AC023511.3","lncRNA"
1.71077659586686,-1.4373439312343,0.422253534994586,-3.403983180988,0.000664108424263264,0.00155630774642746,"ENSG00000182531.7","OR7E115P","unprocessed_pseudogene"
0.64147677216917,-1.41513018844963,0.415891857006509,-3.40263980794286,0.000667382003018045,0.00156351105550495,"ENSG00000268078.1","AC135012.2","lncRNA"
26.70495498556,-1.13409066041114,0.333310968846434,-3.40250026675135,0.000667722900687504,0.0015641224080696,"ENSG00000249948.6","GBA3","polymorphic_pseudogene"
31.2562881167561,-1.48164130092205,0.435678867791432,-3.40076466970471,0.00067197649778991,0.0015734270186104,"ENSG00000196344.11","ADH7","protein_coding"
1.96812919092718,-1.0961105317057,0.322393347421714,-3.39991671810741,0.000674063803503291,0.00157784235777276,"ENSG00000233354.1","LINC00028","lncRNA"
1.00131930094004,-1.23418851079592,0.363235889719882,-3.39776036929527,0.000679399026455333,0.00158928522861212,"ENSG00000237786.1","GFOD1-AS1","lncRNA"
0.631277908930282,-2.06559764002212,0.60836168151374,-3.39534474768768,0.00068542234581055,0.00160241736252316,"ENSG00000222449.1","RNU6-1140P","snRNA"
1.67841371952405,-1.18009317415968,0.348092607169852,-3.39017017268584,0.000698492499305705,0.00163112191862097,"ENSG00000254041.1","AC021546.1","lncRNA"
1.7016164510897,-1.0586689673075,0.31241717749938,-3.38863879310733,0.000702404709929859,0.00163986202664766,"ENSG00000239203.1","AC093484.1","lncRNA"
1.00474905559463,-1.7669292450855,0.521577913779051,-3.38766116893898,0.000704912881997588,0.00164523118128639,"ENSG00000259609.1","AC027807.1","unprocessed_pseudogene"
0.50097538267637,-1.71190821722563,0.505368133436379,-3.38744788988786,0.000705461170991331,0.00164641266070625,"ENSG00000279104.1","AC093775.1","TEC"
0.937718710187026,-1.33451340039201,0.393990924989066,-3.38716786542493,0.000706181648067591,0.00164799582958808,"ENSG00000222455.1","RNA5SP296","rRNA_pseudogene"
13.1328494585271,-1.00946408943567,0.29803039325521,-3.38711793253663,0.000706310192585612,0.00164819751601572,"ENSG00000287270.1","AL137140.1","lncRNA"
1.02499782453964,-1.68726072778938,0.498496274724057,-3.38470077579489,0.000712558854491901,0.00166158992522034,"ENSG00000269540.1","AC010624.4","processed_pseudogene"
0.782031544562728,-1.30468041384425,0.385922421970895,-3.38068051910869,0.000723065612851933,0.00168448416363094,"ENSG00000277049.1","RNA5SP530","rRNA"
3.1540142350975,-1.35855518991856,0.402106664772307,-3.37859406207019,0.000728575031667011,0.00169600651779666,"ENSG00000237863.3","AL035425.1","lncRNA"
45.4994897308275,-1.04160089239185,0.308802617125772,-3.37303129774841,0.000743455014421778,0.0017291018228433,"ENSG00000154198.14","CYP4Z2P","transcribed_unprocessed_pseudogene"
0.439330270292558,-1.7408282292562,0.51682752436426,-3.36829628297671,0.000756342687229576,0.00175709129030993,"ENSG00000225974.1","AC005550.1","lncRNA"
0.385694237379081,-1.76249528119035,0.525341789762206,-3.35494970234166,0.000793794159556426,0.00183722477421201,"ENSG00000248428.1","AC010395.1","lncRNA"
0.790990278991254,-2.00324995497548,0.597105758461588,-3.35493323684694,0.000793841407765795,0.00183722546293372,"ENSG00000231302.1","RPL36P2","processed_pseudogene"
0.898606938136518,-1.3873551060185,0.413608652178638,-3.35427002967843,0.000795746671017776,0.00184098161189527,"ENSG00000286189.1","AC108021.1","lncRNA"
1.12401199656854,-1.3436349803376,0.400672435432046,-3.35345000433773,0.000798108309548324,0.00184589965488123,"ENSG00000276269.1","AL355974.2","lncRNA"
4.34545784087674,-1.06105213808291,0.316772882062546,-3.34956746036552,0.000809378436172855,0.00187085992001181,"ENSG00000250659.2","AP001363.1","lncRNA"
1.63514281962395,-1.1572511769211,0.34569014498165,-3.34765452160209,0.000814985394463356,0.00188281930987989,"ENSG00000224691.1","AL133553.1","lncRNA"
3.81343689971274,-1.04941070753025,0.313865225229694,-3.34350741392986,0.000827264835082299,0.0019093842315445,"ENSG00000223839.8","FAM95B1","transcribed_unprocessed_pseudogene"
0.683050856461212,-1.21923251963058,0.36477546123413,-3.3424192392372,0.00083051519009672,0.00191632112174508,"ENSG00000224494.1","HNRNPA3P14","processed_pseudogene"
1603.92399837303,-1.37988906852028,0.413083291751907,-3.34046207162749,0.000836391041991371,0.00192851439892548,"ENSG00000183607.10","GKN2","protein_coding"
0.445167641048477,-1.57059654312577,0.470909255827904,-3.33524245635077,0.000852250567016202,0.00196336004384216,"ENSG00000224244.1","AC073508.1","unprocessed_pseudogene"
0.640309710764353,-2.35972101243629,0.707855723089292,-3.33361861106069,0.000857241128965259,0.00197356607739834,"ENSG00000229042.2","AL031656.1","lncRNA"
3.2174048522538,-1.10201176296533,0.330986795836695,-3.32947349207564,0.00087010346178404,0.00200094138240898,"ENSG00000287481.1","AL161663.1","lncRNA"
5.58335872838352,-1.13388874776094,0.340983922278403,-3.32534372935963,0.000883095893389006,0.00202879266155141,"ENSG00000254254.6","AC012349.1","lncRNA"
28.4400605831638,-1.09364750011591,0.329082494904753,-3.32332323064601,0.000889517789778072,0.0020419876001294,"ENSG00000114204.15","SERPINI2","protein_coding"
3.21490676696951,-1.1191021538496,0.336830462413814,-3.32244935873622,0.000892308667415488,0.00204791381024255,"ENSG00000264012.1","AC091588.1","lncRNA"
1.42901152016629,-1.19839312953336,0.361537710425146,-3.31471128730701,0.000917378211206494,0.00210064525617188,"ENSG00000185823.5","NPAP1","protein_coding"
0.570080286865549,-1.83307190800103,0.553203157597143,-3.31356009601073,0.000921163090903507,0.00210894178037357,"ENSG00000223920.2","AC099791.1","processed_pseudogene"
0.931329777567269,-1.71090959818802,0.517004358590677,-3.30927499886434,0.000935379142027785,0.00213923560530036,"ENSG00000279796.1","AL133384.2","TEC"
0.695507658451036,-1.90382823353375,0.575792385509608,-3.30644913243991,0.000944865042431584,0.00215966787239429,"ENSG00000255406.3","LINC02730","lncRNA"
9.06444529095121,-1.00297408846876,0.303414388388426,-3.30562467322666,0.000947649342721621,0.00216527306026158,"ENSG00000205929.11","C21orf62","protein_coding"
2.96617402744304,-1.79856635652868,0.54446518447552,-3.3033633881682,0.000955325038173403,0.00218039218832099,"ENSG00000285980.2","AP003025.2","lncRNA"
1.92520460484139,-1.26950884142618,0.384476934093225,-3.30191158130271,0.000960283355891423,0.00219132540234355,"ENSG00000288580.1","AC023296.1","lncRNA"
0.886885236465768,-1.27139756532072,0.385138421645548,-3.30114445577393,0.000962912913734419,0.00219681350439258,"ENSG00000252002.1","RNA5SP154","rRNA_pseudogene"
1.37847727515813,-1.099403053035,0.33344395610782,-3.29711495109392,0.000976835127450272,0.00222662872792314,"ENSG00000285766.1","AC092042.4","lncRNA"
1.01568819535998,-1.43291763361307,0.434965110194921,-3.29432775187632,0.000986573896532817,0.00224738753901651,"ENSG00000263312.1","LINC01975","lncRNA"
1.40472166536539,-1.06633801039036,0.323855526716585,-3.292634901746,0.00099253269614353,0.00225990904997047,"ENSG00000229373.9","LINC00452","lncRNA"
17.3065099803424,-1.2729331280056,0.388447143177031,-3.27697899280332,0.00104924175575922,0.00237837450875364,"ENSG00000187094.12","CCK","protein_coding"
1.56253891349651,-1.27075879886306,0.388711546103078,-3.26915629752372,0.00107868698633778,0.0024405955745813,"ENSG00000186335.9","SLC36A2","protein_coding"
1.0710324782489,-1.14027632577666,0.348936315826304,-3.26786371626699,0.00108362531507248,0.00245077691620052,"ENSG00000233086.8","LNCARSR","lncRNA"
49.8460107793038,-1.01598748501712,0.310929329639018,-3.26758330002725,0.0010846994066778,0.0024527808426876,"ENSG00000178796.13","RIIAD1","protein_coding"
0.616738016675288,-1.43775224310078,0.440085748602228,-3.26698205444569,0.00108700570601003,0.00245737210287952,"ENSG00000287224.1","AC099791.4","lncRNA"
107.57712833114,-1.21962455408177,0.373354799844233,-3.26666365235053,0.00108822889080458,0.00245990900156398,"ENSG00000156284.6","CLDN8","protein_coding"
1.96682185552411,-1.45564935431535,0.445828925524065,-3.26504017792084,0.00109448550505579,0.00247276629898026,"ENSG00000207725.3","MIR222","miRNA"
0.757837954889398,-2.26809022898871,0.694723787868456,-3.26473667462524,0.00109565884335769,0.0024747028109339,"ENSG00000259449.1","NIFKP8","processed_pseudogene"
2.14091739182578,-1.73451585920316,0.532216654088449,-3.25904092981447,0.00111789538708692,0.00252056262702957,"ENSG00000229900.1","HSPD1P21","processed_pseudogene"
2.59972458956597,-1.08997549653777,0.334818182683042,-3.25542504234187,0.00113222779300212,0.00255082075928182,"ENSG00000234267.3","TULP3P1","transcribed_processed_pseudogene"
0.567251828597391,-1.40033078294824,0.431030070657761,-3.24880067140398,0.00115892657198488,0.00260572027627789,"ENSG00000248809.6","LINC01095","lncRNA"
0.696350356140964,-1.50246063099454,0.463087066163968,-3.2444452475003,0.00117679638900485,0.0026418002121593,"ENSG00000267000.1","AC016229.1","lncRNA"
1.68404825200915,-1.02937709549721,0.31757643955899,-3.24135221405807,0.00118964099474671,0.00266849193267032,"ENSG00000283503.2","LINC01902","lncRNA"
0.579443800129035,-1.48110415447274,0.457231346421265,-3.23928830791085,0.00119828380932218,0.00268649270898283,"ENSG00000272435.1","RNA5SP357","rRNA_pseudogene"
0.562998628877953,-1.92194057747238,0.593419641209323,-3.23875457434418,0.00120052829318061,0.00269035036115841,"ENSG00000232135.1","AL031663.1","processed_pseudogene"
4.00301709688807,-1.11673176120583,0.344897840522628,-3.23786243344879,0.00120428864323759,0.00269825473223762,"ENSG00000255202.1","AL049629.1","lncRNA"
1.94699812035504,-1.40082265721831,0.432667456875643,-3.23764275532498,0.00120521624862716,0.00269989941853774,"ENSG00000248822.1","APOBEC3AP1","processed_pseudogene"
0.672905040928425,-1.46090787326745,0.451263462987646,-3.2373723846272,0.00120635881280516,0.00270211944498447,"ENSG00000283378.1","CNTNAP3C","protein_coding"
1.55246683950847,-1.07885798980185,0.33334354261563,-3.2364748431496,0.00121015892677482,0.00270990151958593,"ENSG00000200204.1","RNU1-22P","snRNA"
0.920501013057986,-1.35288333578522,0.418841740894382,-3.23005852496056,0.00123764880523042,0.00276539915476911,"ENSG00000266559.1","MIR4530","miRNA"
0.830022031895387,-1.3906278997474,0.430817757331,-3.22787971499274,0.00124711402348388,0.00278432240845254,"ENSG00000203870.5","SMIM9","protein_coding"
8.33203925449872,-1.26048137382444,0.391168575749559,-3.22234824566136,0.00127144497588043,0.00283443931813236,"ENSG00000285684.1","AL137781.1","lncRNA"
0.469948290364344,-2.26014436748631,0.701452822762946,-3.22209034469895,0.00127259001147657,0.00283666874047791,"ENSG00000189375.12","TBC1D28","protein_coding"
2.07009006536889,-1.40428710194694,0.435854029474544,-3.22192065917095,0.0012733439049673,0.00283802587829785,"ENSG00000288015.1","AL159156.1","lncRNA"
211.088407604223,-1.11189533827196,0.345378722533007,-3.21935100725753,0.00128481108869673,0.00286130229991417,"ENSG00000260220.7","CCDC187","protein_coding"
0.408296372943213,-1.70482990752316,0.529975299840342,-3.21681011933339,0.00129624357277184,0.00288528482628753,"ENSG00000230003.2","AL445646.1","processed_pseudogene"
0.603819174291681,-1.40671570024065,0.437520655305137,-3.21519837562773,0.0013035440514444,0.00290070982525283,"ENSG00000257477.1","LINC01154","lncRNA"
1.36281490477908,-1.32521625588928,0.41223104885047,-3.21474148923213,0.00130562043492263,0.00290516508807901,"ENSG00000188467.11","SLC24A5","protein_coding"
324.265926987348,-1.14009860281903,0.354986041922669,-3.21167163825384,0.00131965114348665,0.00293338269119382,"ENSG00000142178.9","SIK1","protein_coding"
3.14157699436063,-1.28543192948751,0.401176625945867,-3.20415459514075,0.00135459719111393,0.00300576936124067,"ENSG00000207258.1","Y_RNA","misc_RNA"
1.64182681644772,-1.31432754026706,0.411166967378951,-3.19657862752313,0.00139067918249074,0.00307902382539578,"ENSG00000236474.1","GCNT1P1","processed_pseudogene"
1.47883339245726,-1.46374154430214,0.458315074463084,-3.19374514577535,0.00140440040223623,0.00310711777802375,"ENSG00000257431.1","AC089998.1","lncRNA"
1.33232671993249,-1.26013777498958,0.395038935768919,-3.18990778095531,0.00142318199653594,0.00314582470239213,"ENSG00000252761.1","Y_RNA","misc_RNA"
1.22721429857933,-1.40336012798642,0.44001213645643,-3.18936686448735,0.001425847999938,0.00315136165408495,"ENSG00000232696.1","AC017006.2","lncRNA"
2.62092566785014,-1.12110151230272,0.35165726949919,-3.1880515761819,0.00143234985302476,0.00316448069663007,"ENSG00000286806.1","AC080005.1","lncRNA"
0.702437436330295,-1.61522076382443,0.506689964489002,-3.18778913542009,0.00143365044036607,0.00316663893553651,"ENSG00000266517.1","MIR4715","miRNA"
4.7617990443242,-1.08081581269353,0.339152581951083,-3.18681286893289,0.00143849812289248,0.00317698781165514,"ENSG00000284640.1","AL590434.1","lncRNA"
1.61308299395762,-1.36551836361515,0.428549322487578,-3.18637387101396,0.00144068290202666,0.00318145387354432,"ENSG00000260477.8","LINC01584","lncRNA"
1.16120125924996,-1.47217870820562,0.462048108568926,-3.18620221769832,0.00144153800767174,0.0031829829465186,"ENSG00000271579.1","AC078880.3","lncRNA"
2.41228980723283,-1.23503954109517,0.388124134097633,-3.18207354965587,0.00146224679736507,0.00322379736479195,"ENSG00000235205.1","TATDN2P3","processed_pseudogene"
0.559281368828896,-2.14610660886129,0.674445262446637,-3.18203229877546,0.00146245508208229,0.00322389329147441,"ENSG00000240033.1","AC069439.2","lncRNA"
10.5986966496448,-1.05993855152146,0.333874554484505,-3.1746610734022,0.00150011606645859,0.00330036864354728,"ENSG00000125498.20","KIR2DL1","protein_coding"
1.19018930603572,-1.43849556475563,0.453253784946854,-3.17370888568377,0.00150504560827854,0.00330994996333095,"ENSG00000239627.3","RPL12P20","processed_pseudogene"
0.65253066964599,-1.42209606582519,0.448261024162936,-3.17247315552529,0.00151146531996231,0.00332257454274733,"ENSG00000253139.1","AC013644.1","lncRNA"
0.743045358656855,-1.37478329101355,0.433356659000525,-3.17240605967448,0.00151181460894226,0.00332315568264911,"ENSG00000273582.1","AC009093.5","lncRNA"
1.67160848491359,-1.74413321562227,0.550314384033168,-3.16933968332753,0.0015278571917352,0.00335559183755909,"ENSG00000250940.1","AC116562.2","processed_pseudogene"
273.471941332378,-1.0194649577217,0.321994384938466,-3.1660954519953,0.00154500086223794,0.00339038967811984,"ENSG00000196169.15","KIF19","protein_coding"
0.693372417486002,-1.30750289971842,0.413237957614182,-3.16404356285965,0.00155593504497694,0.00341285281642337,"ENSG00000254793.1","FDPSP4","processed_pseudogene"
0.5281918809792,-1.65758829145957,0.524667656264114,-3.15931098795453,0.00158142641989954,0.00346585254758269,"ENSG00000252332.1","RNU6-911P","snRNA"
0.983948581418872,-1.24683521278792,0.394698741555032,-3.15895411238365,0.00158336418759926,0.0034695164086094,"ENSG00000249736.1","LINC02242","lncRNA"
1.8063603085966,-2.26931128282809,0.719952149227758,-3.15203070823835,0.00162139220610394,0.00354728270250774,"ENSG00000237477.1","AC093911.1","lncRNA"
6.55383122040955,-1.46536505755973,0.465404369107943,-3.148584660622,0.00164063192904035,0.00358536624680432,"ENSG00000205835.9","GMNC","protein_coding"
1.47438550622962,-1.06540625034409,0.338548268549999,-3.14698478567687,0.0016496354526391,0.00360403578232487,"ENSG00000215174.2","NLRP2B","protein_coding"
0.772660620052863,-1.14792577869653,0.365458915186169,-3.14105288172205,0.00168341633299702,0.00367224611514711,"ENSG00000265296.1","FEM1AP2","processed_pseudogene"
0.719259872147113,-1.36935818391674,0.435956791627305,-3.14104106236149,0.00168348427230646,0.00367224611514711,"ENSG00000286090.1","AC034110.1","lncRNA"
0.718415838161141,-1.49472025927721,0.4762037949798,-3.13882475325636,0.00169626859529524,0.00369745356520154,"ENSG00000207032.1","Y_RNA","misc_RNA"
0.40400572012769,-1.45873130800648,0.464939972904957,-3.13746159292842,0.00170417599583768,0.00371344865202831,"ENSG00000137080.4","IFNA21","protein_coding"
0.571522606428698,-1.55731494603557,0.496998873628311,-3.13343757636005,0.00172771663811226,0.00376139311038004,"ENSG00000259446.6","AC055874.1","lncRNA"
91.344405567752,-1.03667143418846,0.330883914471479,-3.13303665983383,0.00173007832117937,0.00376569667293746,"ENSG00000133101.10","CCNA1","protein_coding"
6.76752912281785,-1.2899777025781,0.411793578873061,-3.13258333485513,0.00173275230316999,0.00377101915214667,"ENSG00000224049.1","AC108681.1","lncRNA"
0.922269665559898,-1.59003768766522,0.507581990546485,-3.1325730961284,0.00173281274117067,0.00377101915214667,"ENSG00000287417.1","AC006059.4","lncRNA"
0.957825726431734,-1.22209066758402,0.39014283685582,-3.13241857119024,0.00173372511915112,0.00377268015274152,"ENSG00000283582.1","SULT6B2P","unitary_pseudogene"
0.656461780520171,-1.32672231544902,0.424141514309596,-3.12801805691813,0.00175989368968021,0.00382612367191934,"ENSG00000269667.2","AC092723.1","lncRNA"
1.56024031531388,-1.19187892506776,0.381062318513327,-3.1277795446103,0.00176132237423399,0.00382901699034168,"ENSG00000286296.1","AC018445.6","lncRNA"
1.21664083423837,-1.75995828152095,0.562815110146924,-3.12706295511773,0.00176562114941302,0.00383708326100638,"ENSG00000233290.3","AL157944.1","lncRNA"
6.56757774386935,-1.63945978414361,0.524622820775074,-3.12502567410521,0.00177789541690063,0.00386161331920175,"ENSG00000215160.3","OR7E122P","transcribed_unprocessed_pseudogene"
18.6490624318185,-1.10600594368025,0.354057585078117,-3.12380242732614,0.00178530290586418,0.00387662660281733,"ENSG00000167633.18","KIR3DL1","protein_coding"
2.14748782028596,-1.07914538817061,0.345628451137201,-3.12227012741563,0.00179462191963018,0.00389426885914981,"ENSG00000109424.4","UCP1","protein_coding"
0.860440944909809,-1.3429017298656,0.430298475212604,-3.12086100049994,0.00180323127261449,0.00391164065325258,"ENSG00000264266.1","MIR4322","miRNA"
15.9355506628871,-1.30092434487037,0.416855251107202,-3.12080594262639,0.00180356842938853,0.00391194702125175,"ENSG00000175664.10","TEX26","protein_coding"
2.51857801423515,-1.25390245396018,0.402546132202353,-3.11492858495499,0.00183989449798182,0.00398279092772731,"ENSG00000250280.2","AC026124.1","lncRNA"
1.43807206908727,-1.12852036375361,0.362303323320143,-3.11484960560634,0.00184038718952219,0.00398363707894638,"ENSG00000285622.1","AL135926.1","lncRNA"
1.22958116650226,-1.08588885957896,0.348683756623699,-3.11425134939928,0.00184412318959834,0.00399128233031928,"ENSG00000223502.1","AL731537.1","lncRNA"
0.786439495283733,-1.67624076735595,0.538526757551519,-3.11264156116808,0.00185421064978709,0.0040107777622496,"ENSG00000272508.1","AL136982.6","lncRNA"
8.47498860436465,-1.17962253995726,0.379258210361639,-3.11034147113767,0.00186871174789716,0.00403869211349629,"ENSG00000152208.13","GRID2","protein_coding"
25.3022729652153,-1.38309930945256,0.444882827529538,-3.10890693878429,0.0018778085436063,0.00405588817794658,"ENSG00000164756.12","SLC30A8","protein_coding"
1.0002828114787,-1.56925846423106,0.504774849198681,-3.10882855340796,0.00187830677866983,0.00405651650511227,"ENSG00000249973.2","CHCHD2P7","processed_pseudogene"
1.34511927709408,-1.33878616960277,0.430999814981017,-3.10623374551039,0.00189486866280001,0.00408980174539588,"ENSG00000199349.1","Y_RNA","misc_RNA"
1.18598719272534,-1.43317308520129,0.461410969003702,-3.10606635185952,0.00189594167820924,0.00409166632528158,"ENSG00000244674.1","RPS3AP15","processed_pseudogene"
0.975861663690488,-2.11103224438842,0.679858988472054,-3.10510308782245,0.00190212718110532,0.00410410998697796,"ENSG00000270593.1","AC073333.2","processed_pseudogene"
1.06348343355644,-1.24237303712862,0.400382317499993,-3.102966796551,0.00191591134489876,0.00413202859552654,"ENSG00000248109.3","MARCOL","protein_coding"
0.431582585349418,-1.76824718768364,0.570063488370442,-3.10184255570949,0.00192320215739719,0.00414546786499446,"ENSG00000257879.1","AC130415.1","lncRNA"
0.537176647938876,-1.66132416867791,0.535900495540589,-3.10006089283806,0.00193480861221791,0.00416841908300936,"ENSG00000226908.1","H2BP6","processed_pseudogene"
0.621063231127789,-1.44168332953074,0.46524956495838,-3.09873117164486,0.00194351281484087,0.00418601937238761,"ENSG00000256581.1","NLRP9P1","unprocessed_pseudogene"
1.44583648619029,-1.39470213224142,0.450106641187206,-3.09860376323873,0.00194434870032116,0.00418758924499241,"ENSG00000101327.9","PDYN","protein_coding"
1.47249351093777,-1.27719362797584,0.412468995213061,-3.09645971648391,0.00195846470423516,0.00421546921405642,"ENSG00000236750.1","AC009237.9","processed_pseudogene"
0.47647847824174,-1.87238810645505,0.605706517538287,-3.09124642420031,0.00199318143743304,0.00428333147499546,"ENSG00000181273.2","OR5AK2","protein_coding"
2.07641484612667,-1.09092561131734,0.352958299068502,-3.09080595128778,0.00199614039259674,0.00428945467889639,"ENSG00000139610.2","CELA1","protein_coding"
0.525326614147059,-2.0087411175377,0.649923432859354,-3.09073502504779,0.00199661722891631,0.00429023242852741,"ENSG00000200556.1","RNU6-103P","snRNA"
1.12175215745551,-1.13591062622659,0.367930985141562,-3.08729265024948,0.00201988633312169,0.00433619552893268,"ENSG00000287926.1","AC113208.5","lncRNA"
0.358865095716146,-1.69866952513486,0.550675302861772,-3.08470257574135,0.00203755799473938,0.00437005655753066,"ENSG00000286055.1","AC093890.2","lncRNA"
9.35226699590874,-1.17849655461294,0.382051022494019,-3.08465750705166,0.00203786674298683,0.00437047920200688,"ENSG00000231980.1","AC011899.1","lncRNA"
1.00691248882125,-1.07431693615734,0.348953348770001,-3.07868355453277,0.00207917402079385,0.00445004422729771,"ENSG00000253858.1","AC008619.1","lncRNA"
1.20240538684352,-1.16176669443668,0.377986706806178,-3.07356495219924,0.00211517637653581,0.00452141192998049,"ENSG00000267078.1","AC015802.1","lncRNA"
1.06864740327412,-1.91450216551322,0.623460491098034,-3.07076742287456,0.00213509391711511,0.00456099792939356,"ENSG00000288575.1","AL159996.1","lncRNA"
1.86052175467443,-1.06480888564713,0.347092777851858,-3.0677932633378,0.00215645749722087,0.00460318378330098,"ENSG00000225154.2","TUBAP9","processed_pseudogene"
9.32067841322228,-1.15625811537413,0.377036356082789,-3.06670191539896,0.00216434574500597,0.0046184433061309,"ENSG00000250803.6","AC010255.2","protein_coding"
0.388366693775345,-1.88703548182201,0.615901047315504,-3.0638614596402,0.00218500070232867,0.0046597232809866,"ENSG00000264643.1","AC024614.1","lncRNA"
0.691336482501464,-1.3620618119554,0.444637930027107,-3.06330548964268,0.00218906463536886,0.0046668639742097,"ENSG00000277136.1","Metazoa_SRP","misc_RNA"
1.45264598993296,-1.03293763670111,0.337703283243848,-3.05871363398991,0.00222289523592539,0.00473382930487054,"ENSG00000250241.6","AC105383.1","lncRNA"
74.8705087972531,-1.26834287812091,0.414722698224709,-3.05829144040165,0.00222602968609178,0.00473947263977677,"ENSG00000182585.10","EPGN","protein_coding"
1.0458258844788,-1.09904252686722,0.359683950053978,-3.05557845075459,0.0022462682941941,0.00477892266732504,"ENSG00000285000.1","AC008581.2","protein_coding"
1.05379599456577,-1.23207451330484,0.403461562287535,-3.05375933786422,0.00225993295514383,0.0048064262442379,"ENSG00000226516.7","FAM138B","lncRNA"
1.14317441050312,-1.16763641062326,0.382667566943866,-3.0513074832771,0.00227847110218027,0.00484243171298154,"ENSG00000126952.17","NXF5","protein_coding"
0.945733872739505,-1.06744738207827,0.350132262413367,-3.04869758279526,0.00229835719527568,0.00488177904838152,"ENSG00000220586.2","TUBBP9","transcribed_processed_pseudogene"
0.712754578183642,-1.23743276071066,0.406724372365081,-3.04243572499738,0.00234671928510775,0.0049737026672562,"ENSG00000253595.6","LINC01300","lncRNA"
1.7532848980264,-1.03506836766431,0.340304787970337,-3.04159213814686,0.00235330529294078,0.00498631088466893,"ENSG00000267079.1","AP001269.2","lncRNA"
1.1145264963828,-1.18037166664457,0.388214451897223,-3.04051449109129,0.00236174326250272,0.00500256444760171,"ENSG00000277498.1","AC107081.2","unprocessed_pseudogene"
1.02229244924279,-1.21310703240902,0.399261003359959,-3.03838096433207,0.00237853052828875,0.00503621438788308,"ENSG00000240122.1","FABP5P11","processed_pseudogene"
0.444729024810511,-1.49643893888886,0.49313701509539,-3.03452974139326,0.00240911000828444,0.00509544801546827,"ENSG00000170180.22","GYPA","protein_coding"
0.508990110053473,-1.2256461323311,0.405557310532462,-3.02212807043702,0.00251004327004408,0.00528777944549636,"ENSG00000286126.1","AP001095.1","lncRNA"
0.373222424103955,-1.73177982543331,0.573302933744362,-3.02070637267229,0.0025218578618825,0.00531009578095803,"ENSG00000230197.6","AC007952.3","lncRNA"
0.540316108866347,-1.2893735191137,0.427903407231819,-3.0132349902397,0.00258478684076364,0.00543220844471262,"ENSG00000269387.1","AL365205.4","lncRNA"
1.39641430846169,-1.05717696479917,0.351611748372355,-3.00665995858485,0.00264135045595825,0.00553934748336471,"ENSG00000270714.1","MICOS10P2","processed_pseudogene"
0.544990365163403,-1.39008853857559,0.462957579619415,-3.0026261579265,0.00267661007731293,0.00560633495689061,"ENSG00000261037.1","AC010266.2","lncRNA"
1.4919583625034,-1.00787544980602,0.336661594442581,-2.99373455851056,0.00275585588080633,0.00576065152093123,"ENSG00000128276.10","RFPL3","protein_coding"
0.618061579120096,-1.35932976459238,0.454064665135957,-2.99369202002398,0.00275624010012446,0.00576114691298382,"ENSG00000227139.1","AC241644.1","lncRNA"
0.675063099908553,-1.4549941663014,0.486801063885103,-2.98888863284163,0.0027999416684769,0.00584344092955571,"ENSG00000287830.1","AC007218.3","lncRNA"
0.895624661355218,-1.09241143120726,0.365538443406601,-2.9884994339491,0.00280351019649029,0.00585057636919959,"ENSG00000260880.5","HCCAT5","lncRNA"
1.05825004809725,-2.01667697345178,0.674823578848627,-2.9884506657171,0.00280395764053169,0.00585119808189235,"ENSG00000148826.9","NKX6-2","protein_coding"
0.388871690223635,-1.46379943420467,0.490431869774235,-2.98471515498883,0.00283842505402223,0.00591744330255428,"ENSG00000227824.1","AC122136.1","lncRNA"
0.510425408366254,-1.59354609540586,0.533917939657781,-2.98462736881862,0.00283923968614776,0.00591882628302423,"ENSG00000253813.1","COX6B1P4","processed_pseudogene"
0.443126595692355,-1.35052836242458,0.452851054320139,-2.98227938201915,0.00286110774340945,0.0059609204082289,"ENSG00000264404.3","LINC02675","lncRNA"
43.7922705648379,-1.14801559052623,0.385651637872,-2.97682021230585,0.00291254752956608,0.00606034762200629,"ENSG00000124490.14","CRISP2","protein_coding"
0.726699807098756,-1.36161473381703,0.457854089997724,-2.97390536322129,0.00294035745239695,0.00611561217549405,"ENSG00000259048.1","AL392023.2","lncRNA"
0.505577995448209,-1.52711035657846,0.514881227261844,-2.9659468547721,0.0030175262824784,0.00626018311336411,"ENSG00000287970.1","AC245164.2","lncRNA"
0.511192516754393,-1.35404593056049,0.457115198958316,-2.96215469020964,0.00305494260652908,0.00633204007740531,"ENSG00000279028.1","AC010223.1","lncRNA"
1.51315597651488,-1.05827844948496,0.357706421552191,-2.95851118605249,0.00309129022071801,0.00640095658942304,"ENSG00000233538.1","AC017104.2","lncRNA"
1.14737501025861,-1.15606139078371,0.390809672931511,-2.9581186722221,0.00309522937818825,0.0064077568933385,"ENSG00000271653.1","AC097359.3","lncRNA"
1.08988146109124,-1.05977296541795,0.35838540735609,-2.95707621924731,0.00310571337013362,0.00642742066250786,"ENSG00000180138.7","CSNK1A1L","protein_coding"
2.03081813217408,-1.18082869260938,0.399722196762321,-2.95412339413194,0.00313558603985694,0.00648547054948158,"ENSG00000259561.1","AC079075.1","lncRNA"
0.700502474914986,-1.17057360354899,0.396565863085851,-2.95177601632236,0.00315952024461927,0.00653048735961317,"ENSG00000288011.1","AC024597.1","lncRNA"
1.03637525081211,-1.72824974759748,0.585597359746268,-2.95125945982117,0.00316480943363535,0.00653969255677165,"ENSG00000159516.9","SPRR2G","protein_coding"
10099.0636145095,-1.0219217637387,0.346309549530244,-2.95089108898353,0.00316858623025448,0.00654715111289935,"ENSG00000161055.4","SCGB3A1","protein_coding"
6.86334110920616,-1.05579457003369,0.357912205982931,-2.94987025417077,0.00317907402256537,0.00656708787293489,"ENSG00000259590.1","LINC02244","lncRNA"
0.487161659319006,-1.51561385470363,0.513867512440817,-2.94942532464179,0.00318365500544607,0.00657585663859119,"ENSG00000274940.1","MIR8083","miRNA"
0.479376155865404,-1.2913172708225,0.437969594593172,-2.948417622511,0.0031940525319752,0.00659352062995954,"ENSG00000224806.2","ARL5AP4","processed_pseudogene"
0.791094890083176,-1.27819105467325,0.434235071248569,-2.94354633999973,0.00324475242767359,0.00668758070406063,"ENSG00000237941.2","KCNQ1DN","lncRNA"
0.550072016990317,-1.43011648679029,0.486079810959897,-2.94214335700579,0.00325948995814184,0.00671441890671975,"ENSG00000227958.1","AL390778.1","lncRNA"
2.70753662899508,-1.11460706606849,0.379161008290919,-2.93966690059356,0.00328565261452004,0.00676475178674017,"ENSG00000241772.2","AC092620.1","lncRNA"
0.682902664205125,-1.24389641958676,0.423335496508099,-2.9383229845999,0.00329993042475458,0.00679200386340582,"ENSG00000267316.5","AC090409.2","lncRNA"
1.07510418170996,-1.18499311849722,0.403389604088338,-2.93758963167955,0.00330774540349867,0.00680629885809048,"ENSG00000255266.1","AP003484.1","processed_pseudogene"
0.878190022335204,-1.87016794993716,0.637338373524507,-2.93434073268656,0.0033425704783727,0.00687217597799623,"ENSG00000226552.2","BX284613.1","processed_pseudogene"
0.461384964006414,-1.430370010878,0.487742185857631,-2.93263542164777,0.00336098309691618,0.00690712827926196,"ENSG00000237293.1","AC007099.2","lncRNA"
0.879100483563975,-1.3173720002382,0.449718811864605,-2.92932375849739,0.00339700392185802,0.00697529309262875,"ENSG00000196778.3","OR52K1","protein_coding"
0.322648004414515,-1.67400859985789,0.57214133613587,-2.92586550582731,0.00343499403656883,0.0070473838224178,"ENSG00000253855.1","AC245187.1","lncRNA"
0.712506003300182,-1.45934106893323,0.498895053847622,-2.9251463963781,0.00344294211224134,0.00706183917570583,"ENSG00000223342.2","AL158817.1","lncRNA"
2.62326974229494,-1.02941696645778,0.351975612774287,-2.92468264589091,0.00344807666581445,0.00707125873958311,"ENSG00000235140.2","AC026391.1","lncRNA"
18.0003575954513,-1.00581124224907,0.344320247630705,-2.92115043820438,0.00348741385551948,0.00714182497280368,"ENSG00000279017.1","AC098476.1","TEC"
1.68423774456246,-1.07640121472325,0.368497316689054,-2.92105577428545,0.00348847369757756,0.00714362155318999,"ENSG00000235510.1","BX842568.3","unprocessed_pseudogene"
0.654091389371601,-1.3250578366152,0.453642902865515,-2.92092707335492,0.00348991508270931,0.00714582528917891,"ENSG00000201830.1","Y_RNA","misc_RNA"
1.49974506347634,-1.60770824403377,0.5510148161308,-2.91772234968747,0.00352598158886007,0.00721401158390063,"ENSG00000287350.1","AL137786.2","lncRNA"
134.525019745587,-1.18919757832013,0.407862511652744,-2.91568247716922,0.00354911495642315,0.00725603016508851,"ENSG00000130433.7","CACNG6","protein_coding"
1.45811799685719,-1.13742592292294,0.390261310358453,-2.91452391700889,0.0035623151172567,0.0072818760305789,"ENSG00000228923.1","AP000355.1","lncRNA"
1.70807425961313,-1.41029699315933,0.484066894228934,-2.91343409345474,0.00357477287177389,0.00730581486631765,"ENSG00000288013.1","AP003486.2","lncRNA"
1.17957252255576,-1.34682474406294,0.463470800181119,-2.90595382392292,0.00366135476355318,0.00746911027278695,"ENSG00000287099.1","AL121750.1","lncRNA"
0.5429385506221,-1.68360734757316,0.579618834565893,-2.90468019182659,0.00367628522783326,0.00749722312123949,"ENSG00000260981.1","AC091932.1","lncRNA"
1.14949494593286,-1.21795331500126,0.419446211452316,-2.90371752502936,0.0036876070358266,0.00751796138996201,"ENSG00000276724.1","AC123768.3","lncRNA"
1.23684463650156,-1.35456240684927,0.467774007829009,-2.89576244976917,0.00378238600932666,0.00769555175640626,"ENSG00000166917.11","MIR202HG","lncRNA"
0.9642410444033,-1.04769703227371,0.362661193213473,-2.88891409359314,0.00386574668055727,0.00784883170014458,"ENSG00000203489.3","HMGB1P39","processed_pseudogene"
0.725736382345951,-1.18478718648589,0.410197137561312,-2.88833606575033,0.00387285846623605,0.00786204734604082,"ENSG00000234553.1","AC022431.1","lncRNA"
1.82149879569697,-1.19203170078511,0.412782829118233,-2.88779381480444,0.0038795408720984,0.00787397893496278,"ENSG00000230290.1","ARMC2-AS1","lncRNA"
1.06434701543196,-1.07293860268956,0.371730497509,-2.88633461574829,0.00389757529615446,0.00790525158937543,"ENSG00000243187.1","CCDC39-AS1","lncRNA"
45.7745456570785,-1.01527660580049,0.351756713559321,-2.88630342126868,0.00389796166262779,0.00790562547010926,"ENSG00000133169.6","BEX1","protein_coding"
0.513112316617728,-1.35448378965494,0.469787023607849,-2.88318689446301,0.00393673794400339,0.0079776536761676,"ENSG00000257346.1","AC011603.1","lncRNA"
0.732939314349761,-1.34607310748841,0.467009222060881,-2.88232660920117,0.00394750326190834,0.00799657038576049,"ENSG00000249421.2","ADAMTS19-AS1","lncRNA"
0.481135502090141,-1.59646647020131,0.554040894833906,-2.88149572547332,0.0039579260308668,0.0080156093320489,"ENSG00000231098.1","AC008154.2","lncRNA"
1.24422339735271,-1.35749775744501,0.471548030879721,-2.87881121020155,0.00399177214843223,0.0080787192107733,"ENSG00000275356.5","C7orf77","lncRNA"
1.14984285291014,-1.33319490578101,0.463162201655385,-2.87846223421524,0.00399619125308278,0.00808598996454741,"ENSG00000183303.2","OR5P2","protein_coding"
1.17612273295176,-1.41397514418481,0.491958714710871,-2.87417440102839,0.0040508520897211,0.0081868553415389,"ENSG00000243236.6","GSTA9P","transcribed_unprocessed_pseudogene"
0.742552345218525,-1.73725714061578,0.604896944561653,-2.87198861927581,0.00407897656587089,0.00823901471114923,"ENSG00000285536.1","LINC02838","lncRNA"
2.5667406820216,-1.71257535911502,0.596837595239562,-2.86941602334487,0.00411230515274093,0.00829776790243415,"ENSG00000163586.10","FABP1","protein_coding"
0.562102884699458,-1.27803892367298,0.446404287075184,-2.86296292548314,0.00419699669129369,0.00845253101013966,"ENSG00000267004.1","AC018761.1","lncRNA"
1.65763731757206,-1.02596095929226,0.358473090284611,-2.86203061568079,0.00420936243682093,0.00847394595715814,"ENSG00000243319.7","FGF14-IT1","lncRNA"
0.740952047365084,-1.71503295375776,0.599271666924108,-2.861862237807,0.00421159924668613,0.00847801276413781,"ENSG00000250538.6","AC104407.1","lncRNA"
0.631350476386754,-1.2660566332765,0.442412584411813,-2.86171026296577,0.00421361907673109,0.00848032702517743,"ENSG00000205632.4","LINC01310","lncRNA"
0.845749619190925,-1.52639348393731,0.533790897051323,-2.85953449631524,0.00424263272151702,0.00853389847978217,"ENSG00000234471.1","AC147651.1","lncRNA"
2.72652627929377,-1.06594458875762,0.373488061369281,-2.85402586859044,0.00431690160108903,0.00867169797495968,"ENSG00000282863.1","AC012560.1","lncRNA"
0.732252077742994,-1.13931252137468,0.399783197454227,-2.84982592722678,0.00437431622655139,0.00877666862847678,"ENSG00000224061.1","SRSF3P4","processed_pseudogene"
1.03402402886379,-1.04044812218044,0.365160073183618,-2.84929322395349,0.00438164771386288,0.00879047714386918,"ENSG00000234577.1","SYNE1-AS1","lncRNA"
0.406646527316252,-1.35206172783308,0.474653057047443,-2.84852632413982,0.00439222196114309,0.00880988454362039,"ENSG00000225827.1","SFTPA3P","processed_pseudogene"
0.807459047318314,-1.3114634630906,0.46124651734565,-2.84330268906467,0.00446486451143319,0.00894458676070711,"ENSG00000250342.1","SNRPCP16","processed_pseudogene"
1.45306261828182,-1.30242318565089,0.458227615045922,-2.84230618776734,0.00447884539370463,0.00897121719395248,"ENSG00000267653.1","AC002546.1","lncRNA"
0.522714502512152,-1.45940288540025,0.514022756224714,-2.83917952605632,0.00452297022561945,0.00905195574911404,"ENSG00000243914.1","RPL5P14","processed_pseudogene"
0.902548852169757,-1.14746184706236,0.404244236111396,-2.83853607437996,0.00453209961574492,0.00906813877709845,"ENSG00000180284.5","CNEP1R1P1","processed_pseudogene"
0.681050851360647,-1.91703761029685,0.675924075736328,-2.83617299503423,0.00456577074478138,0.00912944174829025,"ENSG00000236115.1","AL136097.2","lncRNA"
0.681663851524113,-1.45320114180497,0.513226238555678,-2.83150204068789,0.00463299379423253,0.00925250996029974,"ENSG00000252469.1","RNU7-160P","snRNA"
0.413867372097404,-1.75188528355525,0.619694182148483,-2.82701586366593,0.0046984000290392,0.00937404229522934,"ENSG00000204595.1","DPRX","protein_coding"
0.766510057121977,-1.34486911628124,0.47605113595439,-2.82505179529724,0.00472729736665531,0.00942592984736758,"ENSG00000275026.1","GXYLT1P4","transcribed_processed_pseudogene"
0.504153882089887,-1.35030894024959,0.478370196177061,-2.82272798564941,0.00476169529593952,0.00948726571412472,"ENSG00000248528.1","LINC02058","lncRNA"
1.21142033722702,-1.53553301068028,0.544247885320115,-2.82138535049541,0.00478167259828201,0.00952415913892769,"ENSG00000258859.1","LINC02296","lncRNA"
1.64528793505033,-1.617167564184,0.573386676928593,-2.82037868903151,0.00479670061003503,0.00955214715375474,"ENSG00000163285.8","GABRG1","protein_coding"
3.8256213259245,-1.07740234156588,0.382064001316801,-2.81995251542297,0.00480307563803394,0.00956386895949044,"ENSG00000242908.6","AADACL2-AS1","lncRNA"
1.83304504464852,-1.3402561777391,0.475885757077467,-2.81634017788207,0.00485742040724101,0.00966273793684856,"ENSG00000263438.6","LINC01919","lncRNA"
0.977941476944397,-1.22554145035349,0.43616212791813,-2.80983004233584,0.00495676678348553,0.00984185310556993,"ENSG00000228108.1","SPTBN1-AS1","lncRNA"
1.16412240308744,-1.3220612966297,0.472248470503694,-2.79950360711514,0.00511812447191529,0.0101349794398319,"ENSG00000253521.2","HPYR1","lncRNA"
0.754297661379716,-1.63483045195065,0.584937423415779,-2.79488093342353,0.00519188332006454,0.0102727201394269,"ENSG00000155087.4","ODF1","protein_coding"
2.07900005918282,-1.45905029143499,0.522328695651691,-2.79335656566711,0.0052164157160756,0.010317086852957,"ENSG00000255029.2","AC110058.1","lncRNA"
2.24512732586016,-1.17496292605934,0.421124706676421,-2.79005935161658,0.00526983801412983,0.0104106437465122,"ENSG00000215148.11","PRSS41","protein_coding"
11.0470182786854,-1.01529388363863,0.363977178304754,-2.78944380075538,0.00527986589601978,0.0104283480909121,"ENSG00000144834.14","TAGLN3","protein_coding"
3.73335754466114,-1.37419987649044,0.492851130942186,-2.78826564496946,0.00529910720174951,0.0104626552253726,"ENSG00000230710.2","LINC00332","lncRNA"
0.666134725583547,-1.1272382319423,0.405861693002708,-2.77739498793934,0.00547965435694817,0.0107815946621952,"ENSG00000257456.1","AC009320.1","lncRNA"
0.413313041335145,-1.5095652092019,0.543919547403848,-2.77534649454523,0.00551429239507726,0.0108442946884998,"ENSG00000199458.1","RNU4-35P","snRNA"
1.70851420537878,-1.01263527258992,0.365185158914425,-2.77293654430029,0.00555529522405742,0.0109167005178823,"ENSG00000284240.1","LINC02801","lncRNA"
0.956724899449416,-1.20995041613929,0.437302855229179,-2.7668477387489,0.00566011840347493,0.0111070705203539,"ENSG00000248942.3","LINC01335","lncRNA"
1.0788448867073,-1.11906461311921,0.405092211640828,-2.76249352853867,0.00573616988957106,0.0112416519231134,"ENSG00000254321.2","AC016813.1","lncRNA"
0.79371132754616,-1.11210644486255,0.40277147039287,-2.76113510169372,0.00576008433240028,0.0112800450410947,"ENSG00000255977.1","AC006927.1","processed_pseudogene"
4.14536258855776,-1.18185926599213,0.428144791590895,-2.76041958048956,0.00577271685009701,0.0113025209176997,"ENSG00000251623.2","AC139491.5","transcribed_processed_pseudogene"
1.26616508262466,-1.00632957824745,0.364928827185286,-2.75760505413978,0.00582265002518399,0.0113934452512989,"ENSG00000239774.1","AC125618.1","lncRNA"
0.393748735287116,-1.64100857668499,0.595131215064376,-2.75738952208628,0.005826489834284,0.0113992487228322,"ENSG00000257429.1","AC074031.1","lncRNA"
0.62961781046583,-1.54383836879438,0.559917612336052,-2.75725988034789,0.00582880056473128,0.0114026293505224,"ENSG00000279677.1","AL162377.2","TEC"
0.373537553889617,-1.41976279475939,0.515337460542041,-2.75501570032588,0.00586893191210948,0.0114748263541899,"ENSG00000261044.1","AP006547.1","lncRNA"
0.794742119758268,-1.357035670864,0.493409723436441,-2.75032210839438,0.00595367083841378,0.0116259840100788,"ENSG00000217684.2","RPS3AP24","processed_pseudogene"
0.360576406403467,-1.93924986513252,0.705681183321584,-2.74805381093573,0.00599501691960695,0.0116991326092729,"ENSG00000249000.1","AC093722.1","lncRNA"
0.719189561948145,-2.50821993124057,0.91335606293139,-2.74615786004695,0.00602977423873153,0.0117599230330843,"ENSG00000071203.9","MS4A12","protein_coding"
0.670261417270689,-1.15105630169804,0.419530749198222,-2.74367565166049,0.00607555345743164,0.0118415342104277,"ENSG00000248949.1","AC122719.1","lncRNA"
0.389739354741656,-1.45153896424851,0.529343225650144,-2.74215082750085,0.00610383069448691,0.0118902421914398,"ENSG00000202469.1","Y_RNA","misc_RNA"
0.796349422785663,-1.21859357612876,0.444527851963041,-2.74132109101248,0.00611926756698485,0.0119178309358792,"ENSG00000259832.1","CYP4A26P","unprocessed_pseudogene"
0.480231776686123,-1.46350990490693,0.535392136851732,-2.7335289485438,0.00626596150101138,0.0121702158880268,"ENSG00000287373.1","AL122014.1","lncRNA"
2.22522521375026,-1.21865713945151,0.445846801353231,-2.73335400355603,0.0062692910240862,0.0121754740713443,"ENSG00000275944.1","AC244100.3","lncRNA"
0.411822923193925,-1.82751979828046,0.669527573823456,-2.72956614444433,0.00634177254911569,0.012309518929536,"ENSG00000200998.1","Y_RNA","misc_RNA"
0.550573578127372,-1.5290594860834,0.561025968246851,-2.72547007202101,0.00642099973385725,0.0124472476263533,"ENSG00000279193.1","AC026336.4","TEC"
2.11707574475867,-1.15162667084016,0.423233648022668,-2.72101870023925,0.00650810797918508,0.0125948948236148,"ENSG00000242770.2","CD200R1L-AS1","lncRNA"
1.0336865980247,-1.0380885605249,0.382233759621889,-2.71584739545715,0.00661063813525346,0.0127768883172283,"ENSG00000278146.1","AC012409.4","lncRNA"
15186.3046115762,-1.06911631557207,0.394473665531931,-2.71023495099581,0.0067235561958416,0.0129746265657105,"ENSG00000096088.16","PGC","protein_coding"
0.647050466546614,-1.11724336283914,0.413280811440156,-2.70335164835235,0.00686440823966114,0.0132177521319841,"ENSG00000257119.1","EEF1B2P4","processed_pseudogene"
0.677262897577392,-1.31635407872132,0.487070806241394,-2.70259285067668,0.00688009652822591,0.0132440504351637,"ENSG00000283324.1","CTXND2","protein_coding"
0.487754624899809,-1.31615771329038,0.487466431471989,-2.69999661169696,0.00693401822497449,0.0133412856309114,"ENSG00000260861.6","AL049634.2","protein_coding"
1.29135629820747,-1.35390299667125,0.501691606273552,-2.69867579951701,0.00696159580826457,0.0133884211713373,"ENSG00000233451.1","AL513128.1","lncRNA"
0.56226895033654,-1.32811977681952,0.492320282088216,-2.69767430906197,0.00698257181446048,0.01342777890006,"ENSG00000277672.1","AC011603.4","processed_pseudogene"
0.438997541795783,-1.41303881700196,0.524033646377457,-2.69646582193724,0.00700795888742866,0.0134729507332205,"ENSG00000235881.2","AC114776.1","lncRNA"
0.735172572478497,-1.34695487526528,0.50076962078443,-2.68976954543558,0.00715013774218477,0.0137179858790661,"ENSG00000227922.1","SPTLC1P5","processed_pseudogene"
0.899295104887475,-1.03186978412268,0.383758243861879,-2.68885372660311,0.0071697828608076,0.0137523049422216,"ENSG00000249934.2","NCOA4P2","processed_pseudogene"
0.818626383613421,-1.39730405421652,0.519793818238264,-2.68818905725427,0.00718407092935659,0.0137749842971704,"ENSG00000283304.1","LINC02183","lncRNA"
0.358118735957031,-1.56813275501879,0.584399123801013,-2.68332495918103,0.00728941227680513,0.0139564532637079,"ENSG00000268473.1","AC092327.1","processed_pseudogene"
0.433380873889706,-1.70458440547793,0.635403188779001,-2.68268154076073,0.00730345003591945,0.0139805940395051,"ENSG00000233983.2","AL365220.1","processed_pseudogene"
0.635146309219934,-1.27163650133554,0.474345854066462,-2.68082136785656,0.00734417082826102,0.0140505517694012,"ENSG00000239922.2","AC092958.1","lncRNA"
2.34470277051837,-1.13654363496147,0.424204397106852,-2.67923586533496,0.00737903951807138,0.0141128638993964,"ENSG00000251011.6","TMEM108-AS1","lncRNA"
3.9699395579265,-1.01917739380126,0.380449987779567,-2.67887350910304,0.0073870293479411,0.0141267640218103,"ENSG00000228792.3","AL356310.1","lncRNA"
0.595034834500066,-1.17499611074932,0.438997778123995,-2.67654227265233,0.00743861813487817,0.014221251037518,"ENSG00000233535.1","AC003035.2","lncRNA"
0.733179736185,-1.15197579464892,0.430952134866056,-2.67309453057231,0.00751550690096061,0.0143570250215529,"ENSG00000249834.3","PGBD4P3","processed_pseudogene"
1.27245930577009,-1.19814619343536,0.448589765299354,-2.67091736396574,0.00756442666842771,0.0144413123853366,"ENSG00000248870.1","AC026782.2","lncRNA"
15.7036017254884,-1.28734458871934,0.482750585400445,-2.66668674808852,0.00766030345222854,0.0146093836820916,"ENSG00000197838.5","CYP2A13","protein_coding"
0.453235859767991,-1.8512116625697,0.695198321403234,-2.66285404549466,0.00774810132034186,0.0147595634683233,"ENSG00000253805.1","AC245164.1","lncRNA"
2.29355219698096,-1.10674851728784,0.415629866939884,-2.66282239396408,0.0077488301184435,0.0147601975385917,"ENSG00000254799.1","SLC25A47P1","processed_pseudogene"
0.61840468145786,-1.18003249138827,0.443365492646245,-2.66153435700464,0.00777854021139711,0.0148117789300331,"ENSG00000212176.1","RNA5SP207","rRNA_pseudogene"
0.756582379695744,-1.02973680577861,0.387151722950513,-2.65977585720374,0.00781926687363607,0.0148820881338644,"ENSG00000216721.3","AC093850.1","processed_pseudogene"
0.537678435519804,-1.04881211570871,0.394875449038422,-2.65605805137473,0.00790600034027938,0.0150325412689734,"ENSG00000235875.3","ARHGEF7-AS2","lncRNA"
0.516167395427842,-1.47523255829961,0.555597117139504,-2.65521996567379,0.00792567083762135,0.0150670144552546,"ENSG00000212556.1","Y_RNA","misc_RNA"
0.597629713325555,-1.17749823373392,0.443599372727228,-2.65441816676773,0.00794453067223539,0.0150999334435226,"ENSG00000253282.1","AP001330.1","lncRNA"
0.690583151204316,-1.2827004317623,0.483667544128766,-2.65202916204112,0.00800096311970041,0.015191697211752,"ENSG00000242941.1","RPL12P7","processed_pseudogene"
2.5072517080976,-1.7399861185787,0.657568255619645,-2.64609202726653,0.00814276606762291,0.0154385343438111,"ENSG00000256654.4","AC005906.2","lncRNA"
0.612389256282648,-1.43939525960829,0.544178469259979,-2.64507940118562,0.00816717500457078,0.015477999084844,"ENSG00000233721.1","AL356309.2","lncRNA"
0.784263558299646,-1.01255142050422,0.383288661711078,-2.64174634330165,0.00824798018336488,0.0156167664661175,"ENSG00000264250.2","RN7SL835P","misc_RNA"
0.453828150462456,-1.29369291053558,0.490024206189819,-2.64005919339104,0.00828915478416631,0.0156894125887207,"ENSG00000164729.7","SLC35G3","protein_coding"
0.99351894218286,-1.15188138536318,0.436399323351461,-2.63951230839901,0.00830254083047953,0.0157124691801274,"ENSG00000225243.5","AL021026.1","lncRNA"
0.796337493081251,-1.10042204146954,0.417675186004615,-2.63463590450733,0.00842275777061086,0.0159245752679989,"ENSG00000250945.1","AC096773.1","lncRNA"
1.21992654628062,-1.10165458088484,0.418457419517667,-2.63265634566751,0.00847200203743494,0.0160053064127295,"ENSG00000272519.1","AC079610.2","lncRNA"
0.665586609797757,-1.8910533871661,0.718337222428951,-2.63254266676003,0.0084748377590529,0.0160091178541877,"ENSG00000252351.1","RNU6ATAC12P","snRNA"
0.532909416201837,-1.24753406814469,0.476223154216451,-2.61964177318784,0.00880221764240647,0.0165747355067132,"ENSG00000228868.3","MYLKP1","unprocessed_pseudogene"
1.80276925078332,-1.06757466081435,0.4080999452026,-2.61596374457821,0.00889760046331592,0.0167446738676485,"ENSG00000151838.12","CCDC175","protein_coding"
0.609410362347172,-1.06240005766168,0.406466228373231,-2.61374742475813,0.00895552136631261,0.016846385279549,"ENSG00000243749.1","TMEM35B","protein_coding"
0.698165372322788,-1.24325224988495,0.475857459179496,-2.61265684902502,0.00898414570226316,0.0168953578179191,"ENSG00000225126.1","CAMTA1-AS1","lncRNA"
0.622027900039205,-1.08126059554204,0.414177820150666,-2.61061926287773,0.00903784522488356,0.0169800231176742,"ENSG00000240874.1","AC025271.1","processed_pseudogene"
0.541929950322033,-1.34118055914801,0.515567713584166,-2.60136646227181,0.00928532069312947,0.0174008930017508,"ENSG00000234632.1","NECAP1P2","processed_pseudogene"
0.614131568724944,-1.03861820158005,0.399684753447038,-2.59859349805717,0.00936065492851969,0.0175359913829904,"ENSG00000231164.1","RPL7P56","processed_pseudogene"
0.447107715364178,-1.13651512373958,0.437584988284022,-2.59724431634731,0.00939750550660416,0.0175991284029159,"ENSG00000236582.1","PRPF38AP2","processed_pseudogene"
1.64540621508449,-1.11399871427842,0.429982652725915,-2.59079920367979,0.00957533434647738,0.0179081588831433,"ENSG00000256011.1","AC007688.3","lncRNA"
0.835112264356653,-1.33574338563967,0.517354932289558,-2.58187039935683,0.00982664792171977,0.0183334871662447,"ENSG00000182334.3","OR5P3","protein_coding"
1.64850879037115,-1.55599455627939,0.603597316195435,-2.57786857981254,0.00994117984068083,0.0185321475082503,"ENSG00000287740.1","AC115485.1","lncRNA"
0.773178384385834,-1.17106383743018,0.455196345317543,-2.57265650191732,0.010092131602634,0.018785805429677,"ENSG00000266297.1","MIR744","miRNA"
0.633622676476088,-1.30993247155373,0.511295338993512,-2.56198789946402,0.0104074944519224,0.0193268633920925,"ENSG00000258538.5","AL133279.1","lncRNA"
0.513409030081164,-1.19461713566764,0.467368047883879,-2.5560522185386,0.0105867230351571,0.0196289532854174,"ENSG00000274269.1","AL031665.1","lncRNA"
0.590253710375636,-1.193668166825,0.467173883629252,-2.55508325412361,0.0106162402463657,0.0196784756723834,"ENSG00000239873.2","GAPDHP27","processed_pseudogene"
0.553325216050996,-1.31704999139192,0.515805300458388,-2.55338591949614,0.0106681219699648,0.0197630204424889,"ENSG00000139648.7","KRT71","protein_coding"
0.522842893399865,-1.58150804294763,0.619515444393029,-2.55281455411836,0.0106856373124253,0.0197926570894876,"ENSG00000234303.3","CLYBL-AS1","lncRNA"
0.335763494407264,-1.58360664597292,0.623479604985111,-2.53994939579577,0.011086850897499,0.0204564109048487,"ENSG00000215117.6","LINC00588","lncRNA"
0.376311609176163,-1.71710273766099,0.676311480472762,-2.53892294784155,0.0111194309555242,0.020512655700576,"ENSG00000227907.1","AL158837.1","lncRNA"
0.711730076692286,-1.18870848933874,0.468889860976022,-2.53515502950816,0.011239757158163,0.0207063197286417,"ENSG00000225476.1","MTCO3P5","processed_pseudogene"
0.714494942517953,-1.17018734934648,0.463288032644324,-2.52583116094616,0.0115424938641391,0.0212081198007995,"ENSG00000273006.1","AC009229.3","lncRNA"
0.371592955418472,-1.85046906129334,0.732883026712588,-2.52491733857418,0.0115725506211604,0.021259353004865,"ENSG00000218698.1","ST13P16","processed_pseudogene"
0.375199309973067,-1.28798560123886,0.511376358269484,-2.51866473764537,0.0117800763159761,0.0216050884102204,"ENSG00000226298.1","RAD23BP3","processed_pseudogene"
0.524849561485133,-1.23785326755472,0.491524370016113,-2.51839652938091,0.0117890515963411,0.0216205360648838,"ENSG00000207462.1","RNU6-376P","snRNA"
1.41639059230353,-1.00519868693181,0.399432540960485,-2.51656683883261,0.0118504420600715,0.0217219246886199,"ENSG00000255858.3","AC055720.1","lncRNA"
0.451598372056047,-1.41642066145175,0.565635397132087,-2.50412309525422,0.0122755317487975,0.0224443431857862,"ENSG00000164451.13","CALHM4","protein_coding"
166.791189994189,-1.04706089866591,0.41858849264048,-2.50140870347627,0.0123700331700638,0.0226065649158306,"ENSG00000169035.12","KLK7","protein_coding"
0.598165350571383,-1.13898583004808,0.455615239394878,-2.49988527943187,0.0124233529414971,0.0226976479574995,"ENSG00000235525.1","FTLP1","processed_pseudogene"
0.670927026899066,-1.28924461733052,0.516066785391432,-2.49821273878852,0.0124821261066878,0.0227805641845436,"ENSG00000287586.1","Z98886.1","lncRNA"
0.748460118654067,-1.49886682262281,0.600693173032831,-2.49522866233888,0.0125875984786744,0.0229505785140718,"ENSG00000273044.1","AL022334.2","lncRNA"
1.47704473533796,-1.05407485321908,0.422722823891777,-2.49353664776081,0.0126477527235468,0.0230441501059324,"ENSG00000248583.1","AC119751.3","unprocessed_pseudogene"
1.00249206757584,-1.04005455976404,0.417539064100425,-2.49091557937173,0.0127414390204523,0.0231986436957621,"ENSG00000231165.3","TRBV26OR9-2","TR_V_pseudogene"
1.28563125166051,-1.11895744561202,0.449527199745443,-2.48918740900587,0.0128035454555599,0.0232965468809409,"ENSG00000269228.1","RPS27AP19","processed_pseudogene"
0.3334625149041,-1.48807509615273,0.597949355974109,-2.48863065288954,0.0128236109555942,0.0233276333179935,"ENSG00000236062.1","GSTM5P1","processed_pseudogene"
0.902490526708678,-1.0349532664496,0.416903142282813,-2.48247892971631,0.0130471783733741,0.0237034744848184,"ENSG00000225376.6","TMEM246-AS1","lncRNA"
0.405140099393502,-1.43186188783245,0.57685872802794,-2.48217079548652,0.0130584667751271,0.0237217800184531,"ENSG00000241151.1","LINC02066","lncRNA"
13.1475242229524,-1.52071634317355,0.61286229503063,-2.48133447840441,0.0130891485414781,0.0237731014888178,"ENSG00000206072.13","SERPINB11","protein_coding"
0.324147781957765,-1.83310824343576,0.739043216044091,-2.48038031286981,0.0131242316335441,0.0238279732776046,"ENSG00000286022.1","AL121899.2","protein_coding"
0.93697459635312,-1.10480514407152,0.445629459962595,-2.47920131708585,0.0131676961993582,0.0238991243032044,"ENSG00000232913.8","PLCE1-AS2","lncRNA"
1.3105389079653,-1.26451514850929,0.510704577956662,-2.47602078205102,0.0132855844642667,0.0240873931182513,"ENSG00000235637.1","AC069023.1","lncRNA"
0.6145870295207,-1.18621720176409,0.479103922934504,-2.47590792932466,0.0132897844980412,0.0240916592788312,"ENSG00000240579.1","AC006529.1","processed_pseudogene"
0.480464366498638,-1.19171746161155,0.481376503264641,-2.47564526629251,0.0132995645592745,0.0241057327742775,"ENSG00000249169.1","AC026780.1","lncRNA"
0.917112842689991,-1.02724170992666,0.414957218021456,-2.47553642957368,0.013303618876899,0.0241111532708968,"ENSG00000239944.1","TRBV8-2","TR_V_pseudogene"
0.544679631194826,-1.69188001261642,0.683686058495204,-2.47464459980398,0.0133368819399116,0.0241669612035509,"ENSG00000256079.1","FAM133GP","processed_pseudogene"
1.31315447685984,-1.23887576815982,0.500994054893522,-2.47283526832094,0.0134045915028533,0.0242739168910247,"ENSG00000152954.12","NRSN1","protein_coding"
0.601681158608475,-1.24385669510994,0.503506998606132,-2.47038610893857,0.01349672884945,0.0244260705118781,"ENSG00000201852.1","RNU6-702P","snRNA"
0.702012429705763,-1.40186988804626,0.567607125588109,-2.4697890932813,0.0135192732265922,0.0244634765609146,"ENSG00000232965.1","RPS12P18","processed_pseudogene"
4.74274709241592,-1.03021058858024,0.417632399227601,-2.46678799462299,0.0136331048205674,0.0246557759732691,"ENSG00000103546.18","SLC6A2","protein_coding"
0.54646088169979,-1.0854966429924,0.440841516753609,-2.46232852791651,0.0138038160829955,0.0249337313712057,"ENSG00000248586.2","AC025470.1","processed_pseudogene"
0.455051192855829,-1.08441009584101,0.440712322552615,-2.46058492206455,0.0138710740352262,0.025040661099509,"ENSG00000215278.4","RPS7P6","processed_pseudogene"
0.541754263040678,-1.48099570541638,0.602707663702544,-2.45723722230169,0.0140010198981053,0.0252441556297635,"ENSG00000267098.2","AC113137.1","lncRNA"
0.561740806040095,-1.57704583544893,0.642286293983453,-2.45536274122885,0.0140742489131633,0.0253668386633962,"ENSG00000268101.2","CYP2G2P","unprocessed_pseudogene"
0.538782938488503,-1.30412995883743,0.531458589216941,-2.4538693800376,0.0141328306976404,0.0254536658548979,"ENSG00000250493.2","AP004147.1","lncRNA"
0.341420105621323,-1.63987794662239,0.670167977878798,-2.44696553812209,0.0144064613079381,0.0259047531219982,"ENSG00000244107.3","RN7SL250P","misc_RNA"
0.505850993839609,-1.03272024384728,0.42237382578017,-2.44503844891368,0.0144836700356207,0.0260268411170038,"ENSG00000272988.1","AC022392.1","lncRNA"
0.870532944873867,-1.02339610066945,0.419597445395516,-2.43899506991705,0.0147281691886802,0.0264200966591292,"ENSG00000260035.1","AC051619.7","lncRNA"
0.562156201965723,-1.24167118746026,0.509389710811821,-2.43756628982826,0.0147865028323607,0.0265101549680705,"ENSG00000249955.2","AC084866.1","lncRNA"
0.986631078562169,-1.3592674504163,0.557753219641114,-2.43704097538142,0.0148080012908646,0.0265426182269628,"ENSG00000284600.1","AC093390.2","lncRNA"
0.85236296531475,-1.06880376679195,0.439555068712455,-2.43155827988217,0.0150340294561805,0.0269132442769477,"ENSG00000226989.1","AL049758.1","processed_pseudogene"
0.744466384010731,-1.29177977786865,0.532263186759959,-2.4269568326378,0.0152260674016945,0.0272134485930258,"ENSG00000254475.1","OR2AT1P","unprocessed_pseudogene"
0.460864855219263,-1.32487900256238,0.546571652113292,-2.42398045606611,0.0153514316268285,0.0274174747142595,"ENSG00000279096.2","AL356289.2","TEC"
0.723044617027437,-1.39842400493697,0.580907509378402,-2.40730922282851,0.0160705561976804,0.0285545536289983,"ENSG00000279444.1","AC135584.1","TEC"
0.40946019913721,-1.15052073114498,0.479895318302776,-2.39744104029599,0.0165100377956546,0.0292589188185959,"ENSG00000237868.1","AC097533.1","processed_pseudogene"
0.611729283375774,-1.17597784494784,0.490866119191914,-2.39572013420642,0.0165877503022502,0.0293854523553512,"ENSG00000172410.4","INSL5","protein_coding"
0.543686081165898,-1.14427301830253,0.47831151572206,-2.39231751837531,0.0167423513071844,0.0296311600633846,"ENSG00000232084.5","LINC01104","lncRNA"
0.585660034351191,-1.2877367580562,0.538367689023571,-2.39192801557565,0.016760129170763,0.0296599409633288,"ENSG00000252984.1","RNU6-844P","snRNA"
0.326681941825655,-1.22162600649607,0.511411646701405,-2.3887332530957,0.0169065724826651,0.0298907101531275,"ENSG00000276568.1","Metazoa_SRP","misc_RNA"
0.376604874501109,-1.77488523161493,0.743724776195399,-2.3864812473971,0.0170104748798286,0.0300513269761884,"ENSG00000277912.1","MIR8089","miRNA"
0.39050616247274,-1.52473694358351,0.642419747306024,-2.37342788726136,0.0176238340894373,0.0310368250114209,"ENSG00000253357.1","AC008708.1","lncRNA"
1.66874230083406,-1.03395153087174,0.436324138643403,-2.36968675188692,0.0178031615825142,0.0313230302542765,"ENSG00000237531.6","AL672277.1","lncRNA"
0.709683418854466,-1.10127631823851,0.465240555108887,-2.36711160741514,0.0179275256759819,0.0315134992689838,"ENSG00000262962.1","KARS1P3","unprocessed_pseudogene"
0.485228059931218,-1.54265631904333,0.653873990579917,-2.35925628067138,0.0183116047313879,0.0321409977906137,"ENSG00000250778.1","AC004980.4","unprocessed_pseudogene"
0.890527669528532,-1.06630056422634,0.452303402185806,-2.35748959453615,0.0183989709431648,0.0322697383343185,"ENSG00000286610.1","AL356433.1","lncRNA"
0.784423921072931,-1.09766774700513,0.468005631399663,-2.34541568169242,0.0190058768981558,0.0332269565697955,"ENSG00000222973.1","RNU2-25P","snRNA"
0.588472841058914,-1.02980231504199,0.440288593019007,-2.33892572137916,0.0193392780472207,0.0337434917405713,"ENSG00000170276.6","HSPB2","protein_coding"
1.29185052106442,-1.10235058683714,0.471572994994914,-2.33760329479644,0.0194078368742981,0.0338540571804109,"ENSG00000258565.1","BLZF2P","unprocessed_pseudogene"
1.34989367244621,-1.03537703013695,0.444197696236068,-2.33089239073113,0.0197590346240983,0.0343976681144047,"ENSG00000200397.1","Y_RNA","misc_RNA"
1.38991677488728,-1.0047424463815,0.431095391179116,-2.33067313392835,0.0197706018780617,0.0344162739485934,"ENSG00000228100.2","LINC01820","lncRNA"
0.416891076564886,-1.16480271327108,0.499884205061343,-2.33014506455178,0.0197984853214019,0.034461746768906,"ENSG00000253965.1","AC008438.2","lncRNA"
0.324980723493988,-1.25824512511821,0.540946491922449,-2.32600662710017,0.0200181971456543,0.0348101174290806,"ENSG00000287307.1","AC005772.2","lncRNA"
1.1919107579449,-1.10268037132521,0.476062088319516,-2.31625327531886,0.0205444438858083,0.0356333776736653,"ENSG00000253142.1","AC037441.2","lncRNA"
0.504321077831217,-1.19199236014894,0.516732268879407,-2.30678908970387,0.0210665807711182,0.0364501402615241,"ENSG00000229562.1","ZFYVE9P1","processed_pseudogene"
0.617170981343993,-1.2052582949226,0.523835009286057,-2.30083570887189,0.0214009192090992,0.0369730405991727,"ENSG00000184108.8","TRIML1","protein_coding"
6.46958764288693,-1.07671085436554,0.468198122889759,-2.29969066881342,0.0214657511510825,0.037080135447535,"ENSG00000286339.1","Z99496.1","lncRNA"
0.580285834009916,-1.06523022042152,0.465174386458726,-2.28995888731298,0.0220237000355768,0.0379534683618335,"ENSG00000240925.1","RPS20P31","processed_pseudogene"
0.328763748669866,-1.52767844728841,0.667853039320342,-2.28744702403854,0.0221697442258509,0.038173205196769,"ENSG00000277073.1","MIR6131","miRNA"
0.364821916273122,-1.31953788681736,0.577788671832136,-2.28377251259215,0.0223849039123315,0.038513176002174,"ENSG00000236665.1","AC114808.2","lncRNA"
0.870720149649952,-1.76630606485664,0.773874582178803,-2.28241901922105,0.022464613513285,0.0386248425409006,"ENSG00000229311.1","BX088651.2","lncRNA"
0.80542835619662,-1.02495781690526,0.449144239880738,-2.28202373735756,0.0224879388586643,0.0386581529446204,"ENSG00000182021.10","AL591379.1","transcribed_unprocessed_pseudogene"
0.852868168082263,-1.466072204373,0.642939306086624,-2.28026532286,0.0225919571574642,0.0388165038651474,"ENSG00000263611.2","AC068408.1","lncRNA"
0.403499885672487,-1.48907168501606,0.653342480616849,-2.27915944423231,0.0226575889369189,0.0389224334997399,"ENSG00000181963.5","OR52K2","protein_coding"
0.425910230753966,-1.3840469416151,0.608476311174462,-2.27461105091118,0.0229292725962111,0.0393304416763396,"ENSG00000274893.1","AL136317.2","lncRNA"
1.24676708176234,-1.42395848983579,0.626820451557248,-2.27171670340073,0.0231036266590034,0.0396017352837821,"ENSG00000248300.1","LINC02360","lncRNA"
0.466899979396285,-1.44694920334975,0.637288538154538,-2.27047736891648,0.0231786348895321,0.0397146493503057,"ENSG00000223863.1","LINC01805","lncRNA"
0.38786234224041,-1.73936906375297,0.768389410627856,-2.26365569292752,0.0235952995858903,0.0403561199394848,"ENSG00000250356.1","HSPE1P23","processed_pseudogene"
0.478507817494401,-1.64089582343855,0.725072637190578,-2.26307784802981,0.0236308908289262,0.0404099282885422,"ENSG00000282692.1","AC129915.3","lncRNA"
0.399329585920679,-1.74469539374972,0.771122917172979,-2.26253863670135,0.0236641445175013,0.0404597212004345,"ENSG00000147081.15","AKAP4","protein_coding"
0.54112821937729,-1.30084839110114,0.575691859421092,-2.25962616947416,0.0238444620073083,0.0407448752317895,"ENSG00000267028.1","TCF4-AS1","lncRNA"
2.78472964134698,-1.80750880238635,0.799950890593324,-2.25952470788015,0.0238507651503863,0.0407520867653378,"ENSG00000268940.5","CT45A1","protein_coding"
0.402936566037298,-1.25653803092529,0.556725959100852,-2.25701354568536,0.0240072283679555,0.0409872100029,"ENSG00000270947.1","AC025811.1","lncRNA"
0.434494268353773,-1.07910940222555,0.479556606185272,-2.25022320265702,0.0244347801181815,0.0416390445849654,"ENSG00000284614.1","AF228730.4","unprocessed_pseudogene"
0.5071775785744,-1.40871154332048,0.628854520340292,-2.24012310917028,0.0250829316610691,0.0426210516665637,"ENSG00000275015.1","AL353149.1","unprocessed_pseudogene"
1.99935771226139,-1.05392033726515,0.470519925683579,-2.23990585676897,0.0250970353449385,0.0426413134506878,"ENSG00000251076.1","AC104126.1","lncRNA"
0.60817994036365,-1.2817420283698,0.573071241265663,-2.23661900314347,0.0253112518353294,0.0429642387354477,"ENSG00000276538.1","AC092666.2","unprocessed_pseudogene"
0.440613568666396,-1.0367750832909,0.467293621787393,-2.21868015087655,0.0265084923470119,0.0447808588340064,"ENSG00000226556.2","NPM1P49","processed_pseudogene"
9.03771420366623,-1.04435177758281,0.471483809967616,-2.21503210821713,0.0267578607450947,0.0451404638942469,"ENSG00000111262.6","KCNA1","protein_coding"
0.382770058121765,-1.08915854509691,0.491958643376714,-2.21392297860878,0.0268340777273732,0.0452605299805966,"ENSG00000288556.1","AL158157.1","transcribed_processed_pseudogene"
0.592526791547381,-1.14072689784804,0.515352002290843,-2.21349076510284,0.0268638292203052,0.0453068055003777,"ENSG00000239677.6","PDZRN3-AS1","lncRNA"
0.425801902436804,-1.13438284455564,0.514113958156595,-2.2064813190894,0.0273503168111905,0.0460360137275764,"ENSG00000253292.1","MIOXP1","processed_pseudogene"
0.905899807047448,-1.03341587049576,0.46899670590903,-2.20346082920294,0.0275622848934122,0.0463569057923198,"ENSG00000264720.3","MIR3117","miRNA"
39.3613569127232,-1.01645003176839,0.461515854953596,-2.20241627857095,0.0276359170426826,0.0464667670604224,"ENSG00000256618.2","MTRNR2L1","protein_coding"
0.426400053686501,-1.3001806243091,0.591114263073367,-2.19954195919602,0.0278394090271785,0.0467724098600674,"ENSG00000284646.1","AL031291.1","lncRNA"
5.37592573166627,-1.00787398391108,0.46035996275387,-2.18931719839838,0.0285737931842813,0.0478873228444092,"ENSG00000257703.6","AC068643.1","lncRNA"
2.6918440838321,-1.36176590056362,0.62233271740652,-2.18816376268724,0.0286576756628204,0.0480052870874069,"ENSG00000228674.4","PPIAP59","processed_pseudogene"
0.385536217689645,-1.44220413390011,0.659640631130125,-2.18634824151032,0.0287901372390951,0.0482024157240729,"ENSG00000219870.2","BRK1P1","processed_pseudogene"
0.418966154161389,-1.50133372824109,0.687074878242387,-2.18510933201584,0.0288808311804377,0.0483397837769669,"ENSG00000280436.1","CR392039.4","unprocessed_pseudogene"
0.580438674417456,-1.2448947207799,0.570613965806768,-2.1816758708662,0.0291334629531397,0.0487084613894172,"ENSG00000241213.2","LINC02024","lncRNA"
0.824899738398194,-1.33390252406857,0.613748525546446,-2.17336982256852,0.0297524942104648,0.0496500853319842,"ENSG00000214161.3","SDC4P","processed_pseudogene"
