"ID","Description","GeneRatio","BgRatio","pvalue","p.adjust","qvalue","Count"
"GO:0045229","external encapsulating structure organization","160/4843","333/18860",7.35215652495722e-19,2.93286891512914e-15,2.34273256462424e-15,160
"GO:0030198","extracellular matrix organization","159/4843","331/18860",9.74763470227073e-19,2.93286891512914e-15,2.34273256462424e-15,159
"GO:0043062","extracellular structure organization","159/4843","332/18860",1.40239189438754e-18,2.93286891512914e-15,2.34273256462424e-15,159
"GO:0042391","regulation of membrane potential","198/4843","474/18860",7.92714385920527e-15,1.24337251431635e-11,9.9318768193885e-12,198
"GO:0019730","antimicrobial humoral response","94/4843","184/18860",1.19446441908338e-13,1.49881395306583e-10,1.19723054721179e-10,94
"GO:0098742","cell-cell adhesion via plasma-membrane adhesion molecules","127/4843","279/18860",4.40979326091083e-13,4.61117381982576e-10,3.68333784477131e-10,127
"GO:0006959","humoral immune response","136/4843","307/18860",8.16819936354219e-13,7.32104040098053e-10,5.84793942403374e-10,136
"GO:0016064","immunoglobulin mediated immune response","97/4843","203/18860",8.22047864528713e-12,6.19590629152712e-09,4.94919884132688e-09,97
"GO:0019724","B cell mediated immunity","98/4843","206/18860",8.88797523489704e-12,6.19590629152712e-09,4.94919884132688e-09,98
"GO:0030900","forebrain development","168/4843","419/18860",4.74247024970742e-11,2.97542583466643e-08,2.37672640619548e-08,168
"GO:0007411","axon guidance","109/4843","243/18860",5.96027579657356e-11,3.39952457706387e-08,2.71549024569251e-08,109
"GO:0048562","embryonic organ morphogenesis","131/4843","308/18860",6.66047731254265e-11,3.48231955490771e-08,2.78162565658031e-08,131
"GO:0097485","neuron projection guidance","109/4843","244/18860",8.07516144391681e-11,3.89719714608724e-08,3.1130237760719e-08,109
"GO:0019731","antibacterial humoral response","47/4843","78/18860",1.1099359627362e-10,4.97409873586211e-08,3.97323693126847e-08,47
"GO:0007389","pattern specification process","186/4843","486/18860",4.32517885021277e-10,1.80907814041566e-07,1.4450650179553e-07,186
"GO:0007586","digestion","73/4843","148/18860",5.06968084724706e-10,1.98794860222675e-07,1.58794411274627e-07,73
"GO:0022617","extracellular matrix disassembly","43/4843","72/18860",1.01794904528659e-09,3.48650610595056e-07,2.78496981199446e-07,43
"GO:0098659","inorganic cation import across plasma membrane","69/4843","139/18860",1.05584341748582e-09,3.48650610595056e-07,2.78496981199446e-07,69
"GO:0099587","inorganic ion import across plasma membrane","69/4843","139/18860",1.05584341748582e-09,3.48650610595056e-07,2.78496981199446e-07,69
"GO:0008037","cell recognition","80/4843","172/18860",2.6459700698315e-09,8.19505175505347e-07,6.54608684224109e-07,80
"GO:0048706","embryonic skeletal system development","67/4843","136/18860",2.74300425336504e-09,8.19505175505347e-07,6.54608684224109e-07,67
"GO:0050878","regulation of body fluid levels","152/4843","389/18860",3.30612320985202e-09,9.29921099912152e-07,7.42807301089166e-07,152
"GO:0035725","sodium ion transmembrane transport","85/4843","187/18860",3.40901901466042e-09,9.29921099912152e-07,7.42807301089166e-07,85
"GO:0007156","homophilic cell adhesion via plasma membrane adhesion molecules","78/4843","168/18860",4.60070455430855e-09,1.20270084890549e-06,9.60699753643115e-07,78
"GO:0051899","membrane depolarization","53/4843","100/18860",4.82771544597404e-09,1.21156346832165e-06,9.67779083717154e-07,53
"GO:0007088","regulation of mitotic nuclear division","60/4843","119/18860",5.95865167599814e-09,1.38297360283486e-06,1.10469897875892e-06,60
"GO:0098739","import across plasma membrane","95/4843","218/18860",6.16227576835635e-09,1.38297360283486e-06,1.10469897875892e-06,95
"GO:0014706","striated muscle tissue development","164/4843","430/18860",6.17202117937139e-09,1.38297360283486e-06,1.10469897875892e-06,164
"GO:0060537","muscle tissue development","171/4843","453/18860",7.04119621276311e-09,1.52332638065089e-06,1.21681071393703e-06,171
"GO:0006936","muscle contraction","145/4843","372/18860",9.12510188125374e-09,1.90836297343287e-06,1.52437228268944e-06,145
"GO:0071466","cellular response to xenobiotic stimulus","89/4843","202/18860",9.66502520052882e-09,1.95607639058445e-06,1.56248505873405e-06,89
"GO:0071805","potassium ion transmembrane transport","91/4843","208/18860",1.00952473635722e-08,1.97929943622038e-06,1.58103528611735e-06,91
"GO:0048704","embryonic skeletal system morphogenesis","50/4843","94/18860",1.11416002611589e-08,2.11825454662154e-06,1.69203058511571e-06,50
"GO:0071459","protein localization to chromosome, centromeric region","28/4843","41/18860",1.23667335781245e-08,2.22520065535164e-06,1.77745756423824e-06,28
"GO:0006821","chloride transport","63/4843","129/18860",1.24134559989333e-08,2.22520065535164e-06,1.77745756423824e-06,63
"GO:0061844","antimicrobial humoral immune response mediated by antimicrobial peptide","65/4843","135/18860",1.49259804121578e-08,2.6012666973855e-06,2.07785358895565e-06,65
"GO:0031589","cell-substrate adhesion","143/4843","369/18860",1.77624424964394e-08,3.01193416818002e-06,2.40588872618913e-06,143
"GO:0006813","potassium ion transport","101/4843","240/18860",1.90383337368918e-08,3.14332910171735e-06,2.51084506707319e-06,101
"GO:0043269","regulation of monoatomic ion transport","168/4843","449/18860",1.9565978985016e-08,3.14761415774334e-06,2.51426790681946e-06,168
"GO:0007409","axonogenesis","175/4843","472/18860",2.12545497089069e-08,3.33377612184205e-06,2.66297134642384e-06,175
"GO:0043270","positive regulation of monoatomic ion transport","85/4843","194/18860",2.81150554336204e-08,4.30228921440328e-06,3.43660536378605e-06,85
"GO:0061644","protein localization to CENP-A containing chromatin","16/4843","18/18860",3.0929715096775e-08,4.56312992807998e-06,3.64496109048014e-06,16
"GO:0015698","inorganic anion transport","78/4843","174/18860",3.12742408204398e-08,4.56312992807998e-06,3.64496109048014e-06,78
"GO:0003012","muscle system process","178/4843","485/18860",3.73389442228698e-08,5.32419400123376e-06,4.25288788146132e-06,178
"GO:0045165","cell fate commitment","121/4843","304/18860",3.85807581640486e-08,5.37901503824979e-06,4.29667811974351e-06,121
"GO:0006814","sodium ion transport","105/4843","255/18860",3.94508729188586e-08,5.38075601506346e-06,4.29806878642302e-06,105
"GO:0051216","cartilage development","92/4843","216/18860",4.05516063683961e-08,5.41320805011313e-06,4.32399099484734e-06,92
"GO:0060078","regulation of postsynaptic membrane potential","70/4843","152/18860",4.18849414828953e-08,5.47471089299345e-06,4.37311856140493e-06,70
"GO:0048705","skeletal system morphogenesis","97/4843","232/18860",5.29325105045578e-08,6.77752185521624e-06,5.41378480155102e-06,97
"GO:0001508","action potential","79/4843","179/18860",5.85550154535237e-08,7.34748333910816e-06,5.86906165419424e-06,79
"GO:0002449","lymphocyte mediated immunity","147/4843","388/18860",6.06768311178991e-08,7.46443996928822e-06,5.96248489065671e-06,147
"GO:0003002","regionalization","163/4843","440/18860",6.85251781308988e-08,8.26782629987036e-06,6.60421807856699e-06,163
"GO:0050673","epithelial cell proliferation","180/4843","496/18860",7.8322891951701e-08,9.27165705858438e-06,7.40606332834257e-06,180
"GO:0042445","hormone metabolic process","101/4843","246/18860",8.4307526082697e-08,9.79528553042298e-06,7.82433005223627e-06,101
"GO:1900047","negative regulation of hemostasis","32/4843","53/18860",9.7179736872511e-08,1.10855576206933e-05,8.8549804258378e-06,32
"GO:0007188","adenylate cyclase-modulating G protein-coupled receptor signaling pathway","112/4843","281/18860",1.11935886691707e-07,1.25408170197102e-05,1.00174202356996e-05,112
"GO:0009410","response to xenobiotic stimulus","163/4843","443/18860",1.1470532916776e-07,1.26256357052373e-05,1.00851721545282e-05,163
"GO:0042060","wound healing","166/4843","453/18860",1.20025230532425e-07,1.28555922915062e-05,1.02688580943679e-05,166
"GO:0090596","sensory organ morphogenesis","118/4843","300/18860",1.20892563786877e-07,1.28555922915062e-05,1.02688580943679e-05,118
"GO:0007548","sex differentiation","117/4843","297/18860",1.23924288497791e-07,1.29583497672523e-05,1.03509392550523e-05,117
"GO:0022600","digestive system process","56/4843","116/18860",1.29402454117092e-07,1.33093606086989e-05,1.06313215539512e-05,56
"GO:0051783","regulation of nuclear division","67/4843","147/18860",1.32054290065751e-07,1.33630421914923e-05,1.06742016129549e-05,67
"GO:0021953","central nervous system neuron differentiation","100/4843","245/18860",1.37079623941343e-07,1.36513898509204e-05,1.09045294834542e-05,100
"GO:0002443","leukocyte mediated immunity","176/4843","488/18860",1.76758011238768e-07,1.73278087892505e-05,1.38411988734831e-05,176
"GO:0051784","negative regulation of nuclear division","36/4843","64/18860",1.95154808398256e-07,1.88369425829332e-05,1.50466727576372e-05,36
"GO:0072001","renal system development","128/4843","334/18860",2.03490511600062e-07,1.93439313602847e-05,1.54516479382439e-05,128
"GO:0007204","positive regulation of cytosolic calcium ion concentration","73/4843","166/18860",2.18160553147969e-07,2.01285192713287e-05,1.60783652250384e-05,73
"GO:0048754","branching morphogenesis of an epithelial tube","73/4843","166/18860",2.18160553147969e-07,2.01285192713287e-05,1.60783652250384e-05,73
"GO:0001708","cell fate specification","54/4843","112/18860",2.27147481072489e-07,2.04350820373468e-05,1.63232430548476e-05,54
"GO:0006820","monoatomic anion transport","76/4843","175/18860",2.310673875781e-07,2.04350820373468e-05,1.63232430548476e-05,76
"GO:0030195","negative regulation of blood coagulation","31/4843","52/18860",2.31254514608164e-07,2.04350820373468e-05,1.63232430548476e-05,31
"GO:0002460","adaptive immune response based on somatic recombination of immune receptors built from immunoglobulin superfamily domains","149/4843","402/18860",2.38644986985586e-07,2.05103924431173e-05,1.63833998996161e-05,149
"GO:0008544","epidermis development","149/4843","402/18860",2.38644986985586e-07,2.05103924431173e-05,1.63833998996161e-05,149
"GO:0048736","appendage development","83/4843","196/18860",2.46392598587567e-07,2.06115621805119e-05,1.64642127982513e-05,83
"GO:0060173","limb development","83/4843","196/18860",2.46392598587567e-07,2.06115621805119e-05,1.64642127982513e-05,83
"GO:0045839","negative regulation of mitotic nuclear division","33/4843","57/18860",2.4978573144807e-07,2.06204694619104e-05,1.64713278036601e-05,33
"GO:0045109","intermediate filament organization","40/4843","75/18860",2.90488331496085e-07,2.36691401533303e-05,1.8906561124441e-05,40
"GO:0002065","columnar/cuboidal epithelial cell differentiation","54/4843","113/18860",3.26975333565843e-07,2.63005543947705e-05,2.10084961282993e-05,54
"GO:0098661","inorganic anion transmembrane transport","61/4843","133/18860",3.61252149157043e-07,2.86898225798897e-05,2.29170084228738e-05,61
"GO:0071695","anatomical structure maturation","112/4843","287/18860",4.00520389896613e-07,3.13818714078886e-05,2.50673774429069e-05,112
"GO:0015718","monocarboxylic acid transport","77/4843","180/18860",4.05153264908986e-07,3.13818714078886e-05,2.50673774429069e-05,77
"GO:0021537","telencephalon development","113/4843","291/18860",4.77704440440306e-07,3.65502153575912e-05,2.91957745948176e-05,113
"GO:0001822","kidney development","123/4843","323/18860",5.17568274864925e-07,3.83915251718181e-05,3.06665857998802e-05,123
"GO:0061458","reproductive system development","123/4843","323/18860",5.17568274864925e-07,3.83915251718181e-05,3.06665857998802e-05,123
"GO:0046661","male sex differentiation","76/4843","178/18860",5.25974051898863e-07,3.83915251718181e-05,3.06665857998802e-05,76
"GO:0048568","embryonic organ development","169/4843","472/18860",5.26246599422435e-07,3.83915251718181e-05,3.06665857998802e-05,169
"GO:0051960","regulation of nervous system development","167/4843","466/18860",5.75272648790354e-07,4.14857540058699e-05,3.31382102951104e-05,167
"GO:0000280","nuclear division","163/4843","453/18860",5.87452770841059e-07,4.18827123211001e-05,3.34552947604579e-05,163
"GO:0010810","regulation of cell-substrate adhesion","93/4843","230/18860",6.0997975546662e-07,4.30001459078379e-05,3.43478842788478e-05,93
"GO:0048608","reproductive structure development","121/4843","318/18860",6.69576303341205e-07,4.66769080795858e-05,3.72848278386839e-05,121
"GO:0006805","xenobiotic metabolic process","61/4843","135/18860",6.82772021123241e-07,4.70737545112881e-05,3.76018229331145e-05,61
"GO:1900046","regulation of hemostasis","38/4843","72/18860",8.10851441928335e-07,5.52965428984606e-05,4.4170065389254e-05,38
"GO:0007599","hemostasis","99/4843","250/18860",8.46085832489169e-07,5.61526708494767e-05,4.48539278080564e-05,99
"GO:0001894","tissue homeostasis","107/4843","275/18860",8.50255615349105e-07,5.61526708494767e-05,4.48539278080564e-05,107
"GO:0060249","anatomical structure homeostasis","107/4843","275/18860",8.50255615349105e-07,5.61526708494767e-05,4.48539278080564e-05,107
"GO:0007218","neuropeptide signaling pathway","53/4843","113/18860",8.74831560624139e-07,5.65844660964521e-05,4.51988395022412e-05,53
"GO:1902476","chloride transmembrane transport","53/4843","113/18860",8.74831560624139e-07,5.65844660964521e-05,4.51988395022412e-05,53
"GO:0045137","development of primary sexual characteristics","98/4843","248/18860",1.07329138221545e-06,6.81058608847681e-05,5.44019602490447e-05,98
"GO:0030193","regulation of blood coagulation","37/4843","70/18860",1.07467010321837e-06,6.81058608847681e-05,5.44019602490447e-05,37
"GO:0035107","appendage morphogenesis","68/4843","157/18860",1.09709139178517e-06,6.81500137827741e-05,5.44372289347495e-05,68
"GO:0035108","limb morphogenesis","68/4843","157/18860",1.09709139178517e-06,6.81500137827741e-05,5.44372289347495e-05,68
"GO:0030574","collagen catabolic process","27/4843","45/18860",1.16201573479688e-06,7.14753600011338e-05,5.70934665982246e-05,27
"GO:0001764","neuron migration","81/4843","197/18860",1.43996216518581e-06,8.77118701395705e-05,7.00629521558471e-05,81
"GO:0030326","embryonic limb morphogenesis","58/4843","129/18860",1.54888897162465e-06,9.16766925280476e-05,7.32299939811812e-05,58
"GO:0035113","embryonic appendage morphogenesis","58/4843","129/18860",1.54888897162465e-06,9.16766925280476e-05,7.32299939811812e-05,58
"GO:0046683","response to organophosphorus","58/4843","129/18860",1.54888897162465e-06,9.16766925280476e-05,7.32299939811812e-05,58
"GO:0043588","skin development","123/4843","329/18860",1.56895976399363e-06,9.19967622364118e-05,7.34856609579311e-05,123
"GO:0003073","regulation of systemic arterial blood pressure","52/4843","112/18860",1.62339728236971e-06,9.26287776386354e-05,7.39905055680995e-05,52
"GO:0007094","mitotic spindle assembly checkpoint signaling","28/4843","48/18860",1.63879412143585e-06,9.26287776386354e-05,7.39905055680995e-05,28
"GO:0071173","spindle assembly checkpoint signaling","28/4843","48/18860",1.63879412143585e-06,9.26287776386354e-05,7.39905055680995e-05,28
"GO:0071174","mitotic spindle checkpoint signaling","28/4843","48/18860",1.63879412143585e-06,9.26287776386354e-05,7.39905055680995e-05,28
"GO:0051962","positive regulation of nervous system development","111/4843","291/18860",1.65806584293728e-06,9.28812955231117e-05,7.41922131412068e-05,111
"GO:0061448","connective tissue development","116/4843","307/18860",1.68719560658681e-06,9.3676683501997e-05,7.48275573633891e-05,116
"GO:0061101","neuroendocrine cell differentiation","15/4843","19/18860",1.77340182582656e-06,9.75993250459284e-05,7.79609057503255e-05,15
"GO:0007631","feeding behavior","50/4843","107/18860",2.02127500532544e-06,0.000110273733768798,8.80850370741824e-05,50
"GO:0001763","morphogenesis of a branching structure","86/4843","214/18860",2.13969351571107e-06,0.000115727906185959,9.24417498030889e-05,86
"GO:0050819","negative regulation of coagulation","31/4843","56/18860",2.17445359834146e-06,0.000116602751076875,9.314056303827e-05,31
"GO:0061045","negative regulation of wound healing","39/4843","77/18860",2.26692572174194e-06,0.000119789043252292,9.56857263768876e-05,39
"GO:0061041","regulation of wound healing","61/4843","139/18860",2.27205867819936e-06,0.000119789043252292,9.56857263768876e-05,61
"GO:0015849","organic acid transport","131/4843","357/18860",2.29525463457903e-06,0.000120003563144573,9.58570817125504e-05,131
"GO:0061138","morphogenesis of a branching epithelium","81/4843","199/18860",2.31555677700395e-06,0.000120064489412585,9.59057487195806e-05,81
"GO:0098656","monoatomic anion transmembrane transport","65/4843","151/18860",2.42208559745146e-06,0.000124558729823037,9.94956818763279e-05,65
"GO:0051965","positive regulation of synapse assembly","37/4843","72/18860",2.62133983039452e-06,0.000133709643056059,0.000106805296812224,37
"GO:0007596","blood coagulation","95/4843","243/18860",2.68770574019637e-06,0.000134901326511936,0.000107757196034315,95
"GO:0008406","gonad development","95/4843","243/18860",2.68770574019637e-06,0.000134901326511936,0.000107757196034315,95
"GO:0034767","positive regulation of monoatomic ion transmembrane transport","58/4843","131/18860",2.8352329336445e-06,0.000141176598616552,0.000112769791120146,58
"GO:0021536","diencephalon development","41/4843","83/18860",2.8775777095193e-06,0.000141557021901382,0.00011307366764634,41
"GO:0031577","spindle checkpoint signaling","28/4843","49/18860",2.88799789661729e-06,0.000141557021901382,0.00011307366764634,28
"GO:0045103","intermediate filament-based process","46/4843","97/18860",3.09523334980188e-06,0.000150538713462457,0.000120248110798913,46
"GO:0014074","response to purine-containing compound","64/4843","149/18860",3.15128099923471e-06,0.000151692896738344,0.000121170055428628,64
"GO:1903034","regulation of response to wounding","74/4843","179/18860",3.16732060451435e-06,0.000151692896738344,0.000121170055428628,74
"GO:0046942","carboxylic acid transport","130/4843","356/18860",3.34079643041499e-06,0.000158789066700179,0.000126838371652359,130
"GO:1901654","response to ketone","91/4843","232/18860",3.67645067363105e-06,0.000173428958844821,0.000138532502233141,91
"GO:0007517","muscle organ development","135/4843","373/18860",3.745518839269e-06,0.000174550443644975,0.000139428327801239,135
"GO:1990573","potassium ion import across plasma membrane","29/4843","52/18860",3.76897289748892e-06,0.000174550443644975,0.000139428327801239,29
"GO:0060485","mesenchyme development","127/4843","347/18860",3.78368829067845e-06,0.000174550443644975,0.000139428327801239,127
"GO:0006956","complement activation","34/4843","65/18860",3.95775704248487e-06,0.000181247939303285,0.000144778188853404,34
"GO:0003018","vascular process in circulatory system","107/4843","283/18860",4.04819839861372e-06,0.000184046353281902,0.000147013520791761,107
"GO:0015711","organic anion transport","163/4843","466/18860",4.08901278907964e-06,0.000184564505314285,0.000147427413016343,163
"GO:1903035","negative regulation of response to wounding","47/4843","101/18860",4.66962487363363e-06,0.000209265903265553,0.000167158526491502,47
"GO:0009952","anterior/posterior pattern specification","88/4843","224/18860",4.89659554543387e-06,0.000214533295674775,0.000171366042096473,88
"GO:0033046","negative regulation of sister chromatid segregation","28/4843","50/18860",4.95813322805904e-06,0.000214533295674775,0.000171366042096473,28
"GO:0033048","negative regulation of mitotic sister chromatid segregation","28/4843","50/18860",4.95813322805904e-06,0.000214533295674775,0.000171366042096473,28
"GO:0045841","negative regulation of mitotic metaphase/anaphase transition","28/4843","50/18860",4.95813322805904e-06,0.000214533295674775,0.000171366042096473,28
"GO:2000816","negative regulation of mitotic sister chromatid separation","28/4843","50/18860",4.95813322805904e-06,0.000214533295674775,0.000171366042096473,28
"GO:0008584","male gonad development","65/4843","154/18860",5.39959062679701e-06,0.000230631294655708,0.000184224886978143,65
"GO:0072593","reactive oxygen species metabolic process","92/4843","237/18860",5.40369785055611e-06,0.000230631294655708,0.000184224886978143,92
"GO:0050890","cognition","122/4843","333/18860",5.49668758812753e-06,0.000233014985999406,0.000186128944573792,122
"GO:0008217","regulation of blood pressure","81/4843","203/18860",5.75124201766127e-06,0.000242169747777227,0.000193441633670684,81
"GO:0045104","intermediate filament cytoskeleton organization","45/4843","96/18860",5.81040763398601e-06,0.000243029983304188,0.000194128777160754,45
"GO:0032963","collagen metabolic process","52/4843","116/18860",5.85364919414515e-06,0.000243217185722296,0.000194278311699722,52
"GO:0006816","calcium ion transport","154/4843","439/18860",6.22424103093362e-06,0.000256913738342616,0.0002052189165393,154
"GO:1904064","positive regulation of cation transmembrane transport","55/4843","125/18860",6.36439117229945e-06,0.000260981635392201,0.000208468292888323,55
"GO:0051928","positive regulation of calcium ion transport","47/4843","102/18860",6.51777890961455e-06,0.000265536005707284,0.000212106256928741,47
"GO:0051047","positive regulation of secretion","121/4843","331/18860",6.76997285431466e-06,0.000274031030244969,0.000218891957618962,121
"GO:0050886","endocrine process","48/4843","105/18860",6.84316709480585e-06,0.000275218143287256,0.00021984020606188,48
"GO:0010965","regulation of mitotic sister chromatid separation","32/4843","61/18860",6.98301211906983e-06,0.000277473904595737,0.000221642075026476,32
"GO:0046546","development of primary male sexual characteristics","65/4843","155/18860",6.9877075113367e-06,0.000277473904595737,0.000221642075026476,65
"GO:0050817","coagulation","95/4843","248/18860",7.33871509699753e-06,0.000289579235965802,0.000231311635728601,95
"GO:0048732","gland development","158/4843","454/18860",7.87947668166394e-06,0.000308973979379747,0.000246803871588171,158
"GO:0048738","cardiac muscle tissue development","97/4843","255/18860",8.32859823572657e-06,0.000324556679074214,0.000259251102976752,97
"GO:0007043","cell-cell junction assembly","67/4843","162/18860",8.89781867396117e-06,0.000340006450162814,0.000271592152949542,67
"GO:0035270","endocrine system development","59/4843","138/18860",8.93280403200886e-06,0.000340006450162814,0.000271592152949542,59
"GO:0030277","maintenance of gastrointestinal epithelium","18/4843","27/18860",8.94183364310875e-06,0.000340006450162814,0.000271592152949542,18
"GO:0042730","fibrinolysis","18/4843","27/18860",8.94183364310875e-06,0.000340006450162814,0.000271592152949542,18
"GO:0001823","mesonephros development","47/4843","103/18860",9.0233770147443e-06,0.000341040165003047,0.000272417869164221,47
"GO:1903046","meiotic cell cycle process","88/4843","227/18860",9.09516325780183e-06,0.000341694935805082,0.000272940890453164,88
"GO:0051256","mitotic spindle midzone assembly","10/4843","11/18860",1.04439936907407e-05,0.000387725540921346,0.000309709460987958,10
"GO:0060732","positive regulation of inositol phosphate biosynthetic process","10/4843","11/18860",1.04439936907407e-05,0.000387725540921346,0.000309709460987958,10
"GO:0009612","response to mechanical stimulus","88/4843","228/18860",1.1118687392905e-05,0.000410344968841682,0.000327777527415608,88
"GO:1903522","regulation of blood circulation","104/4843","279/18860",1.12384892036e-05,0.000411292657442282,0.000328534527134994,104
"GO:0140013","meiotic nuclear division","80/4843","203/18860",1.127547610457e-05,0.000411292657442282,0.000328534527134994,80
"GO:0010959","regulation of metal ion transport","134/4843","377/18860",1.16295926544181e-05,0.000420745012011798,0.0003360849289781,134
"GO:0072073","kidney epithelium development","63/4843","151/18860",1.16687331989246e-05,0.000420745012011798,0.0003360849289781,63
"GO:2000027","regulation of animal organ morphogenesis","40/4843","84/18860",1.17665147301963e-05,0.000421846362384295,0.000336964671461441,40
"GO:0033047","regulation of mitotic sister chromatid segregation","30/4843","57/18860",1.2330510772401e-05,0.000439554685147975,0.000351109819302638,30
"GO:0050818","regulation of coagulation","37/4843","76/18860",1.32025125356799e-05,0.000467980585586755,0.000373816010599893,37
"GO:1902100","negative regulation of metaphase/anaphase transition of cell cycle","28/4843","52/18860",1.36001478105718e-05,0.000476688979684511,0.00038077214775732,28
"GO:1905819","negative regulation of chromosome separation","28/4843","52/18860",1.36001478105718e-05,0.000476688979684511,0.00038077214775732,28
"GO:0042698","ovulation cycle","34/4843","68/18860",1.42281197490209e-05,0.00049534027305442,0.000395670526653372,34
"GO:0070374","positive regulation of ERK1 and ERK2 cascade","79/4843","201/18860",1.42901800163931e-05,0.00049534027305442,0.000395670526653372,79
"GO:0060563","neuroepithelial cell differentiation","26/4843","47/18860",1.44933832461114e-05,0.000497088373509824,0.000397066883593154,26
"GO:0010919","regulation of inositol phosphate biosynthetic process","11/4843","13/18860",1.44990711431779e-05,0.000497088373509824,0.000397066883593154,11
"GO:0030902","hindbrain development","67/4843","165/18860",1.82489248534276e-05,0.000622248665926112,0.000497043084823619,67
"GO:0003341","cilium movement","100/4843","269/18860",1.86792381680467e-05,0.000631607421392024,0.000504518721079044,100
"GO:0016101","diterpenoid metabolic process","42/4843","91/18860",1.88481839276021e-05,0.000631607421392024,0.000504518721079044,42
"GO:1901890","positive regulation of cell junction assembly","52/4843","120/18860",1.89164405718576e-05,0.000631607421392024,0.000504518721079044,52
"GO:0051146","striated muscle cell differentiation","116/4843","321/18860",1.8926075107061e-05,0.000631607421392024,0.000504518721079044,116
"GO:0008016","regulation of heart contraction","86/4843","225/18860",2.13573651409157e-05,0.000708974121132832,0.000566318103235309,86
"GO:0051985","negative regulation of chromosome segregation","28/4843","53/18860",2.17921802555858e-05,0.000719600731176555,0.000574806483085009,28
"GO:0009636","response to toxic substance","100/4843","270/18860",2.22636735677717e-05,0.000731320879393715,0.000584168365148311,100
"GO:0060538","skeletal muscle organ development","77/4843","197/18860",2.28947664475359e-05,0.000748134191103335,0.000597598591319729,77
"GO:0035115","embryonic forelimb morphogenesis","20/4843","33/18860",2.33116386186344e-05,0.000757809433644104,0.000605327032796936,20
"GO:0019755","one-carbon compound transport","17/4843","26/18860",2.35011426356287e-05,0.000760031798432654,0.000607102225112471,17
"GO:0034764","positive regulation of transmembrane transport","75/4843","191/18860",2.41278412907103e-05,0.000776297826963674,0.000620095289528053,75
"GO:0061982","meiosis I cell cycle process","59/4843","142/18860",2.52273457241407e-05,0.000803553627905943,0.000641866822552588,59
"GO:0051306","mitotic sister chromatid separation","32/4843","64/18860",2.52311228398901e-05,0.000803553627905943,0.000641866822552588,32
"GO:0030239","myofibril assembly","36/4843","75/18860",2.54638854789678e-05,0.000806870795429515,0.000644516527194927,36
"GO:0007187","G protein-coupled receptor signaling pathway, coupled to cyclic nucleotide second messenger","29/4843","56/18860",2.56879095149864e-05,0.000809879117070475,0.000646919530287491,29
"GO:1903532","positive regulation of secretion by cell","112/4843","310/18860",2.64008779366875e-05,0.000828195540873886,0.000661550420297732,112
"GO:0007416","synapse assembly","104/4843","284/18860",2.66814081209921e-05,0.000832831614682112,0.000665253647887109,104
"GO:0048663","neuron fate commitment","37/4843","78/18860",2.749605009713e-05,0.000854010981729672,0.000682171414864179,37
"GO:0001657","ureteric bud development","44/4843","98/18860",2.8262545821983e-05,0.000873493657572027,0.000697733889854608,44
"GO:0060047","heart contraction","98/4843","265/18860",2.86719394437737e-05,0.000873525916631295,0.000697759657916815,98
"GO:0015669","gas transport","16/4843","24/18860",2.86812781042472e-05,0.000873525916631295,0.000697759657916815,16
"GO:0098801","regulation of renal system process","16/4843","24/18860",2.86812781042472e-05,0.000873525916631295,0.000697759657916815,16
"GO:0003007","heart morphogenesis","102/4843","278/18860",2.8966163252427e-05,0.000877940619544575,0.000701286057690338,102
"GO:0099505","regulation of presynaptic membrane potential","19/4843","31/18860",2.98731702645843e-05,0.000899931177146148,0.000718851791754242,19
"GO:0021510","spinal cord development","46/4843","104/18860",2.99785808134436e-05,0.000899931177146148,0.000718851791754242,46
"GO:0003015","heart process","101/4843","275/18860",3.01738125886715e-05,0.000901478572292024,0.000720087828243935,101
"GO:0006941","striated muscle contraction","80/4843","208/18860",3.14689685116244e-05,0.000935717101620528,0.000747437062029651,80
"GO:0021700","developmental maturation","128/4843","364/18860",3.20414603011802e-05,0.000947441202110746,0.000756802101110559,128
"GO:0031214","biomineral tissue development","72/4843","183/18860",3.21652814870241e-05,0.000947441202110746,0.000756802101110559,72
"GO:0042692","muscle cell differentiation","151/4843","441/18860",3.23493774506987e-05,0.000947777065293811,0.000757070383682673,151
"GO:0002062","chondrocyte differentiation","51/4843","119/18860",3.25110789738931e-05,0.000947777065293811,0.000757070383682673,51
"GO:0098773","skin epidermis development","57/4843","137/18860",3.27432281396253e-05,0.000947777065293811,0.000757070383682673,57
"GO:0003206","cardiac chamber morphogenesis","56/4843","134/18860",3.28796126216699e-05,0.000947777065293811,0.000757070383682673,56
"GO:0001523","retinoid metabolic process","40/4843","87/18860",3.29320051377193e-05,0.000947777065293811,0.000757070383682673,40
"GO:0034765","regulation of monoatomic ion transmembrane transport","114/4843","318/18860",3.31694005331966e-05,0.00095025031481861,0.000759045979036525,114
"GO:0048592","eye morphogenesis","70/4843","177/18860",3.37641387500801e-05,0.000962891847809101,0.000769143849708761,70
"GO:0003310","pancreatic A cell differentiation","9/4843","10/18860",3.71363779196679e-05,0.00105426984193663,0.000842135247799661,9
"GO:0072163","mesonephric epithelium development","44/4843","99/18860",3.83254284568037e-05,0.00107826788402684,0.000861304530955121,44
"GO:0072164","mesonephric tubule development","44/4843","99/18860",3.83254284568037e-05,0.00107826788402684,0.000861304530955121,44
"GO:0071371","cellular response to gonadotropin stimulus","14/4843","20/18860",4.04595884250806e-05,0.00113176588834433,0.000904037950171531,14
"GO:0043583","ear development","89/4843","238/18860",4.05877151542039e-05,0.00113176588834433,0.000904037950171531,89
"GO:0019226","transmission of nerve impulse","38/4843","82/18860",4.13573667169101e-05,0.00114306660256341,0.000913064794524502,38
"GO:0031424","keratinization","38/4843","82/18860",4.13573667169101e-05,0.00114306660256341,0.000913064794524502,38
"GO:0048880","sensory system development","151/4843","443/18860",4.19093055597959e-05,0.00115324115386912,0.000921192076501331,151
"GO:0006334","nucleosome assembly","51/4843","120/18860",4.25592899667021e-05,0.00116601303603096,0.000931394068174987,51
"GO:0048839","inner ear development","80/4843","210/18860",4.64654659903949e-05,0.0012674971027119,0.00101245804842229,80
"GO:0009913","epidermal cell differentiation","94/4843","255/18860",4.75200058411646e-05,0.00129065158721847,0.00103095351018357,94
"GO:0000022","mitotic spindle elongation","10/4843","12/18860",4.80942891703143e-05,0.00129503678220838,0.00103445633946179,10
"GO:0003163","sinoatrial node development","10/4843","12/18860",4.80942891703143e-05,0.00129503678220838,0.00103445633946179,10
"GO:0010718","positive regulation of epithelial to mesenchymal transition","31/4843","63/18860",4.99972474922853e-05,0.00134052449045555,0.00107079125196028,31
"GO:0045132","meiotic chromosome segregation","43/4843","97/18860",5.03373528366462e-05,0.00134390021998774,0.00107348773507401,43
"GO:0051231","spindle elongation","11/4843","14/18860",5.18304581619247e-05,0.00137208563083509,0.00109600182682178,11
"GO:0051255","spindle midzone assembly","11/4843","14/18860",5.18304581619247e-05,0.00137208563083509,0.00109600182682178,11
"GO:0003205","cardiac chamber development","69/4843","176/18860",5.30029430473629e-05,0.00139590982492607,0.00111503224275171,69
"GO:0070371","ERK1 and ERK2 cascade","117/4843","331/18860",5.31753981761763e-05,0.00139590982492607,0.00111503224275171,117
"GO:0010811","positive regulation of cell-substrate adhesion","55/4843","133/18860",5.45333629819977e-05,0.00142559299728772,0.00113874272437408,55
"GO:0099565","chemical synaptic transmission, postsynaptic","51/4843","121/18860",5.53800657185873e-05,0.00144172005111376,0.0011516247778388,51
"GO:0003161","cardiac conduction system development","21/4843","37/18860",5.78205356424517e-05,0.00149903322570554,0.00119740569897222,21
"GO:0048469","cell maturation","83/4843","221/18860",6.08384684742926e-05,0.00157078416134861,0.00125471929134116,83
"GO:0007519","skeletal muscle tissue development","71/4843","183/18860",6.16839494723144e-05,0.00158608647126762,0.00126694255149995,71
"GO:0060986","endocrine hormone secretion","30/4843","61/18860",6.66362251238713e-05,0.00170643133235579,0.00136307225699141,30
"GO:0060993","kidney morphogenesis","43/4843","98/18860",6.75958383208383e-05,0.00172084086911983,0.00137458238308131,43
"GO:0006935","chemotaxis","159/4843","474/18860",6.7747480821262e-05,0.00172084086911983,0.00137458238308131,159
"GO:0070372","regulation of ERK1 and ERK2 cascade","108/4843","303/18860",6.88491838695452e-05,0.00174177330482874,0.00139130290493593,108
"GO:0003254","regulation of membrane depolarization","27/4843","53/18860",7.03084613414186e-05,0.0017715473351649,0.00141508596257237,27
"GO:0061351","neural precursor cell proliferation","66/4843","168/18860",7.07448147038643e-05,0.00177541186980818,0.00141817289602147,66
"GO:0003209","cardiac atrium morphogenesis","18/4843","30/18860",7.23669537835983e-05,0.00180888553003305,0.0014449111636138,18
"GO:0035136","forelimb morphogenesis","22/4843","40/18860",7.39635681394164e-05,0.00184145804169325,0.00147092960698313,22
"GO:0003228","atrial cardiac muscle tissue development","15/4843","23/18860",7.54444280501683e-05,0.0018562287905363,0.00148272826397049,15
"GO:0016338","calcium-independent cell-cell adhesion via plasma membrane cell-adhesion molecules","15/4843","23/18860",7.54444280501683e-05,0.0018562287905363,0.00148272826397049,15
"GO:0051988","regulation of attachment of spindle microtubules to kinetochore","15/4843","23/18860",7.54444280501683e-05,0.0018562287905363,0.00148272826397049,15
"GO:0007611","learning or memory","102/4843","284/18860",7.70307371256649e-05,0.00188785486221258,0.00150799070499708,102
"GO:0001666","response to hypoxia","112/4843","317/18860",7.75364051143256e-05,0.00189285371862754,0.00151198371799838,112
"GO:0010975","regulation of neuron projection development","151/4843","448/18860",7.84776811989236e-05,0.00190065967206303,0.00151821899882423,151
"GO:0006836","neurotransmitter transport","81/4843","216/18860",7.86474302292599e-05,0.00190065967206303,0.00151821899882423,81
"GO:0015850","organic hydroxy compound transport","105/4843","294/18860",7.87649848161281e-05,0.00190065967206303,0.00151821899882423,105
"GO:0051932","synaptic transmission, GABAergic","32/4843","67/18860",7.95578751071324e-05,0.00191243719701973,0.00152762671258341,32
"GO:0140014","mitotic nuclear division","101/4843","281/18860",8.04977485053709e-05,0.00192764455772022,0.00153977412870257,101
"GO:0060562","epithelial tube morphogenesis","120/4843","344/18860",8.24241906766694e-05,0.00196627137758716,0.00157062866444516,120
"GO:0007200","phospholipase C-activating G protein-coupled receptor signaling pathway","59/4843","147/18860",8.27966276754314e-05,0.00196767440165022,0.00157174937943672,59
"GO:0045216","cell-cell junction organization","84/4843","226/18860",8.40112351095679e-05,0.00198820931089254,0.00158815236299505,84
"GO:0048708","astrocyte differentiation","40/4843","90/18860",8.46113940083374e-05,0.00198820931089254,0.00158815236299505,40
"GO:0051591","response to cAMP","40/4843","90/18860",8.46113940083374e-05,0.00198820931089254,0.00158815236299505,40
"GO:0048565","digestive tract development","57/4843","141/18860",8.57793482056694e-05,0.00199061057757839,0.00159007045951558,57
"GO:0042742","defense response to bacterium","125/4843","361/18860",8.59118649295561e-05,0.00199061057757839,0.00159007045951558,125
"GO:0042330","taxis","159/4843","476/18860",8.59688277682602e-05,0.00199061057757839,0.00159007045951558,159
"GO:0010038","response to metal ion","122/4843","351/18860",8.62763209868764e-05,0.00199061057757839,0.00159007045951558,122
"GO:0050905","neuromuscular process","73/4843","191/18860",8.62999804114314e-05,0.00199061057757839,0.00159007045951558,73
"GO:0120254","olefinic compound metabolic process","66/4843","169/18860",8.72769784750172e-05,0.00200577202546615,0.00160218120115503,66
"GO:0001704","formation of primary germ layer","55/4843","135/18860",8.84036136638648e-05,0.00202424916834704,0.00161694047120115,55
"GO:0007127","meiosis I","54/4843","132/18860",8.9549444737151e-05,0.00204302987738504,0.00163194222542996,54
"GO:1901888","regulation of cell junction assembly","102/4843","285/18860",9.00494240360903e-05,0.00204699306667547,0.00163510796276059,102
"GO:0086091","regulation of heart rate by cardiac conduction","23/4843","43/18860",9.08911557158382e-05,0.00205866827061794,0.00164443394399812,23
"GO:0034698","response to gonadotropin","17/4843","28/18860",9.34361459111281e-05,0.00210869920664179,0.0016843979200412,17
"GO:0061035","regulation of cartilage development","35/4843","76/18860",9.59640431003409e-05,0.00215028002289835,0.00171761206466437,35
"GO:1905818","regulation of chromosome separation","35/4843","76/18860",9.59640431003409e-05,0.00215028002289835,0.00171761206466437,35
"GO:0050678","regulation of epithelial cell proliferation","141/4843","416/18860",9.95497551153092e-05,0.00222268741492331,0.00177545002473867,141
"GO:0051321","meiotic cell cycle","106/4843","299/18860",0.000102016000107713,0.00226967512296381,0.00181298311501614,106
"GO:0044786","cell cycle DNA replication","24/4843","46/18860",0.000108145715586717,0.00238910640701079,0.0019083830686003,24
"GO:0048483","autonomic nervous system development","24/4843","46/18860",0.000108145715586717,0.00238910640701079,0.0019083830686003,24
"GO:0046849","bone remodeling","39/4843","88/18860",0.000111235219140471,0.00244873601714847,0.001956014324387,39
"GO:0042471","ear morphogenesis","55/4843","136/18860",0.000111718601843943,0.00245077799989125,0.00195764543017671,55
"GO:0031032","actomyosin structure organization","80/4843","215/18860",0.000117157723732377,0.00255883696443451,0.00204396134215941,80
"GO:0007193","adenylate cyclase-inhibiting G protein-coupled receptor signaling pathway","42/4843","97/18860",0.000117786001688946,0.00255883696443451,0.00204396134215941,42
"GO:0070252","actin-mediated cell contraction","51/4843","124/18860",0.000117868008084408,0.00255883696443451,0.00204396134215941,51
"GO:0036293","response to decreased oxygen levels","115/4843","330/18860",0.00012003552391018,0.00258302930314445,0.00206328582659778,115
"GO:0030199","collagen fibril organization","33/4843","71/18860",0.000120618836435634,0.00258302930314445,0.00206328582659778,33
"GO:0006721","terpenoid metabolic process","45/4843","106/18860",0.000120649018447849,0.00258302930314445,0.00206328582659778,45
"GO:0010669","epithelial structure maintenance","22/4843","41/18860",0.000121040901358697,0.00258302930314445,0.00206328582659778,22
"GO:0033260","nuclear DNA replication","22/4843","41/18860",0.000121040901358697,0.00258302930314445,0.00206328582659778,22
"GO:0002067","glandular epithelial cell differentiation","20/4843","36/18860",0.000129971753247888,0.00275721228238011,0.00220242062923204,20
"GO:0003094","glomerular filtration","18/4843","31/18860",0.000131204500194541,0.00275721228238011,0.00220242062923204,18
"GO:0032305","positive regulation of icosanoid secretion","12/4843","17/18860",0.000131310508234377,0.00275721228238011,0.00220242062923204,12
"GO:0060841","venous blood vessel development","12/4843","17/18860",0.000131310508234377,0.00275721228238011,0.00220242062923204,12
"GO:0055001","muscle cell development","77/4843","206/18860",0.000131400457830993,0.00275721228238011,0.00220242062923204,77
"GO:0045685","regulation of glial cell differentiation","35/4843","77/18860",0.000132834151946808,0.00277800489771425,0.00221902946462721,35
"GO:0001654","eye development","145/4843","432/18860",0.000134086990671599,0.0027948896328027,0.00223251674274343,145
"GO:0048762","mesenchymal cell differentiation","99/4843","278/18860",0.000140144476530275,0.00291147829718856,0.00232564605354005,99
"GO:0097237","cellular response to toxic substance","54/4843","134/18860",0.000143100605145001,0.00296307985702883,0.00236686462079329,54
"GO:0150063","visual system development","146/4843","436/18860",0.000143996179857006,0.00297181589612781,0.0023738428403712,146
"GO:0051963","regulation of synapse assembly","69/4843","181/18860",0.00014525466508784,0.0029879598975774,0.00238673843134842,69
"GO:0006690","icosanoid metabolic process","52/4843","128/18860",0.000147844528404243,0.00302142205605284,0.00241346751151244,52
"GO:0030282","bone mineralization","52/4843","128/18860",0.000147844528404243,0.00302142205605284,0.00241346751151244,52
"GO:0015670","carbon dioxide transport","11/4843","15/18860",0.000148989919155372,0.00303494400253508,0.00242426864353632,11
"GO:0033555","multicellular organismal response to stress","43/4843","101/18860",0.000156389857689049,0.00317537206194528,0.00253644051254492,43
"GO:0003093","regulation of glomerular filtration","9/4843","11/18860",0.000157252106949839,0.0031825797387203,0.00254219789877143,9
"GO:0008608","attachment of spindle microtubules to kinetochore","27/4843","55/18860",0.000158182337326191,0.00319111248998238,0.00254901373501436,27
"GO:0021543","pallium development","75/4843","201/18860",0.000169825086698512,0.00341500831393098,0.00272785842702975,75
"GO:0035116","embryonic hindlimb morphogenesis","17/4843","29/18860",0.000171847841930681,0.00344110283928063,0.00274870235018624,17
"GO:0009954","proximal/distal pattern formation","19/4843","34/18860",0.000172219683062499,0.00344110283928063,0.00274870235018624,19
"GO:0072006","nephron development","62/4843","160/18860",0.000181442109657421,0.00361386601901797,0.00288670303785792,62
"GO:0007189","adenylate cyclase-activating G protein-coupled receptor signaling pathway","73/4843","195/18860",0.00018320062735018,0.0036373441012501,0.00290545698472421,73
"GO:0030534","adult behavior","61/4843","157/18860",0.00018684098003873,0.0036979189550883,0.00295384328728007,61
"GO:0021879","forebrain neuron differentiation","36/4843","81/18860",0.00018746510085637,0.00369860390809077,0.00295439041766692,36
"GO:0097305","response to alcohol","99/4843","280/18860",0.000189437596105587,0.00372580400616443,0.00297611745605907,99
"GO:0042472","inner ear morphogenesis","47/4843","114/18860",0.000199847767104815,0.00391826528379878,0.00312985269469087,47
"GO:0044331","cell-cell adhesion mediated by cadherin","30/4843","64/18860",0.000200502031172949,0.00391884655320586,0.00313031700414629,30
"GO:2000177","regulation of neural precursor cell proliferation","41/4843","96/18860",0.000202699412942811,0.00394949104597266,0.00315479537437308,41
"GO:0003197","endocardial cushion development","26/4843","53/18860",0.000211224236444571,0.00410285095805956,0.0032772970171504,26
"GO:0030216","keratinocyte differentiation","68/4843","180/18860",0.00022012485669565,0.00426254120650775,0.00340485523953214,68
"GO:0034762","regulation of transmembrane transport","149/4843","450/18860",0.000222883663343697,0.00430268339636418,0.00343692023054038,149
"GO:0044060","regulation of endocrine process","23/4843","45/18860",0.00022392188059909,0.00430946588613096,0.00344233798363665,23
"GO:0003009","skeletal muscle contraction","27/4843","56/18860",0.000231237644435405,0.00443665131861691,0.00354393183697718,27
"GO:0055123","digestive system development","60/4843","155/18860",0.000236064097430041,0.00451544557096366,0.0036068715271644,60
"GO:0048863","stem cell differentiation","94/4843","265/18860",0.000238180840531922,0.00454208691032608,0.00362815223731397,94
"GO:0045653","negative regulation of megakaryocyte differentiation","13/4843","20/18860",0.000243872677765041,0.00463621536358435,0.00370334066171587,13
"GO:0006261","DNA-templated DNA replication","65/4843","171/18860",0.000244594721923242,0.00463621536358435,0.00370334066171587,65
"GO:0008038","neuron recognition","24/4843","48/18860",0.000253881889552997,0.0047969931022863,0.00383176755532189,24
"GO:0045787","positive regulation of cell cycle","119/4843","349/18860",0.000254606105046436,0.0047969931022863,0.00383176755532189,119
"GO:0019233","sensory perception of pain","37/4843","85/18860",0.00025682255623233,0.0048242656221606,0.0038535524431835,37
"GO:0002526","acute inflammatory response","46/4843","112/18860",0.000257781668284498,0.00482782742333415,0.00385639755758836,46
"GO:0086001","cardiac muscle cell action potential","38/4843","88/18860",0.00026024810365153,0.00485951369735029,0.00388170808735881,38
"GO:0021675","nerve development","41/4843","97/18860",0.000264868160467963,0.00493110634651632,0.00393889524281734,41
"GO:0031099","regeneration","72/4843","194/18860",0.000272697435116731,0.00506184528971115,0.00404332758826146,72
"GO:0002063","chondrocyte development","19/4843","35/18860",0.000286385807997834,0.00528466046876003,0.0042213090770207,19
"GO:0048333","mesodermal cell differentiation","19/4843","35/18860",0.000286385807997834,0.00528466046876003,0.0042213090770207,19
"GO:0098813","nuclear chromosome segregation","111/4843","323/18860",0.00028808569587036,0.00530043887357958,0.00423391263478556,111
"GO:0045143","homologous chromosome segregation","31/4843","68/18860",0.00029497563139788,0.00541133658301258,0.00432249609444539,31
"GO:0070482","response to oxygen levels","121/4843","357/18860",0.000298262260612485,0.00545567761831701,0.00435791506145786,121
"GO:0021983","pituitary gland development","22/4843","43/18860",0.000299615175543688,0.00545925210630496,0.00436077030990351,22
"GO:0016264","gap junction assembly","12/4843","18/18860",0.000301632297508474,0.00545925210630496,0.00436077030990351,12
"GO:0090190","positive regulation of branching involved in ureteric bud morphogenesis","12/4843","18/18860",0.000301632297508474,0.00545925210630496,0.00436077030990351,12
"GO:0007214","gamma-aminobutyric acid signaling pathway","17/4843","30/18860",0.000301938234123019,0.00545925210630496,0.00436077030990351,17
"GO:0007129","homologous chromosome pairing at meiosis","26/4843","54/18860",0.000308560152471317,0.00556294941553173,0.004443602195753,26
"GO:0050767","regulation of neurogenesis","127/4843","378/18860",0.000322763165088885,0.0058023383890191,0.00463482258780933,127
"GO:0032970","regulation of actin filament-based process","134/4843","402/18860",0.000328071414052858,0.0058809144336218,0.00469758797685912,134
"GO:0072028","nephron morphogenesis","35/4843","80/18860",0.000331369752276229,0.00592311631276655,0.00473129821738529,35
"GO:0035082","axoneme assembly","44/4843","107/18860",0.000336129145288324,0.00599112004982656,0.00478561860262474,44
"GO:0045652","regulation of megakaryocyte differentiation","20/4843","38/18860",0.00034463117027102,0.00607772608638954,0.00485479823117974,20
"GO:0048665","neuron fate specification","20/4843","38/18860",0.00034463117027102,0.00607772608638954,0.00485479823117974,20
"GO:1905332","positive regulation of morphogenesis of an epithelium","20/4843","38/18860",0.00034463117027102,0.00607772608638954,0.00485479823117974,20
"GO:0001578","microtubule bundle formation","54/4843","138/18860",0.000344863003945597,0.00607772608638954,0.00485479823117974,54
"GO:0031640","killing of cells of another organism","53/4843","135/18860",0.000354225774802155,0.00620785617628135,0.00495874423355796,53
"GO:0141061","disruption of cell in another organism","53/4843","135/18860",0.000354225774802155,0.00620785617628135,0.00495874423355796,53
"GO:0031960","response to corticosteroid","59/4843","154/18860",0.000363533214410015,0.00634826448793521,0.00507090032834916,59
"GO:0043010","camera-type eye development","127/4843","379/18860",0.000364261271223569,0.00634826448793521,0.00507090032834916,127
"GO:0032354","response to follicle-stimulating hormone","11/4843","16/18860",0.000365731048404698,0.00635092006639726,0.00507302156537714,11
"GO:0071248","cellular response to metal ion","69/4843","186/18860",0.000366438167681831,0.00635092006639726,0.00507302156537714,69
"GO:0090068","positive regulation of cell cycle process","97/4843","278/18860",0.00037188878605551,0.00642763152537815,0.00513429755084901,97
"GO:0086002","cardiac muscle cell action potential involved in contraction","29/4843","63/18860",0.000373745938990857,0.00644198357480395,0.00514576175689841,29
"GO:0001759","organ induction","14/4843","23/18860",0.000379467847505998,0.00651000377425289,0.00520009529205208,14
"GO:0007271","synaptic transmission, cholinergic","18/4843","33/18860",0.000381842746083051,0.00651000377425289,0.00520009529205208,18
"GO:0007274","neuromuscular synaptic transmission","18/4843","33/18860",0.000381842746083051,0.00651000377425289,0.00520009529205208,18
"GO:0042573","retinoic acid metabolic process","18/4843","33/18860",0.000381842746083051,0.00651000377425289,0.00520009529205208,18
"GO:1905330","regulation of morphogenesis of an epithelium","31/4843","69/18860",0.000405089590696634,0.00688762084561161,0.00550173025618792,31
"GO:0018958","phenol-containing compound metabolic process","47/4843","117/18860",0.000406694935267366,0.00689622709153366,0.00550860479888458,47
"GO:0030324","lung development","74/4843","203/18860",0.000420889079392199,0.00710621358689022,0.00567633892374282,74
"GO:0060079","excitatory postsynaptic potential","45/4843","111/18860",0.000421343872222372,0.00710621358689022,0.00567633892374282,45
"GO:0060911","cardiac cell fate commitment","10/4843","14/18860",0.000430698077007882,0.00723783696571624,0.00578147774336443,10
"GO:0009914","hormone transport","116/4843","343/18860",0.000431455375386974,0.00723783696571624,0.00578147774336443,116
"GO:0050954","sensory perception of mechanical stimulus","73/4843","200/18860",0.000439087769936865,0.00733996205418682,0.00586305376239173,73
"GO:0009582","detection of abiotic stimulus","59/4843","155/18860",0.000441873609220625,0.00733996205418682,0.00586305376239173,59
"GO:0009308","amine metabolic process","41/4843","99/18860",0.000442554190718028,0.00733996205418682,0.00586305376239173,41
"GO:0032330","regulation of chondrocyte differentiation","26/4843","55/18860",0.000443381641911778,0.00733996205418682,0.00586305376239173,26
"GO:0007160","cell-matrix adhesion","87/4843","246/18860",0.000443392671108831,0.00733996205418682,0.00586305376239173,87
"GO:0021872","forebrain generation of neurons","38/4843","90/18860",0.000448054031352882,0.00739760787554731,0.00590910039687277,38
"GO:0003231","cardiac ventricle development","52/4843","133/18860",0.000449663236310385,0.00740469066827127,0.00591475802755558,52
"GO:0042063","gliogenesis","120/4843","357/18860",0.000454422795880814,0.00745120492213362,0.00595191292959719,120
"GO:0044058","regulation of digestive system process","22/4843","44/18860",0.000454863163082113,0.00745120492213362,0.00595191292959719,22
"GO:0043410","positive regulation of MAPK cascade","154/4843","474/18860",0.000467003376202632,0.00763015412056072,0.00609485491803929,154
"GO:0086009","membrane repolarization","27/4843","58/18860",0.000471431560809632,0.00768249769485618,0.00613666619552879,27
"GO:0030323","respiratory tube development","75/4843","207/18860",0.000475640444771634,0.00773100557123635,0.00617541357392351,75
"GO:0000727","double-strand break repair via break-induced replication","9/4843","12/18860",0.000484725560288414,0.00779786709038336,0.00622882157228918,9
"GO:0032308","positive regulation of prostaglandin secretion","9/4843","12/18860",0.000484725560288414,0.00779786709038336,0.00622882157228918,9
"GO:0071372","cellular response to follicle-stimulating hormone stimulus","9/4843","12/18860",0.000484725560288414,0.00779786709038336,0.00622882157228918,9
"GO:0071635","negative regulation of transforming growth factor beta production","9/4843","12/18860",0.000484725560288414,0.00779786709038336,0.00622882157228918,9
"GO:0090189","regulation of branching involved in ureteric bud morphogenesis","13/4843","21/18860",0.00048967699014221,0.00783733019426589,0.00626034411940673,13
"GO:2000193","positive regulation of fatty acid transport","13/4843","21/18860",0.00048967699014221,0.00783733019426589,0.00626034411940673,13
"GO:0001658","branching involved in ureteric bud morphogenesis","28/4843","61/18860",0.000496056178464261,0.00785923349415346,0.00627784015329172,28
"GO:0071715","icosanoid transport","28/4843","61/18860",0.000496056178464261,0.00785923349415346,0.00627784015329172,28
"GO:0090497","mesenchymal cell migration","28/4843","61/18860",0.000496056178464261,0.00785923349415346,0.00627784015329172,28
"GO:1904427","positive regulation of calcium ion transmembrane transport","28/4843","61/18860",0.000496056178464261,0.00785923349415346,0.00627784015329172,28
"GO:0003014","renal system process","55/4843","143/18860",0.000504662703008302,0.00790784100128899,0.00631666711526884,55
"GO:0021517","ventral spinal cord development","23/4843","47/18860",0.000504752207508687,0.00790784100128899,0.00631666711526884,23
"GO:0046850","regulation of bone remodeling","23/4843","47/18860",0.000504752207508687,0.00790784100128899,0.00631666711526884,23
"GO:0001660","fever generation","8/4843","10/18860",0.000505426241873906,0.00790784100128899,0.00631666711526884,8
"GO:0008300","isoprenoid catabolic process","8/4843","10/18860",0.000505426241873906,0.00790784100128899,0.00631666711526884,8
"GO:0060402","calcium ion transport into cytosol","17/4843","31/18860",0.000509257768179028,0.00794796825262493,0.00634872017360658,17
"GO:0032958","inositol phosphate biosynthetic process","15/4843","26/18860",0.000527604470448661,0.00821387207839925,0.00656112023979646,15
"GO:0060675","ureteric bud morphogenesis","30/4843","67/18860",0.000535231610545667,0.00830878983622094,0.00663693914907771,30
"GO:0021988","olfactory lobe development","20/4843","39/18860",0.000537674318378339,0.00830878983622094,0.00663693914907771,20
"GO:0042044","fluid transport","20/4843","39/18860",0.000537674318378339,0.00830878983622094,0.00663693914907771,20
"GO:0022602","ovulation cycle process","24/4843","50/18860",0.000550298199316847,0.00848297519045183,0.00677607584882324,24
"GO:0060541","respiratory system development","82/4843","231/18860",0.000557956046373688,0.00857994175232481,0.00685353131265514,82
"GO:0001906","cell killing","97/4843","281/18860",0.000564513174185461,0.00865954927833638,0.00691712063388747,97
"GO:0072078","nephron tubule morphogenesis","33/4843","76/18860",0.000570824306220673,0.00873500413958171,0.00697739286756514,33
"GO:0009988","cell-cell recognition","34/4843","79/18860",0.000577233048643131,0.00877272950964476,0.00700752733845925,34
"GO:0048332","mesoderm morphogenesis","34/4843","79/18860",0.000577233048643131,0.00877272950964476,0.00700752733845925,34
"GO:0086003","cardiac muscle cell contraction","38/4843","91/18860",0.000580959982558993,0.00877272950964476,0.00700752733845925,38
"GO:0001570","vasculogenesis","35/4843","82/18860",0.000581249532605505,0.00877272950964476,0.00700752733845925,35
"GO:0010232","vascular transport","37/4843","88/18860",0.000582916632380755,0.00877272950964476,0.00700752733845925,37
"GO:0150104","transport across blood-brain barrier","37/4843","88/18860",0.000582916632380755,0.00877272950964476,0.00700752733845925,37
"GO:0048644","muscle organ morphogenesis","36/4843","85/18860",0.00058307749530154,0.00877272950964476,0.00700752733845925,36
"GO:0030278","regulation of ossification","50/4843","128/18860",0.000586595480415214,0.00878887592465565,0.00702042485735375,50
"GO:1904062","regulation of monoatomic cation transmembrane transport","99/4843","288/18860",0.000586952344984176,0.00878887592465565,0.00702042485735375,99
"GO:0000070","mitotic sister chromatid segregation","70/4843","192/18860",0.000589548893261054,0.00878915608630933,0.00702064864636322,70
"GO:0019369","arachidonate metabolic process","25/4843","53/18860",0.000591173711893933,0.00878915608630933,0.00702064864636322,25
"GO:0021515","cell differentiation in spinal cord","25/4843","53/18860",0.000591173711893933,0.00878915608630933,0.00702064864636322,25
"GO:0030048","actin filament-based movement","56/4843","147/18860",0.000594483878739754,0.00881747483501942,0.00704326924643515,56
"GO:0097205","renal filtration","18/4843","34/18860",0.000617668691981172,0.00913974852238178,0.00730069672920149,18
"GO:0072009","nephron epithelium development","48/4843","122/18860",0.000619150724731066,0.0091401215222652,0.00730099467602379,48
"GO:0035036","sperm-egg recognition","26/4843","56/18860",0.000627239773057965,0.00919564770656483,0.00734534817558767,26
"GO:0031649","heat generation","12/4843","19/18860",0.000627309088047458,0.00919564770656483,0.00734534817558767,12
"GO:0032303","regulation of icosanoid secretion","12/4843","19/18860",0.000627309088047458,0.00919564770656483,0.00734534817558767,12
"GO:0045664","regulation of neuron differentiation","72/4843","199/18860",0.000637966451681438,0.00933007346818028,0.00745272549737535,72
"GO:0003156","regulation of animal organ formation","16/4843","29/18860",0.000679353989718941,0.00988160179103743,0.00789327821202443,16
"GO:0006833","water transport","16/4843","29/18860",0.000679353989718941,0.00988160179103743,0.00789327821202443,16
"GO:0006939","smooth muscle contraction","44/4843","110/18860",0.000680403566102673,0.00988160179103743,0.00789327821202443,44
"GO:0021545","cranial nerve development","28/4843","62/18860",0.000685066403552152,0.00992634322375566,0.00792901701060361,28
"GO:0002227","innate immune response in mucosa","14/4843","24/18860",0.000695986618203675,0.0100613365037094,0.00803684765769512,14
"GO:0007369","gastrulation","73/4843","203/18860",0.000717270387248901,0.0103075586226906,0.00823352626589765,73
"GO:0060560","developmental growth involved in morphogenesis","86/4843","246/18860",0.000721095239211943,0.0103075586226906,0.00823352626589765,86
"GO:0003230","cardiac atrium development","19/4843","37/18860",0.000721233381472929,0.0103075586226906,0.00823352626589765,19
"GO:0021772","olfactory bulb development","19/4843","37/18860",0.000721233381472929,0.0103075586226906,0.00823352626589765,19
"GO:0061436","establishment of skin barrier","19/4843","37/18860",0.000721233381472929,0.0103075586226906,0.00823352626589765,19
"GO:0001655","urogenital system development","30/4843","68/18860",0.000724907383557072,0.0103130814613085,0.00823793782817811,30
"GO:0072171","mesonephric tubule morphogenesis","30/4843","68/18860",0.000724907383557072,0.0103130814613085,0.00823793782817811,30
"GO:0009953","dorsal/ventral pattern formation","38/4843","92/18860",0.00074759288782282,0.0106117596791864,0.00847651759686698,38
"GO:0001707","mesoderm formation","33/4843","77/18860",0.000755418844277458,0.0106745446599026,0.00852666931627544,33
"GO:0060415","muscle tissue morphogenesis","33/4843","77/18860",0.000755418844277458,0.0106745446599026,0.00852666931627544,33
"GO:0035914","skeletal muscle cell differentiation","35/4843","83/18860",0.000759670924296417,0.010686491881246,0.00853621258101308,35
"GO:0051304","chromosome separation","35/4843","83/18860",0.000759670924296417,0.010686491881246,0.00853621258101308,35
"GO:0048771","tissue remodeling","71/4843","197/18860",0.000783786082111425,0.0110010601323648,0.00878748507460848,71
"GO:1990748","cellular detoxification","47/4843","120/18860",0.00078731249144112,0.0110258896680839,0.00880731854264843,47
"GO:0051924","regulation of calcium ion transport","84/4843","240/18860",0.000792535658995743,0.0110743178720251,0.00884600227987043,84
"GO:0141060","disruption of anatomical structure in another organism","53/4843","139/18860",0.000800402620518601,0.0111593912025193,0.00891395760535452,53
"GO:0044703","multi-organism reproductive process","77/4843","217/18860",0.000817083081248641,0.011324290703521,0.00904567690207932,77
"GO:0042401","biogenic amine biosynthetic process","20/4843","40/18860",0.000817644834028531,0.011324290703521,0.00904567690207932,20
"GO:0070633","transepithelial transport","20/4843","40/18860",0.000817644834028531,0.011324290703521,0.00904567690207932,20
"GO:0006937","regulation of muscle contraction","66/4843","181/18860",0.00082654835563973,0.0114223885094354,0.00912403598701775,66
"GO:0032102","negative regulation of response to external stimulus","146/4843","452/18860",0.000847025686597761,0.0116796465004711,0.00932952988754642,146
"GO:0055002","striated muscle cell development","65/4843","178/18860",0.0008624803156491,0.0118666699569791,0.00947892147461995,65
"GO:0031638","zymogen activation","26/4843","57/18860",0.00087428900434564,0.0120028210355898,0.0095876769542545,26
"GO:0035296","regulation of tube diameter","60/4843","162/18860",0.00089239498572124,0.0121980090205121,0.00974359024657453,60
"GO:0097746","blood vessel diameter maintenance","60/4843","162/18860",0.00089239498572124,0.0121980090205121,0.00974359024657453,60
"GO:0007339","binding of sperm to zona pellucida","21/4843","43/18860",0.000905442919531774,0.0123494540807442,0.00986456233384617,21
"GO:0070588","calcium ion transmembrane transport","113/4843","339/18860",0.000918528972571781,0.0125007608978641,0.00998542399455246,113
"GO:0050807","regulation of synapse organization","108/4843","322/18860",0.000924118009893258,0.012509898895252,0.00999272329250114,108
"GO:0061337","cardiac conduction","40/4843","99/18860",0.000925182194357173,0.012509898895252,0.00999272329250114,40
"GO:0072080","nephron tubule development","40/4843","99/18860",0.000925182194357173,0.012509898895252,0.00999272329250114,40
"GO:0050727","regulation of inflammatory response","148/4843","460/18860",0.000941626626514533,0.0127048719457036,0.0101484648983264,148
"GO:0050953","sensory perception of light stimulus","80/4843","228/18860",0.00095702461426895,0.0128793685950938,0.0102878502560679,80
"GO:0098869","cellular oxidant detoxification","37/4843","90/18860",0.000967122842035074,0.0128793685950938,0.0102878502560679,37
"GO:0031128","developmental induction","18/4843","35/18860",0.000968438804434123,0.0128793685950938,0.0102878502560679,18
"GO:0048265","response to pain","18/4843","35/18860",0.000968438804434123,0.0128793685950938,0.0102878502560679,18
"GO:0110110","positive regulation of animal organ morphogenesis","18/4843","35/18860",0.000968438804434123,0.0128793685950938,0.0102878502560679,18
"GO:0048511","rhythmic process","102/4843","302/18860",0.000969485285470515,0.0128793685950938,0.0102878502560679,102
"GO:0006720","isoprenoid metabolic process","47/4843","121/18860",0.000970982044226865,0.0128793685950938,0.0102878502560679,47
"GO:0022037","metencephalon development","47/4843","121/18860",0.000970982044226865,0.0128793685950938,0.0102878502560679,47
"GO:0003208","cardiac ventricle morphogenesis","31/4843","72/18860",0.000981739871862355,0.0129945906246085,0.0103798879190244,31
"GO:0003151","outflow tract morphogenesis","35/4843","84/18860",0.000984508061027974,0.0130037969997674,0.0103872418361312,35
"GO:0009880","embryonic pattern specification","33/4843","78/18860",0.000990393898529367,0.0130266903970089,0.0104055287452241,33
"GO:0072088","nephron epithelium morphogenesis","33/4843","78/18860",0.000990393898529367,0.0130266903970089,0.0104055287452241,33
"GO:0033189","response to vitamin A","10/4843","15/18860",0.0009941143927129,0.0130482713386626,0.0104227672840919,10
"GO:0009581","detection of external stimulus","57/4843","153/18860",0.00100528717274413,0.0131673731143981,0.0105179040312819,57
"GO:0032956","regulation of actin cytoskeleton organization","118/4843","357/18860",0.001017586146684,0.0133006989256155,0.0106244027288652,118
"GO:0098754","detoxification","61/4843","166/18860",0.00102038453250735,0.0133095479354493,0.010631471187805,61
"GO:0021987","cerebral cortex development","51/4843","134/18860",0.00104195065165111,0.0135626522582139,0.010833647199194,51
"GO:0050679","positive regulation of epithelial cell proliferation","78/4843","222/18860",0.00105145902770092,0.0136148778993625,0.0108753642734199,78
"GO:0060294","cilium movement involved in cell motility","78/4843","222/18860",0.00105145902770092,0.0136148778993625,0.0108753642734199,78
"GO:0002673","regulation of acute inflammatory response","23/4843","49/18860",0.00105247302856086,0.0136148778993625,0.0108753642734199,23
"GO:0035150","regulation of tube size","60/4843","163/18860",0.00106356609334545,0.0137300692791139,0.0109673774537962,60
"GO:0010092","specification of animal organ identity","19/4843","38/18860",0.00109783559267483,0.0141433686004967,0.011297514874581,19
"GO:0003071","renal system process involved in regulation of systemic arterial blood pressure","16/4843","30/18860",0.00111068628182856,0.0142796019102303,0.0114063360392273,16
"GO:2000241","regulation of reproductive process","73/4843","206/18860",0.0011438468233455,0.0146758588336803,0.0117228602431341,73
"GO:0060688","regulation of morphogenesis of a branching structure","25/4843","55/18860",0.00116099313136883,0.014865450828996,0.0118743035412395,25
"GO:0046879","hormone secretion","110/4843","331/18860",0.00119745275462938,0.0153010561762622,0.0122222586875131,110
"GO:0071320","cellular response to cAMP","26/4843","58/18860",0.00120161067721866,0.0153229784326623,0.0122397698635816,26
"GO:0009309","amine biosynthetic process","20/4843","41/18860",0.00121425910532611,0.0153306346498232,0.012245885537273,20
"GO:0042755","eating behavior","20/4843","41/18860",0.00121425910532611,0.0153306346498232,0.012245885537273,20
"GO:0032306","regulation of prostaglandin secretion","9/4843","13/18860",0.00121518178510062,0.0153306346498232,0.012245885537273,9
"GO:0061303","cornea development in camera-type eye","9/4843","13/18860",0.00121518178510062,0.0153306346498232,0.012245885537273,9
"GO:0010927","cellular component assembly involved in morphogenesis","52/4843","138/18860",0.00121687217972776,0.0153306346498232,0.012245885537273,52
"GO:0032989","cellular anatomical entity morphogenesis","52/4843","138/18860",0.00121687217972776,0.0153306346498232,0.012245885537273,52
"GO:0048864","stem cell development","36/4843","88/18860",0.00124995820985831,0.0157159074321664,0.012553635770774,36
"GO:0030856","regulation of epithelial cell differentiation","64/4843","177/18860",0.00125536342130074,0.0157523002104817,0.0125827057869744,64
"GO:0045055","regulated exocytosis","80/4843","230/18860",0.00127544086874283,0.0159399836655632,0.0127326245712038,80
"GO:0001756","somitogenesis","29/4843","67/18860",0.00127569210124018,0.0159399836655632,0.0127326245712038,29
"GO:0071277","cellular response to calcium ion","34/4843","82/18860",0.00127794258587476,0.0159399836655632,0.0127326245712038,34
"GO:0006801","superoxide metabolic process","32/4843","76/18860",0.00129155259615183,0.0160459425510031,0.0128172629708783,32
"GO:0007405","neuroblast proliferation","32/4843","76/18860",0.00129155259615183,0.0160459425510031,0.0128172629708783,32
"GO:0033198","response to ATP","17/4843","33/18860",0.00130183758309589,0.01614175690977,0.012893798071811,17
"GO:0007605","sensory perception of sound","63/4843","174/18860",0.00131178596744851,0.0162330279285443,0.0129667040195627,63
"GO:1901605","alpha-amino acid metabolic process","73/4843","207/18860",0.00132947408924592,0.0164195284171829,0.0131156778675918,73
"GO:0044706","multi-multicellular organism process","79/4843","227/18860",0.00133796478275835,0.0164919274008367,0.0131735091111829,79
"GO:0050803","regulation of synapse structure or activity","109/4843","329/18860",0.0014129258488923,0.0173817583842162,0.0138842930166692,109
"GO:0061326","renal tubule development","41/4843","104/18860",0.00142011946776126,0.0174360656374445,0.0139276728520164,41
"GO:0019227","neuronal action potential propagation","8/4843","11/18860",0.00143389060167141,0.0175023922857713,0.0139806536034356,8
"GO:0060920","cardiac pacemaker cell differentiation","8/4843","11/18860",0.00143389060167141,0.0175023922857713,0.0139806536034356,8
"GO:0097646","calcitonin family receptor signaling pathway","8/4843","11/18860",0.00143389060167141,0.0175023922857713,0.0139806536034356,8
"GO:0006869","lipid transport","147/4843","461/18860",0.00146443617650281,0.0178405292648129,0.0142507524503421,147
"GO:0035137","hindlimb morphogenesis","18/4843","36/18860",0.00147567609262048,0.0179426197773273,0.014332300850604,18
"GO:0015732","prostaglandin transport","15/4843","28/18860",0.00149152621422847,0.0180653194364275,0.0144303115341226,15
"GO:0051882","mitochondrial depolarization","15/4843","28/18860",0.00149152621422847,0.0180653194364275,0.0144303115341226,15
"GO:0085029","extracellular matrix assembly","24/4843","53/18860",0.00154199216973343,0.0186405758630203,0.0148898179091387,24
"GO:0007612","learning","59/4843","162/18860",0.00156140781397324,0.018838985817054,0.0150483048630093,59
"GO:0010002","cardioblast differentiation","11/4843","18/18860",0.00157158306061599,0.0189253591598939,0.0151172986192398,11
"GO:0051384","response to glucocorticoid","50/4843","133/18860",0.00158221317142848,0.0190168686542955,0.0151903950578161,50
"GO:0097553","calcium ion transmembrane import into cytosol","69/4843","195/18860",0.00160264957199344,0.0192020690963782,0.0153383304477722,69
"GO:0050769","positive regulation of neurogenesis","81/4843","235/18860",0.00160489393489675,0.0192020690963782,0.0153383304477722,81
"GO:0014059","regulation of dopamine secretion","13/4843","23/18860",0.00161389105322694,0.0192020690963782,0.0153383304477722,13
"GO:0006576","biogenic amine metabolic process","35/4843","86/18860",0.00161391127665926,0.0192020690963782,0.0153383304477722,35
"GO:0001539","cilium or flagellum-dependent cell motility","78/4843","225/18860",0.00161598541327505,0.0192020690963782,0.0153383304477722,78
"GO:0060285","cilium-dependent cell motility","78/4843","225/18860",0.00161598541327505,0.0192020690963782,0.0153383304477722,78
"GO:0001755","neural crest cell migration","26/4843","59/18860",0.00162951555599926,0.0192228378790063,0.0153549202459522,26
"GO:0019228","neuronal action potential","19/4843","39/18860",0.00162998880325651,0.0192228378790063,0.0153549202459522,19
"GO:0023019","signal transduction involved in regulation of gene expression","19/4843","39/18860",0.00162998880325651,0.0192228378790063,0.0153549202459522,19
"GO:0035633","maintenance of blood-brain barrier","19/4843","39/18860",0.00162998880325651,0.0192228378790063,0.0153549202459522,19
"GO:0030593","neutrophil chemotaxis","34/4843","83/18860",0.00163755965717404,0.0192758898482362,0.0153972973788992,34
"GO:0055008","cardiac muscle tissue morphogenesis","27/4843","62/18860",0.00165719299704437,0.0194364839356237,0.0155255775745355,27
"GO:0006022","aminoglycan metabolic process","33/4843","80/18860",0.00165739861421082,0.0194364839356237,0.0155255775745355,33
"GO:1903409","reactive oxygen species biosynthetic process","28/4843","65/18860",0.00167545159211075,0.019611535986759,0.0156654065790245,28
"GO:0035825","homologous recombination","29/4843","68/18860",0.00168524996823532,0.0196528964697182,0.0156984447246495,29
"GO:0050881","musculoskeletal movement","29/4843","68/18860",0.00168524996823532,0.0196528964697182,0.0156984447246495,29
"GO:0051592","response to calcium ion","53/4843","143/18860",0.00168892619094497,0.0196592262003502,0.0157035008204062,53
"GO:0021761","limbic system development","48/4843","127/18860",0.00170456135370097,0.0198044776539257,0.0158195255457511,48
"GO:0003171","atrioventricular valve development","16/4843","31/18860",0.0017522100297214,0.0202829625949669,0.0162017322810324,16
"GO:0099625","ventricular cardiac muscle cell membrane repolarization","16/4843","31/18860",0.0017522100297214,0.0202829625949669,0.0162017322810324,16
"GO:0034728","nucleosome organization","52/4843","140/18860",0.0017583609655673,0.0202965548941968,0.0162125896097967,52
"GO:0070167","regulation of biomineral tissue development","41/4843","105/18860",0.00175985429748854,0.0202965548941968,0.0162125896097967,41
"GO:0007292","female gamete generation","63/4843","176/18860",0.00181061369199661,0.0208436519331866,0.0166496026800499,63
"GO:0010001","glial cell differentiation","89/4843","263/18860",0.00183638809833312,0.0211016463900036,0.0168556848586157,89
"GO:0072089","stem cell proliferation","49/4843","131/18860",0.00197976490574234,0.0227075777305804,0.0181384791999217,49
"GO:0015837","amine transport","36/4843","90/18860",0.00200028529909053,0.0229010765811934,0.0182930432365924,36
"GO:0002027","regulation of heart rate","43/4843","112/18860",0.00203183207942777,0.0231607032010793,0.0185004291630184,43
"GO:0001977","renal system process involved in regulation of blood volume","10/4843","16/18860",0.00204141996655991,0.0231607032010793,0.0185004291630184,10
"GO:0043252","sodium-independent organic anion transport","10/4843","16/18860",0.00204141996655991,0.0231607032010793,0.0185004291630184,10
"GO:0060413","atrial septum morphogenesis","10/4843","16/18860",0.00204141996655991,0.0231607032010793,0.0185004291630184,10
"GO:0072498","embryonic skeletal joint development","10/4843","16/18860",0.00204141996655991,0.0231607032010793,0.0185004291630184,10
"GO:0003044","regulation of systemic arterial blood pressure mediated by a chemical signal","24/4843","54/18860",0.00210774103295495,0.0238269680013682,0.0190326316887596,24
"GO:2000179","positive regulation of neural precursor cell proliferation","24/4843","54/18860",0.00210774103295495,0.0238269680013682,0.0190326316887596,24
"GO:0061333","renal tubule morphogenesis","33/4843","81/18860",0.00211687463515731,0.0238871788866493,0.0190807272585838,33
"GO:0035265","organ growth","66/4843","187/18860",0.0021444730376284,0.0240765699253916,0.0192320100355333,66
"GO:0007140","male meiotic nuclear division","25/4843","57/18860",0.00215171312535667,0.0240765699253916,0.0192320100355333,25
"GO:0051480","regulation of cytosolic calcium ion concentration","25/4843","57/18860",0.00215171312535667,0.0240765699253916,0.0192320100355333,25
"GO:0002524","hypersensitivity","12/4843","21/18860",0.00215284598790958,0.0240765699253916,0.0192320100355333,12
"GO:0021516","dorsal spinal cord development","12/4843","21/18860",0.00215284598790958,0.0240765699253916,0.0192320100355333,12
"GO:0019748","secondary metabolic process","26/4843","60/18860",0.00218181015808112,0.0243570763911049,0.0194560744757899,26
"GO:0006270","DNA replication initiation","18/4843","37/18860",0.002190411292655,0.0243663837768041,0.019463509078631,18
"GO:0048048","embryonic eye morphogenesis","18/4843","37/18860",0.002190411292655,0.0243663837768041,0.019463509078631,18
"GO:0048645","animal organ formation","29/4843","69/18860",0.00220313841918563,0.0244549380720804,0.019534244947599,29
"GO:0070192","chromosome organization involved in meiotic cell cycle","28/4843","66/18860",0.00220616750857467,0.0244549380720804,0.019534244947599,28
"GO:0010876","lipid localization","152/4843","483/18860",0.00221827020797888,0.024545727133791,0.019606765915135,152
"GO:0007601","visual perception","77/4843","224/18860",0.0022342573658788,0.0246791033688796,0.0197133048905652,77
"GO:0007059","chromosome segregation","138/4843","434/18860",0.00225396432989329,0.0248530267236389,0.0198522323089852,138
"GO:0048167","regulation of synaptic plasticity","79/4843","231/18860",0.00231685836159709,0.0255017006327371,0.0203703834894991,79
"GO:0050806","positive regulation of synaptic transmission","64/4843","181/18860",0.00235577075814887,0.0258845984879615,0.0206762366661384,64
"GO:0045124","regulation of bone resorption","19/4843","40/18860",0.00236496668017706,0.0259402114535504,0.0207206594853202,19
"GO:0007626","locomotory behavior","75/4843","218/18860",0.00246358923684116,0.0269747973332311,0.0215470714735019,75
"GO:0007143","female meiotic nuclear division","20/4843","43/18860",0.00251052134644791,0.0273930624828073,0.0218811755248303,20
"GO:0052652","cyclic purine nucleotide metabolic process","20/4843","43/18860",0.00251052134644791,0.0273930624828073,0.0218811755248303,20
"GO:0070509","calcium ion import","35/4843","88/18860",0.00256595859703166,0.0279017597041966,0.0222875153854135,35
"GO:0014013","regulation of gliogenesis","42/4843","110/18860",0.00256603687429414,0.0279017597041966,0.0222875153854135,42
"GO:0061053","somite development","34/4843","85/18860",0.00262571826623128,0.0284687079999208,0.0227403853476541,34
"GO:0010524","positive regulation of calcium ion transport into cytosol","9/4843","14/18860",0.00262725245966754,0.0284687079999208,0.0227403853476541,9
"GO:0090257","regulation of muscle system process","89/4843","266/18860",0.00266487363430922,0.0288265813476829,0.0230262493156919,89
"GO:0099560","synaptic membrane adhesion","16/4843","32/18860",0.00267651921056564,0.0289027220776056,0.023087069411184,16
"GO:0031016","pancreas development","33/4843","82/18860",0.00268186968875577,0.028910739565728,0.0230934736628074,33
"GO:0009713","catechol-containing compound biosynthetic process","13/4843","24/18860",0.00269868720370897,0.028941397020027,0.0231179623865156,13
"GO:0042423","catecholamine biosynthetic process","13/4843","24/18860",0.00269868720370897,0.028941397020027,0.0231179623865156,13
"GO:0090231","regulation of spindle checkpoint","13/4843","24/18860",0.00269868720370897,0.028941397020027,0.0231179623865156,13
"GO:0035051","cardiocyte differentiation","61/4843","172/18860",0.00271128617169497,0.028941397020027,0.0231179623865156,61
"GO:0007093","mitotic cell cycle checkpoint signaling","50/4843","136/18860",0.00272156912273594,0.028941397020027,0.0231179623865156,50
"GO:0019098","reproductive behavior","22/4843","49/18860",0.0027216168699101,0.028941397020027,0.0231179623865156,22
"GO:0035094","response to nicotine","22/4843","49/18860",0.0027216168699101,0.028941397020027,0.0231179623865156,22
"GO:0042743","hydrogen peroxide metabolic process","22/4843","49/18860",0.0027216168699101,0.028941397020027,0.0231179623865156,22
"GO:0071772","response to BMP","67/4843","192/18860",0.00274492056200788,0.029061465692332,0.0232138714764681,67
"GO:0071773","cellular response to BMP stimulus","67/4843","192/18860",0.00274492056200788,0.029061465692332,0.0232138714764681,67
"GO:0051310","metaphase chromosome alignment","40/4843","104/18860",0.00274680413700237,0.029061465692332,0.0232138714764681,40
"GO:0016053","organic acid biosynthetic process","111/4843","342/18860",0.00277580087962313,0.0292624512124969,0.0233744157546932,111
"GO:0045926","negative regulation of growth","78/4843","229/18860",0.00277693952908716,0.0292624512124969,0.0233744157546932,78
"GO:0045665","negative regulation of neuron differentiation","31/4843","76/18860",0.00277979294272364,0.0292624512124969,0.0233744157546932,31
"GO:0140353","lipid export from cell","23/4843","52/18860",0.00279150742111609,0.0293365453267711,0.0234336010436987,23
"GO:0010543","regulation of platelet activation","24/4843","55/18860",0.00284070715031196,0.0297539176311473,0.0237669919034096,24
"GO:0042551","neuron maturation","24/4843","55/18860",0.00284070715031196,0.0297539176311473,0.0237669919034096,24
"GO:0050879","multicellular organismal movement","29/4843","70/18860",0.00285142276216556,0.0298163773497112,0.0238168838081934,29
"GO:0006957","complement activation, alternative pathway","11/4843","19/18860",0.00286995977289772,0.029905038004863,0.0238877046358661,11
"GO:0046068","cGMP metabolic process","11/4843","19/18860",0.00286995977289772,0.029905038004863,0.0238877046358661,11
"GO:0017156","calcium-ion regulated exocytosis","28/4843","67/18860",0.00287420113435327,0.029905038004863,0.0238877046358661,28
"GO:0046394","carboxylic acid biosynthetic process","110/4843","339/18860",0.00291552418891995,0.0302847661610659,0.0241910259035342,110
"GO:0021954","central nervous system neuron development","38/4843","98/18860",0.00292974977705889,0.0303822315723429,0.024268879840935,38
"GO:0098810","neurotransmitter reuptake","17/4843","35/18860",0.00294704260677727,0.0305111308827073,0.024371842714724,17
"GO:0042303","molting cycle","47/4843","127/18860",0.00308449313429738,0.0318291281654305,0.0254246395643868,47
"GO:0042633","hair cycle","47/4843","127/18860",0.00308449313429738,0.0318291281654305,0.0254246395643868,47
"GO:0001503","ossification","143/4843","455/18860",0.00309798651470587,0.0319158742089731,0.0254939310284585,143
"GO:0001656","metanephros development","36/4843","92/18860",0.00311145975542758,0.0320021286976273,0.0255628298457131,36
"GO:0048730","epidermis morphogenesis","18/4843","38/18860",0.00317372942263714,0.0325359124144206,0.0259892084299543,18
"GO:0086005","ventricular cardiac muscle cell action potential","18/4843","38/18860",0.00317372942263714,0.0325359124144206,0.0259892084299543,18
"GO:0035313","wound healing, spreading of epidermal cells","14/4843","27/18860",0.00318828693058095,0.0325601913911917,0.026008602119602,14
"GO:0090280","positive regulation of calcium ion import","14/4843","27/18860",0.00318828693058095,0.0325601913911917,0.026008602119602,14
"GO:0007162","negative regulation of cell adhesion","106/4843","326/18860",0.00319166683225739,0.0325601913911917,0.026008602119602,106
"GO:0001794","type IIa hypersensitivity","8/4843","12/18860",0.00333222068443741,0.0331846866256513,0.0265074397303367,8
"GO:0002357","defense response to tumor cell","8/4843","12/18860",0.00333222068443741,0.0331846866256513,0.0265074397303367,8
"GO:0002445","type II hypersensitivity","8/4843","12/18860",0.00333222068443741,0.0331846866256513,0.0265074397303367,8
"GO:0003207","cardiac chamber formation","8/4843","12/18860",0.00333222068443741,0.0331846866256513,0.0265074397303367,8
"GO:0007320","insemination","8/4843","12/18860",0.00333222068443741,0.0331846866256513,0.0265074397303367,8
"GO:0033605","positive regulation of catecholamine secretion","8/4843","12/18860",0.00333222068443741,0.0331846866256513,0.0265074397303367,8
"GO:0048484","enteric nervous system development","8/4843","12/18860",0.00333222068443741,0.0331846866256513,0.0265074397303367,8
"GO:0060272","embryonic skeletal joint morphogenesis","8/4843","12/18860",0.00333222068443741,0.0331846866256513,0.0265074397303367,8
"GO:0060379","cardiac muscle cell myoblast differentiation","8/4843","12/18860",0.00333222068443741,0.0331846866256513,0.0265074397303367,8
"GO:0061140","lung secretory cell differentiation","8/4843","12/18860",0.00333222068443741,0.0331846866256513,0.0265074397303367,8
"GO:0086015","SA node cell action potential","8/4843","12/18860",0.00333222068443741,0.0331846866256513,0.0265074397303367,8
"GO:0086018","SA node cell to atrial cardiac muscle cell signaling","8/4843","12/18860",0.00333222068443741,0.0331846866256513,0.0265074397303367,8
"GO:0090232","positive regulation of spindle checkpoint","8/4843","12/18860",0.00333222068443741,0.0331846866256513,0.0265074397303367,8
"GO:0098870","action potential propagation","8/4843","12/18860",0.00333222068443741,0.0331846866256513,0.0265074397303367,8
"GO:1990918","double-strand break repair involved in meiotic recombination","8/4843","12/18860",0.00333222068443741,0.0331846866256513,0.0265074397303367,8
"GO:0071621","granulocyte chemotaxis","45/4843","121/18860",0.00334707427894339,0.0332797845104451,0.0265834025223947,45
"GO:0003203","endocardial cushion morphogenesis","19/4843","41/18860",0.00335875958573012,0.033343129178593,0.0266340013118939,19
"GO:0030500","regulation of bone mineralization","33/4843","83/18860",0.00337111430959972,0.0334129086547056,0.0266897401313782,33
"GO:0051145","smooth muscle cell differentiation","32/4843","80/18860",0.00345098823661268,0.0341506312247759,0.0272790220729088,32
"GO:0045765","regulation of angiogenesis","117/4843","365/18860",0.0034596457740934,0.0341823899002551,0.0273043904359033,117
"GO:0009187","cyclic nucleotide metabolic process","20/4843","44/18860",0.00350525427882575,0.0345242784071472,0.0275774859480945,20
"GO:0032309","icosanoid secretion","20/4843","44/18860",0.00350525427882575,0.0345242784071472,0.0275774859480945,20
"GO:0060411","cardiac septum morphogenesis","31/4843","77/18860",0.00352580772610929,0.0346192684455562,0.0276533625940461,31
"GO:0007613","memory","48/4843","131/18860",0.00352593441770966,0.0346192684455562,0.0276533625940461,48
"GO:0001942","hair follicle development","38/4843","99/18860",0.00359613186392144,0.0351554174388359,0.0280816305263657,38
"GO:0060512","prostate gland morphogenesis","15/4843","30/18860",0.0036127351991488,0.0351554174388359,0.0280816305263657,15
"GO:0071467","cellular response to pH","15/4843","30/18860",0.0036127351991488,0.0351554174388359,0.0280816305263657,15
"GO:0001504","neurotransmitter uptake","21/4843","47/18860",0.00361676888272825,0.0351554174388359,0.0280816305263657,21
"GO:0095500","acetylcholine receptor signaling pathway","21/4843","47/18860",0.00361676888272825,0.0351554174388359,0.0280816305263657,21
"GO:1902692","regulation of neuroblast proliferation","21/4843","47/18860",0.00361676888272825,0.0351554174388359,0.0280816305263657,21
"GO:0046883","regulation of hormone secretion","90/4843","272/18860",0.00361976405251641,0.0351554174388359,0.0280816305263657,90
"GO:0007530","sex determination","12/4843","22/18860",0.0036368528664525,0.0351581123021926,0.0280837831435899,12
"GO:0044241","lipid digestion","12/4843","22/18860",0.0036368528664525,0.0351581123021926,0.0280837831435899,12
"GO:0051900","regulation of mitochondrial depolarization","12/4843","22/18860",0.0036368528664525,0.0351581123021926,0.0280837831435899,12
"GO:0002274","myeloid leukocyte activation","85/4843","255/18860",0.00366839773909801,0.0354085037155399,0.0282837921228269,85
"GO:0030219","megakaryocyte differentiation","28/4843","68/18860",0.00370646695063585,0.0357210040680327,0.0285334128094062,28
"GO:0098900","regulation of action potential","27/4843","65/18860",0.00374663216726425,0.0360527150573864,0.0287983786702375,27
"GO:0051961","negative regulation of nervous system development","54/4843","151/18860",0.00375435429566579,0.0360716980873004,0.0288135420354071,54
"GO:0071168","protein localization to chromatin","26/4843","62/18860",0.0037734905936099,0.0361969872531528,0.0289136211788434,26
"GO:0031297","replication fork processing","25/4843","59/18860",0.00378470252439723,0.0361969872531528,0.0289136211788434,25
"GO:0086065","cell communication involved in cardiac conduction","25/4843","59/18860",0.00378470252439723,0.0361969872531528,0.0289136211788434,25
"GO:0007620","copulation","10/4843","17/18860",0.00382130272062127,0.0362157904368246,0.0289286408854792,10
"GO:0015671","oxygen transport","10/4843","17/18860",0.00382130272062127,0.0362157904368246,0.0289286408854792,10
"GO:0021535","cell migration in hindbrain","10/4843","17/18860",0.00382130272062127,0.0362157904368246,0.0289286408854792,10
"GO:0032310","prostaglandin secretion","10/4843","17/18860",0.00382130272062127,0.0362157904368246,0.0289286408854792,10
"GO:0044771","meiotic cell cycle phase transition","10/4843","17/18860",0.00382130272062127,0.0362157904368246,0.0289286408854792,10
"GO:0051917","regulation of fibrinolysis","10/4843","17/18860",0.00382130272062127,0.0362157904368246,0.0289286408854792,10
"GO:0010644","cell communication by electrical coupling","16/4843","33/18860",0.00397033721289012,0.037458489734846,0.0299212908121406,16
"GO:0048710","regulation of astrocyte differentiation","16/4843","33/18860",0.00397033721289012,0.037458489734846,0.0299212908121406,16
"GO:0061036","positive regulation of cartilage development","16/4843","33/18860",0.00397033721289012,0.037458489734846,0.0299212908121406,16
"GO:0032412","regulation of monoatomic ion transmembrane transporter activity","34/4843","87/18860",0.00408579363462007,0.0384498365456796,0.0307131640679128,34
"GO:0001788","antibody-dependent cellular cytotoxicity","7/4843","10/18860",0.00412444054753624,0.0384498365456796,0.0307131640679128,7
"GO:0014848","urinary tract smooth muscle contraction","7/4843","10/18860",0.00412444054753624,0.0384498365456796,0.0307131640679128,7
"GO:0048845","venous blood vessel morphogenesis","7/4843","10/18860",0.00412444054753624,0.0384498365456796,0.0307131640679128,7
"GO:0048865","stem cell fate commitment","7/4843","10/18860",0.00412444054753624,0.0384498365456796,0.0307131640679128,7
"GO:0060371","regulation of atrial cardiac muscle cell membrane depolarization","7/4843","10/18860",0.00412444054753624,0.0384498365456796,0.0307131640679128,7
"GO:0099538","synaptic signaling via neuropeptide","7/4843","10/18860",0.00412444054753624,0.0384498365456796,0.0307131640679128,7
"GO:1903596","regulation of gap junction assembly","7/4843","10/18860",0.00412444054753624,0.0384498365456796,0.0307131640679128,7
"GO:0015908","fatty acid transport","44/4843","119/18860",0.00417698655639166,0.0388819193691414,0.0310583054739664,44
"GO:0060048","cardiac muscle contraction","55/4843","155/18860",0.00419091785605336,0.0389538053761167,0.0311157269593295,55
"GO:0034109","homotypic cell-cell adhesion","39/4843","103/18860",0.0042288408363812,0.0392481470524492,0.0313508427623963,39
"GO:0007617","mating behavior","17/4843","36/18860",0.00426352843523335,0.0395116357498583,0.03156131365956,17
"GO:0007498","mesoderm development","51/4843","142/18860",0.00431023423087734,0.0396673581216193,0.0316857024003875,51
"GO:0042744","hydrogen peroxide catabolic process","13/4843","25/18860",0.00431194425230226,0.0396673581216193,0.0316857024003875,13
"GO:0048714","positive regulation of oligodendrocyte differentiation","13/4843","25/18860",0.00431194425230226,0.0396673581216193,0.0316857024003875,13
"GO:0050927","positive regulation of positive chemotaxis","13/4843","25/18860",0.00431194425230226,0.0396673581216193,0.0316857024003875,13
"GO:0072677","eosinophil migration","13/4843","25/18860",0.00431194425230226,0.0396673581216193,0.0316857024003875,13
"GO:0022612","gland morphogenesis","47/4843","129/18860",0.00437200288891338,0.0401609752928881,0.0320799965386709,47
"GO:0060349","bone morphogenesis","38/4843","100/18860",0.00438766991387505,0.0402459664322398,0.032147886211079,38
"GO:0006958","complement activation, classical pathway","18/4843","39/18860",0.00449693566782055,0.0411279509911168,0.0328524025080461,18
"GO:0050433","regulation of catecholamine secretion","18/4843","39/18860",0.00449693566782055,0.0411279509911168,0.0328524025080461,18
"GO:0015844","monoamine transport","30/4843","75/18860",0.00454202822051114,0.0414798909104613,0.0331335269407087,30
"GO:1901342","regulation of vasculature development","119/4843","375/18860",0.00463764805191736,0.0422703632029888,0.0337649445849085,119
"GO:0050918","positive chemotaxis","29/4843","72/18860",0.0046420593316639,0.0422703632029888,0.0337649445849085,29
"GO:0010721","negative regulation of cell development","94/4843","288/18860",0.00465438774197505,0.0423212010045673,0.0338055530732924,94
"GO:0032411","positive regulation of transporter activity","19/4843","42/18860",0.00467619178362871,0.042335392857845,0.0338168893170142,19
"GO:0032892","positive regulation of organic acid transport","19/4843","42/18860",0.00467619178362871,0.042335392857845,0.0338168893170142,19
"GO:0071398","cellular response to fatty acid","19/4843","42/18860",0.00467619178362871,0.042335392857845,0.0338168893170142,19
"GO:0010812","negative regulation of cell-substrate adhesion","28/4843","69/18860",0.00473313033796769,0.0427891350726358,0.0341793319263828,28
"GO:0045005","DNA-templated DNA replication maintenance of fidelity","27/4843","66/18860",0.00481310770020319,0.043449550663417,0.0347068621895757,27
"GO:0060326","cell chemotaxis","106/4843","330/18860",0.00483892031239488,0.0435542546396124,0.0347904981861978,106
"GO:0006940","regulation of smooth muscle contraction","26/4843","63/18860",0.00487954108508994,0.0435542546396124,0.0347904981861978,26
"GO:0051785","positive regulation of nuclear division","26/4843","63/18860",0.00487954108508994,0.0435542546396124,0.0347904981861978,26
"GO:0002675","positive regulation of acute inflammatory response","14/4843","28/18860",0.00488504764693344,0.0435542546396124,0.0347904981861978,14
"GO:0003272","endocardial cushion formation","14/4843","28/18860",0.00488504764693344,0.0435542546396124,0.0347904981861978,14
"GO:0044342","type B pancreatic cell proliferation","14/4843","28/18860",0.00488504764693344,0.0435542546396124,0.0347904981861978,14
"GO:0060065","uterus development","14/4843","28/18860",0.00488504764693344,0.0435542546396124,0.0347904981861978,14
"GO:0061383","trabecula morphogenesis","21/4843","48/18860",0.00489587385316907,0.0435542546396124,0.0347904981861978,21
"GO:0006865","amino acid transport","58/4843","166/18860",0.00490243697592199,0.0435542546396124,0.0347904981861978,58
"GO:0010522","regulation of calcium ion transport into cytosol","11/4843","20/18860",0.00490801052441919,0.0435542546396124,0.0347904981861978,11
"GO:0060749","mammary gland alveolus development","11/4843","20/18860",0.00490801052441919,0.0435542546396124,0.0347904981861978,11
"GO:0061377","mammary gland lobule development","11/4843","20/18860",0.00490801052441919,0.0435542546396124,0.0347904981861978,11
"GO:0007131","reciprocal meiotic recombination","25/4843","60/18860",0.0049296256431944,0.0436226675393535,0.0348451454045706,25
"GO:0140527","reciprocal homologous recombination","25/4843","60/18860",0.0049296256431944,0.0436226675393535,0.0348451454045706,25
"GO:0042476","odontogenesis","48/4843","133/18860",0.00494269094358656,0.0436269216721744,0.0348485435433154,48
"GO:0045776","negative regulation of blood pressure","22/4843","51/18860",0.00494762052206912,0.0436269216721744,0.0348485435433154,22
"GO:0072330","monocarboxylic acid biosynthetic process","79/4843","237/18860",0.00495096720283522,0.0436269216721744,0.0348485435433154,79
"GO:0090102","cochlea development","24/4843","57/18860",0.0049601633150005,0.0436466544716875,0.0348643058134161,24
"GO:0060348","bone development","74/4843","220/18860",0.00497573564739459,0.0437223605766858,0.0349247787369094,74
"GO:0022898","regulation of transmembrane transporter activity","34/4843","88/18860",0.00504272680643499,0.0439349576276749,0.0350945981352214,34
"GO:0120193","tight junction organization","34/4843","88/18860",0.00504272680643499,0.0439349576276749,0.0350945981352214,34
"GO:0048593","camera-type eye morphogenesis","51/4843","143/18860",0.00505684355693899,0.0439349576276749,0.0350945981352214,51
"GO:0002934","desmosome organization","9/4843","15/18860",0.00507695956009951,0.0439349576276749,0.0350945981352214,9
"GO:0010454","negative regulation of cell fate commitment","9/4843","15/18860",0.00507695956009951,0.0439349576276749,0.0350945981352214,9
"GO:0016322","neuron remodeling","9/4843","15/18860",0.00507695956009951,0.0439349576276749,0.0350945981352214,9
"GO:0032905","transforming growth factor beta1 production","9/4843","15/18860",0.00507695956009951,0.0439349576276749,0.0350945981352214,9
"GO:0034501","protein localization to kinetochore","9/4843","15/18860",0.00507695956009951,0.0439349576276749,0.0350945981352214,9
"GO:0048935","peripheral nervous system neuron development","9/4843","15/18860",0.00507695956009951,0.0439349576276749,0.0350945981352214,9
"GO:0072148","epithelial cell fate commitment","9/4843","15/18860",0.00507695956009951,0.0439349576276749,0.0350945981352214,9
"GO:1903083","protein localization to condensed chromosome","9/4843","15/18860",0.00507695956009951,0.0439349576276749,0.0350945981352214,9
"GO:0045637","regulation of myeloid cell differentiation","76/4843","227/18860",0.00509548610513489,0.0440345452115927,0.0351741472329233,76
"GO:1905954","positive regulation of lipid localization","39/4843","104/18860",0.00511806285600849,0.0441688120475891,0.0352813976072633,39
"GO:0007229","integrin-mediated signaling pathway","43/4843","117/18860",0.00520305584158191,0.0448218925580368,0.0358030687161407,43
"GO:0032370","positive regulation of lipid transport","33/4843","85/18860",0.00520802672534409,0.0448218925580368,0.0358030687161407,33
"GO:0034446","substrate adhesion-dependent cell spreading","38/4843","101/18860",0.00532227524496641,0.0457424039546839,0.0365383596846216,38
"GO:0007588","excretion","15/4843","31/18860",0.00535697754548699,0.045820761424197,0.0366009504791037,15
"GO:0034508","centromere complex assembly","15/4843","31/18860",0.00535697754548699,0.045820761424197,0.0366009504791037,15
"GO:0042430","indole-containing compound metabolic process","15/4843","31/18860",0.00535697754548699,0.045820761424197,0.0366009504791037,15
"GO:0042886","amide transport","108/4843","338/18860",0.00536060549655094,0.045820761424197,0.0366009504791037,108
"GO:0014032","neural crest cell development","32/4843","82/18860",0.00537208700120798,0.0458564270007876,0.0366294396172591,32
"GO:1903825","organic acid transmembrane transport","56/4843","160/18860",0.00540218131799914,0.0460506597678351,0.0367845898955863,56
"GO:0007338","single fertilization","67/4843","197/18860",0.00546545268840591,0.0465267980557106,0.0371649221588239,67
"GO:1990868","response to chemokine","37/4843","98/18860",0.00553121892265094,0.0469592253324926,0.0375103387091249,37
"GO:1990869","cellular response to chemokine","37/4843","98/18860",0.00553121892265094,0.0469592253324926,0.0375103387091249,37
"GO:0055007","cardiac muscle cell differentiation","49/4843","137/18860",0.0055519123196097,0.0470712133692314,0.0375997931062045,49
"GO:0008277","regulation of G protein-coupled receptor signaling pathway","58/4843","167/18860",0.00566485597230815,0.0479492281025557,0.0383011383648923,58
"GO:0046887","positive regulation of hormone secretion","55/4843","157/18860",0.00567075665478105,0.0479492281025557,0.0383011383648923,55
"GO:0002028","regulation of sodium ion transport","30/4843","76/18860",0.00569131209732906,0.0480582666199765,0.0383882367293103,30
"GO:0031069","hair follicle morphogenesis","16/4843","34/18860",0.00573418675838302,0.0482903190900605,0.0385735968303236,16
"GO:0086011","membrane repolarization during action potential","16/4843","34/18860",0.00573418675838302,0.0482903190900605,0.0385735968303236,16
"GO:0007589","body fluid secretion","36/4843","95/18860",0.00574446662638996,0.0483120423779767,0.0385909490732928,36
"GO:0014821","phasic smooth muscle contraction","12/4843","23/18860",0.00584372029906221,0.0487546557929738,0.0389445021610235,12
"GO:0031290","retinal ganglion cell axon guidance","12/4843","23/18860",0.00584372029906221,0.0487546557929738,0.0389445021610235,12
"GO:0034114","regulation of heterotypic cell-cell adhesion","12/4843","23/18860",0.00584372029906221,0.0487546557929738,0.0389445021610235,12
"GO:0061687","detoxification of inorganic compound","12/4843","23/18860",0.00584372029906221,0.0487546557929738,0.0389445021610235,12
"GO:0090266","regulation of mitotic cell cycle spindle assembly checkpoint","12/4843","23/18860",0.00584372029906221,0.0487546557929738,0.0389445021610235,12
"GO:1903504","regulation of mitotic spindle checkpoint","12/4843","23/18860",0.00584372029906221,0.0487546557929738,0.0389445021610235,12
"GO:0051588","regulation of neurotransmitter transport","40/4843","108/18860",0.00590912352688057,0.0491846414655293,0.0392879683937696,40
"GO:0050768","negative regulation of neurogenesis","51/4843","144/18860",0.00591093714775408,0.0491846414655293,0.0392879683937696,51
"GO:0030071","regulation of mitotic metaphase/anaphase transition","35/4843","92/18860",0.00596147903277192,0.0493854280784373,0.0394483537878026,35
"GO:0033273","response to vitamin","35/4843","92/18860",0.00596147903277192,0.0493854280784373,0.0394483537878026,35
"GO:0060021","roof of mouth development","35/4843","92/18860",0.00596147903277192,0.0493854280784373,0.0394483537878026,35
"GO:0019722","calcium-mediated signaling","80/4843","242/18860",0.00596655315324442,0.0493854280784373,0.0394483537878026,80
"GO:0006910","phagocytosis, recognition","17/4843","37/18860",0.00602567800642497,0.0496781916061896,0.0396822089889886,17
"GO:0090183","regulation of kidney development","17/4843","37/18860",0.00602567800642497,0.0496781916061896,0.0396822089889886,17
"GO:2000352","negative regulation of endothelial cell apoptotic process","17/4843","37/18860",0.00602567800642497,0.0496781916061896,0.0396822089889886,17
"GO:0045766","positive regulation of angiogenesis","65/4843","191/18860",0.0060402767409819,0.049733197208557,0.0397261466553596,65
